datetime;(('bus_gen', 'storage'), 'flow');(('storage', '0'), 'delta');(('storage', '0'), 'delta_out');(('storage', '1'), 'delta');(('storage', '1'), 'delta_out');P_in;P_in_stor;P_out;P_out_stor;(('storage', 'None'), 'Y_p_in');(('storage', 'None'), 'Y_p_out');soc;(('storage', 'bus_dem'), 'flow');eta_in;eta_out
2021-12-07 00:00:00;0.0;1.0;1.0;0.0;0.0;0.0;0.0;0.0;0.0;0.0;0.0;0.0;0.0;;
2021-12-07 01:00:00;0.0;1.0;1.0;0.0;0.0;0.0;0.0;0.0;0.0;0.0;0.0;0.0;0.0;;
2021-12-07 02:00:00;0.0;1.0;1.0;0.0;0.0;0.0;0.0;0.0;0.0;0.0;0.0;0.0;0.0;;
2021-12-07 03:00:00;0.0;1.0;1.0;0.0;0.0;0.0;0.0;0.0;0.0;0.0;0.0;0.0;0.0;;
2021-12-07 04:00:00;0.0;1.0;1.0;0.0;0.0;0.0;0.0;0.0;0.0;0.0;0.0;0.0;0.0;;
2021-12-07 05:00:00;0.0;1.0;1.0;0.0;0.0;0.0;0.0;0.0;0.0;0.0;0.0;0.0;0.0;;
2021-12-07 06:00:00;0.0;1.0;1.0;0.0;0.0;0.0;0.0;0.0;0.0;0.0;0.0;0.0;0.0;;
2021-12-07 07:00:00;0.0;1.0;1.0;0.0;0.0;0.0;0.0;0.0;0.0;0.0;0.0;0.0;0.0;;
2021-12-07 08:00:00;0.0;1.0;1.0;0.0;0.0;0.0;0.0;0.0;0.0;0.0;0.0;0.0;0.0;;
2021-12-07 09:00:00;0.0;1.0;1.0;0.0;0.0;0.0;0.0;0.0;0.0;0.0;0.0;0.0;0.0;;
2021-12-07 10:00:00;86.68211437499997;0.0;1.0;1.0;0.0;86.68211437499997;69.88242563209826;0.0;0.0;1.0;0.0;69.88242563209826;0.0;0.8061919824633752;
2021-12-07 11:00:00;129.29880000000003;0.0;1.0;1.0;0.0;129.29880000000003;104.84460000000004;0.0;0.0;1.0;0.0;174.7270256320983;0.0;0.810870634530251;
2021-12-07 12:00:00;129.29880000000003;0.0;1.0;1.0;0.0;129.29880000000003;104.84460000000004;0.0;0.0;1.0;0.0;279.57162563209835;0.0;0.810870634530251;
2021-12-07 13:00:00;129.29880000000003;0.0;1.0;1.0;0.0;129.29880000000003;104.84460000000006;0.0;0.0;1.0;0.0;384.4162256320984;0.0;0.8108706345302511;
2021-12-07 14:00:00;129.29880000000003;0.0;1.0;1.0;0.0;129.29880000000003;104.84460000000006;0.0;0.0;1.0;0.0;489.2608256320985;0.0;0.8108706345302511;
2021-12-07 15:00:00;119.68747124999993;0.0;1.0;1.0;0.0;119.68747124999993;96.95959095397498;0.0;0.0;1.0;0.0;586.2204165860735;0.0;0.8101064375522516;
2021-12-07 16:00:00;56.79932412499994;0.0;1.0;1.0;0.0;56.79932412499994;45.366973339228075;0.0;0.0;1.0;0.0;631.5873899253015;0.0;0.7987238235333161;
2021-12-07 17:00:00;0.0;1.0;1.0;0.0;0.0;0.0;0.0;0.0;0.0;0.0;0.0;631.5873899253015;0.0;;
2021-12-07 18:00:00;0.0;1.0;1.0;0.0;0.0;0.0;0.0;0.0;0.0;0.0;0.0;631.5873899253015;0.0;;
2021-12-07 19:00:00;0.0;1.0;1.0;0.0;0.0;0.0;0.0;0.0;0.0;0.0;0.0;631.5873899253015;0.0;;
2021-12-07 20:00:00;0.0;1.0;1.0;0.0;0.0;0.0;0.0;0.0;0.0;0.0;0.0;631.5873899253015;0.0;;
2021-12-07 21:00:00;0.0;1.0;1.0;0.0;0.0;0.0;0.0;0.0;0.0;0.0;0.0;631.5873899253015;0.0;;
2021-12-07 22:00:00;0.0;1.0;1.0;0.0;0.0;0.0;0.0;0.0;0.0;0.0;0.0;631.5873899253015;0.0;;
2021-12-07 23:00:00;0.0;1.0;1.0;0.0;0.0;0.0;0.0;0.0;0.0;0.0;0.0;631.5873899253015;0.0;;
2021-12-08 00:00:00;0.0;1.0;1.0;0.0;0.0;0.0;0.0;0.0;0.0;0.0;0.0;631.5873899253015;0.0;;
2021-12-08 01:00:00;0.0;1.0;1.0;0.0;0.0;0.0;0.0;0.0;0.0;0.0;0.0;631.5873899253015;0.0;;
2021-12-08 02:00:00;0.0;1.0;1.0;0.0;0.0;0.0;0.0;0.0;0.0;0.0;0.0;631.5873899253015;0.0;;
2021-12-08 03:00:00;0.0;1.0;1.0;0.0;0.0;0.0;0.0;0.0;0.0;0.0;0.0;631.5873899253015;0.0;;
2021-12-08 04:00:00;0.0;1.0;0.0;0.0;1.0;0.0;0.0;184.37845933864625;213.71096018258953;0.0;1.0;417.876429742712;184.37845933864625;;0.8627468576301267
2021-12-08 05:00:00;0.0;1.0;1.0;0.0;0.0;0.0;0.0;28.0;36.036;0.0;1.0;381.840429742712;28.0;;0.777000777000777
2021-12-08 06:00:00;0.0;1.0;0.0;0.0;1.0;0.0;0.0;221.06000000000017;255.38800000000018;0.0;1.0;126.45242974271184;221.06000000000017;;0.8655849139348757
2021-12-08 07:00:00;0.0;1.0;1.0;0.0;0.0;0.0;0.0;0.0;0.0;0.0;0.0;126.45242974271184;0.0;;
2021-12-08 08:00:00;0.0;1.0;1.0;0.0;0.0;0.0;0.0;0.0;0.0;0.0;0.0;126.45242974271184;0.0;;
2021-12-08 09:00:00;0.0;1.0;1.0;0.0;0.0;0.0;0.0;0.0;0.0;0.0;0.0;126.45242974271184;0.0;;
2021-12-08 10:00:00;0.0;1.0;1.0;0.0;0.0;0.0;0.0;0.0;0.0;0.0;0.0;126.45242974271184;0.0;;
2021-12-08 11:00:00;0.0;1.0;1.0;0.0;0.0;0.0;0.0;0.0;0.0;0.0;0.0;126.45242974271184;0.0;;
2021-12-08 12:00:00;0.0;1.0;1.0;0.0;0.0;0.0;0.0;0.0;0.0;0.0;0.0;126.45242974271184;0.0;;
2021-12-08 13:00:00;0.0;1.0;1.0;0.0;0.0;0.0;0.0;0.0;0.0;0.0;0.0;126.45242974271184;0.0;;
2021-12-08 14:00:00;0.0;1.0;1.0;0.0;0.0;0.0;0.0;0.0;0.0;0.0;0.0;126.45242974271184;0.0;;
2021-12-08 15:00:00;0.0;1.0;1.0;0.0;0.0;0.0;0.0;0.0;0.0;0.0;0.0;126.45242974271184;0.0;;
2021-12-08 16:00:00;0.0;1.0;1.0;0.0;0.0;0.0;0.0;0.0;0.0;0.0;0.0;126.45242974271184;0.0;;
2021-12-08 17:00:00;0.0;1.0;1.0;0.0;0.0;0.0;0.0;0.0;0.0;0.0;0.0;126.45242974271184;0.0;;
2021-12-08 18:00:00;0.0;1.0;1.0;0.0;0.0;0.0;0.0;0.0;0.0;0.0;0.0;126.45242974271184;0.0;;
2021-12-08 19:00:00;0.0;1.0;1.0;0.0;0.0;0.0;0.0;0.0;0.0;0.0;0.0;126.45242974271184;0.0;;
2021-12-08 20:00:00;0.0;1.0;1.0;0.0;0.0;0.0;0.0;0.0;0.0;0.0;0.0;126.45242974271184;0.0;;
2021-12-08 21:00:00;0.0;1.0;1.0;0.0;0.0;0.0;0.0;0.0;0.0;0.0;0.0;126.45242974271184;0.0;;
2021-12-08 22:00:00;0.0;1.0;1.0;0.0;0.0;0.0;0.0;0.0;0.0;0.0;0.0;126.45242974271184;0.0;;
2021-12-08 23:00:00;0.0;1.0;1.0;0.0;0.0;0.0;0.0;0.0;0.0;0.0;0.0;126.45242974271184;0.0;;
2021-12-09 00:00:00;0.0;1.0;1.0;0.0;0.0;0.0;0.0;0.0;0.0;0.0;0.0;126.45242974271184;0.0;;
2021-12-09 01:00:00;0.0;1.0;1.0;0.0;0.0;0.0;0.0;0.0;0.0;0.0;0.0;126.45242974271184;0.0;;
2021-12-09 02:00:00;0.0;1.0;1.0;0.0;0.0;0.0;0.0;0.0;0.0;0.0;0.0;126.45242974271184;0.0;;
2021-12-09 03:00:00;0.0;1.0;1.0;0.0;0.0;0.0;0.0;0.0;0.0;0.0;0.0;126.45242974271184;0.0;;
2021-12-09 04:00:00;0.0;1.0;1.0;0.0;0.0;0.0;0.0;0.0;0.0;0.0;0.0;126.45242974271184;0.0;;
2021-12-09 05:00:00;0.0;1.0;1.0;0.0;0.0;0.0;0.0;0.0;0.0;0.0;0.0;126.45242974271184;0.0;;
2021-12-09 06:00:00;0.0;1.0;1.0;0.0;0.0;0.0;0.0;0.0;0.0;0.0;0.0;126.45242974271184;0.0;;
2021-12-09 07:00:00;0.0;1.0;1.0;0.0;0.0;0.0;0.0;0.0;0.0;0.0;0.0;126.45242974271184;0.0;;
2021-12-09 08:00:00;0.0;1.0;1.0;0.0;0.0;0.0;0.0;0.0;0.0;0.0;0.0;126.45242974271184;0.0;;
2021-12-09 09:00:00;0.0;1.0;1.0;0.0;0.0;0.0;0.0;0.0;0.0;0.0;0.0;126.45242974271184;0.0;;
2021-12-09 10:00:00;0.0;1.0;1.0;0.0;0.0;0.0;0.0;0.0;0.0;0.0;0.0;126.45242974271184;0.0;;
2021-12-09 11:00:00;0.0;1.0;1.0;0.0;0.0;0.0;0.0;0.0;0.0;0.0;0.0;126.45242974271184;0.0;;
2021-12-09 12:00:00;0.0;1.0;1.0;0.0;0.0;0.0;0.0;0.0;0.0;0.0;0.0;126.45242974271184;0.0;;
2021-12-09 13:00:00;50.96162337499993;0.0;1.0;1.0;0.0;50.96162337499993;40.57779960279368;0.0;0.0;1.0;0.0;167.03022934550552;0.0;0.79624228812734;
2021-12-09 14:00:00;108.10445174999995;0.0;1.0;1.0;0.0;108.10445174999995;87.45703247185217;0.0;0.0;1.0;0.0;254.48726181735768;0.0;0.8090049119725748;
2021-12-09 15:00:00;107.68334599999991;0.0;1.0;1.0;0.0;107.68334599999991;87.11156279388663;0.0;0.0;1.0;0.0;341.5988246112443;0.0;0.8089604013037142;
2021-12-09 16:00:00;82.59102799999994;0.0;1.0;1.0;0.0;82.59102799999994;66.52615160235553;0.0;0.0;1.0;0.0;408.12497621359984;0.0;0.8054888431992344;
2021-12-09 17:00:00;55.134103749999895;0.0;1.0;1.0;0.0;55.134103749999895;44.00084821105571;0.0;0.0;1.0;0.0;452.12582442465555;0.0;0.7980695289901361;
2021-12-09 18:00:00;0.0;1.0;1.0;0.0;0.0;0.0;0.0;0.0;0.0;0.0;0.0;452.12582442465555;0.0;;
2021-12-09 19:00:00;0.0;1.0;1.0;0.0;0.0;0.0;0.0;0.0;0.0;0.0;0.0;452.12582442465555;0.0;;
2021-12-09 20:00:00;0.0;1.0;1.0;0.0;0.0;0.0;0.0;0.0;0.0;0.0;0.0;452.12582442465555;0.0;;
2021-12-09 21:00:00;0.0;1.0;1.0;0.0;0.0;0.0;0.0;0.0;0.0;0.0;0.0;452.12582442465555;0.0;;
2021-12-09 22:00:00;0.0;1.0;1.0;0.0;0.0;0.0;0.0;0.0;0.0;0.0;0.0;452.12582442465555;0.0;;
2021-12-09 23:00:00;0.0;1.0;1.0;0.0;0.0;0.0;0.0;0.0;0.0;0.0;0.0;452.12582442465555;0.0;;
2021-12-10 00:00:00;0.0;1.0;1.0;0.0;0.0;0.0;0.0;0.0;0.0;0.0;0.0;452.12582442465555;0.0;;
2021-12-10 01:00:00;0.0;1.0;1.0;0.0;0.0;0.0;0.0;28.0;36.036;0.0;1.0;416.08982442465555;28.0;;0.777000777000777
2021-12-10 02:00:00;0.0;1.0;1.0;0.0;0.0;0.0;0.0;0.0;0.0;0.0;0.0;416.08982442465555;0.0;;
2021-12-10 03:00:00;0.0;1.0;1.0;0.0;0.0;0.0;0.0;0.0;0.0;0.0;0.0;416.08982442465555;0.0;;
2021-12-10 04:00:00;0.0;1.0;1.0;0.0;0.0;0.0;0.0;0.0;0.0;0.0;0.0;416.08982442465555;0.0;;
2021-12-10 05:00:00;0.0;1.0;0.0;0.0;1.0;0.0;0.0;179.93113700000004;208.65797639709936;0.0;1.0;207.43184802755619;179.93113700000004;;0.8623257069146067
2021-12-10 06:00:00;0.0;1.0;0.0;0.0;1.0;0.0;0.0;178.851975;207.43184802755619;0.0;1.0;0.0;178.851975;;0.8622204193843971
2021-12-10 07:00:00;0.0;1.0;1.0;0.0;0.0;0.0;0.0;0.0;0.0;0.0;0.0;0.0;0.0;;
2021-12-10 08:00:00;0.0;1.0;1.0;0.0;0.0;0.0;0.0;0.0;0.0;0.0;0.0;0.0;0.0;;
2021-12-10 09:00:00;0.0;1.0;1.0;0.0;0.0;0.0;0.0;0.0;0.0;0.0;0.0;0.0;0.0;;
2021-12-10 10:00:00;33.13963424999997;0.0;1.0;1.0;0.0;33.13963424999997;25.956871620407995;0.0;0.0;1.0;0.0;25.956871620407995;0.0;0.7832576372024389;
2021-12-10 11:00:00;81.671429875;0.0;1.0;1.0;0.0;81.671429875;65.77172526621214;0.0;0.0;1.0;0.0;91.72859688662014;0.0;0.8053210941314151;
2021-12-10 12:00:00;99.25773499999991;0.0;1.0;1.0;0.0;99.25773499999991;80.19930116166566;0.0;0.0;1.0;0.0;171.92789804828578;0.0;0.8079904418700037;
2021-12-10 13:00:00;107.02317612499996;0.0;1.0;1.0;0.0;107.02317612499996;86.56996801842047;0.0;0.0;1.0;0.0;258.49786606670625;0.0;0.8088899166785076;
2021-12-10 14:00:00;113.01980049999997;0.0;1.0;1.0;0.0;113.01980049999997;91.48952062892594;0.0;0.0;1.0;0.0;349.9873866956322;0.0;0.8094999303146528;
2021-12-10 15:00:00;100.61046574999995;0.0;1.0;1.0;0.0;100.61046574999995;81.3090638675336;0.0;0.0;1.0;0.0;431.2964505631658;0.0;0.8081571162742941;
2021-12-10 16:00:00;60.91679925;0.0;1.0;1.0;0.0;60.91679925;48.744896356106274;0.0;0.0;1.0;0.0;480.0413469192721;0.0;0.8001880754774928;
2021-12-10 17:00:00;16.913462374999995;0.0;1.0;1.0;0.0;16.913462374999995;12.64513134550266;0.0;0.0;1.0;0.0;492.68647826477473;0.0;0.7476370636087849;
2021-12-10 18:00:00;0.0;1.0;1.0;0.0;0.0;0.0;0.0;0.0;0.0;0.0;0.0;492.68647826477473;0.0;;
2021-12-10 19:00:00;0.0;1.0;1.0;0.0;0.0;0.0;0.0;0.0;0.0;0.0;0.0;492.68647826477473;0.0;;
2021-12-10 20:00:00;0.0;1.0;1.0;0.0;0.0;0.0;0.0;0.0;0.0;0.0;0.0;492.68647826477473;0.0;;
2021-12-10 21:00:00;0.0;1.0;1.0;0.0;0.0;0.0;0.0;0.0;0.0;0.0;0.0;492.68647826477473;0.0;;
2021-12-10 22:00:00;0.0;1.0;1.0;0.0;0.0;0.0;0.0;0.0;0.0;0.0;0.0;492.68647826477473;0.0;;
2021-12-10 23:00:00;0.0;1.0;1.0;0.0;0.0;0.0;0.0;0.0;0.0;0.0;0.0;492.68647826477473;0.0;;
2021-12-11 00:00:00;0.0;1.0;1.0;0.0;0.0;0.0;0.0;0.0;0.0;0.0;0.0;492.68647826477473;0.0;;
2021-12-11 01:00:00;0.0;1.0;1.0;0.0;0.0;0.0;0.0;0.0;0.0;0.0;0.0;492.68647826477473;0.0;;
2021-12-11 02:00:00;0.0;1.0;1.0;0.0;0.0;0.0;0.0;0.0;0.0;0.0;0.0;492.68647826477473;0.0;;
2021-12-11 03:00:00;0.0;1.0;1.0;0.0;0.0;0.0;0.0;0.0;0.0;0.0;0.0;492.68647826477473;0.0;;
2021-12-11 04:00:00;0.0;1.0;0.0;0.0;1.0;0.0;0.0;158.89539524999998;184.75746865678025;0.0;1.0;307.9290096079945;158.89539524999998;;0.8600214995647962
2021-12-11 05:00:00;0.0;1.0;0.0;0.0;1.0;0.0;0.0;181.523053;210.46668849920232;0.0;1.0;97.46232110879217;181.523053;;0.8624787812950646
2021-12-11 06:00:00;0.0;1.0;0.0;0.0;1.0;0.0;0.0;82.06363084568828;97.46232110879217;0.0;1.0;0.0;82.0636308456883;;0.8420036575374075
2021-12-11 07:00:00;0.0;1.0;1.0;0.0;0.0;0.0;0.0;0.0;0.0;0.0;0.0;0.0;0.0;;
2021-12-11 08:00:00;0.0;1.0;1.0;0.0;0.0;0.0;0.0;0.0;0.0;0.0;0.0;0.0;0.0;;
2021-12-11 09:00:00;0.0;1.0;1.0;0.0;0.0;0.0;0.0;0.0;0.0;0.0;0.0;0.0;0.0;;
2021-12-11 10:00:00;20.245659124999975;0.0;1.0;1.0;0.0;20.245659124999975;15.378822201398604;0.0;0.0;1.0;0.0;15.378822201398604;0.0;0.7596108433144739;
2021-12-11 11:00:00;75.70848725000002;0.0;1.0;1.0;0.0;75.70848725000002;60.87980472514723;0.0;0.0;1.0;0.0;76.25862692654583;0.0;0.8041344760213421;
2021-12-11 12:00:00;120.12357924999998;0.0;1.0;1.0;0.0;120.12357924999998;97.31736828263458;0.0;0.0;1.0;0.0;173.5759952091804;0.0;0.8101437610354472;
2021-12-11 13:00:00;129.29880000000003;0.0;1.0;1.0;0.0;129.29880000000003;104.84460000000006;0.0;0.0;1.0;0.0;278.4205952091805;0.0;0.8108706345302511;
2021-12-11 14:00:00;129.29880000000003;0.0;1.0;1.0;0.0;129.29880000000003;104.84460000000004;0.0;0.0;1.0;0.0;383.26519520918055;0.0;0.810870634530251;
2021-12-11 15:00:00;129.29880000000003;0.0;1.0;1.0;0.0;129.29880000000003;104.84460000000006;0.0;0.0;1.0;0.0;488.1097952091806;0.0;0.8108706345302511;
2021-12-11 16:00:00;106.75972637499996;0.0;1.0;1.0;0.0;106.75972637499996;86.3538372714701;0.0;0.0;1.0;0.0;574.4636324806507;0.0;0.8088615454871724;
2021-12-11 17:00:00;68.86724237499993;0.0;1.0;1.0;0.0;68.86724237499993;55.267336446456056;0.0;0.0;1.0;0.0;629.7309689271068;0.0;0.8025199578271354;
2021-12-11 18:00:00;15.9;0.0;1.0;1.0;0.0;15.9;11.813699999999999;0.0;0.0;1.0;0.0;641.5446689271068;0.0;0.7429999999999999;
2021-12-11 19:00:00;0.0;1.0;0.0;0.0;1.0;0.0;0.0;42.79444012500002;52.845230448042116;0.0;1.0;588.6994384790647;42.79444012500002;;0.8098070490406108
2021-12-11 20:00:00;0.0;1.0;0.0;0.0;1.0;0.0;0.0;59.4243651283406;71.73991246053959;0.0;1.0;516.9595260185251;59.42436512834058;;0.8283306055193037
2021-12-11 21:00:00;0.0;1.0;0.0;0.0;1.0;0.0;0.0;71.43400962500029;85.3850981003992;0.0;1.0;431.57442791812593;71.4340096250003;;0.8366097974263065
2021-12-11 22:00:00;0.0;1.0;0.0;0.0;1.0;0.0;0.0;49.20094537500003;60.12420972701239;0.0;1.0;371.45021819111355;49.20094537500003;;0.8183216976720644
2021-12-11 23:00:00;0.0;1.0;1.0;0.0;0.0;0.0;0.0;28.0;36.03599999999999;0.0;1.0;335.41421819111355;28.0;;0.7770007770007773
2021-12-12 00:00:00;0.0;1.0;1.0;0.0;0.0;0.0;0.0;0.0;0.0;0.0;0.0;335.41421819111355;0.0;;
2021-12-12 01:00:00;0.0;1.0;1.0;0.0;0.0;0.0;0.0;0.0;0.0;0.0;0.0;335.41421819111355;0.0;;
2021-12-12 02:00:00;0.0;1.0;1.0;0.0;0.0;0.0;0.0;0.0;0.0;0.0;0.0;335.41421819111355;0.0;;
2021-12-12 03:00:00;0.0;1.0;1.0;0.0;0.0;0.0;0.0;0.0;0.0;0.0;0.0;335.41421819111355;0.0;;
2021-12-12 04:00:00;0.0;1.0;1.0;0.0;0.0;0.0;0.0;0.0;0.0;0.0;0.0;335.41421819111355;0.0;;
2021-12-12 05:00:00;0.0;1.0;0.0;0.0;1.0;0.0;0.0;43.325778875000026;53.44892990670781;0.0;1.0;281.96528828440574;43.325778875000026;;0.8106014273928928
2021-12-12 06:00:00;0.0;1.0;0.0;0.0;1.0;0.0;0.0;62.90356200000015;75.69292599100818;0.0;1.0;206.27236229339758;62.903562000000164;;0.831036205516387
2021-12-12 07:00:00;0.0;1.0;0.0;0.0;1.0;0.0;0.0;61.769179500000234;74.4040568822338;0.0;1.0;131.8683054111638;61.769179500000234;;0.8301856389063306
2021-12-12 08:00:00;0.0;1.0;0.0;0.0;1.0;0.0;0.0;35.92091812500003;45.03563344325604;0.0;1.0;86.83267196790776;35.920918125000014;;0.7976110332778962
2021-12-12 09:00:00;0.0;1.0;1.0;0.0;0.0;0.0;0.0;0.0;0.0;0.0;0.0;86.83267196790776;0.0;;
2021-12-12 10:00:00;62.7404985;0.0;1.0;1.0;0.0;62.7404985;50.24103549123667;0.0;0.0;1.0;0.0;137.07370745914443;0.0;0.8007752040930416;
2021-12-12 11:00:00;129.29880000000003;0.0;1.0;1.0;0.0;129.29880000000003;104.84460000000006;0.0;0.0;1.0;0.0;241.9183074591445;0.0;0.8108706345302511;
2021-12-12 12:00:00;129.29880000000003;0.0;1.0;1.0;0.0;129.29880000000003;104.84460000000006;0.0;0.0;1.0;0.0;346.76290745914457;0.0;0.8108706345302511;
2021-12-12 13:00:00;129.29880000000003;0.0;1.0;1.0;0.0;129.29880000000003;104.84460000000004;0.0;0.0;1.0;0.0;451.6075074591446;0.0;0.810870634530251;
2021-12-12 14:00:00;129.29880000000003;0.0;1.0;1.0;0.0;129.29880000000003;104.84460000000004;0.0;0.0;1.0;0.0;556.4521074591446;0.0;0.810870634530251;
2021-12-12 15:00:00;129.29880000000003;0.0;1.0;1.0;0.0;129.29880000000003;104.84460000000006;0.0;0.0;1.0;0.0;661.2967074591446;0.0;0.8108706345302511;
2021-12-12 16:00:00;129.29880000000003;0.0;1.0;1.0;0.0;129.29880000000003;104.84460000000004;0.0;0.0;1.0;0.0;766.1413074591446;0.0;0.810870634530251;
2021-12-12 17:00:00;129.29880000000003;0.0;1.0;1.0;0.0;129.29880000000003;104.84460000000004;0.0;0.0;1.0;0.0;870.9859074591446;0.0;0.810870634530251;
2021-12-12 18:00:00;129.29880000000003;0.0;1.0;1.0;0.0;129.29880000000003;104.84460000000004;0.0;0.0;1.0;0.0;975.8305074591447;0.0;0.810870634530251;
2021-12-12 19:00:00;65.49016174999997;0.0;1.0;1.0;0.0;65.49016174999997;52.49682344352914;0.0;0.0;1.0;0.0;1028.3273309026738;0.0;0.8015986224607112;
2021-12-12 20:00:00;0.0;1.0;1.0;0.0;0.0;0.0;0.0;0.0;0.0;0.0;0.0;1028.3273309026738;0.0;;
2021-12-12 21:00:00;0.0;1.0;1.0;0.0;0.0;0.0;0.0;0.0;0.0;0.0;0.0;1028.3273309026738;0.0;;
2021-12-12 22:00:00;24.57035287499997;0.0;1.0;1.0;0.0;24.57035287499997;18.926744681944026;0.0;0.0;1.0;0.0;1047.2540755846178;0.0;0.7703082156871159;
2021-12-12 23:00:00;51.783564499999954;0.0;1.0;1.0;0.0;51.783564499999954;41.25210940682834;0.0;0.0;1.0;0.0;1088.5061849914462;0.0;0.7966255279091182;
2021-12-13 00:00:00;51.957115499999986;0.0;1.0;1.0;0.0;51.957115499999986;41.3944883890213;0.0;0.0;1.0;0.0;1129.9006733804674;0.0;0.7967048976962801;
2021-12-13 01:00:00;38.34853262499999;0.0;1.0;1.0;0.0;38.34853262499999;30.230184070229235;0.0;0.0;1.0;0.0;1160.1308574506966;0.0;0.7883009335935248;
2021-12-13 02:00:00;15.900000000000006;0.0;1.0;1.0;0.0;15.900000000000006;11.813700000000004;0.0;0.0;1.0;0.0;1171.9445574506965;0.0;0.743;
2021-12-13 03:00:00;15.9;1.0;1.0;0.0;0.0;15.9;11.8137;0.0;0.0;1.0;0.0;1183.7582574506964;0.0;0.743;
2021-12-13 04:00:00;0.0;1.0;1.0;0.0;0.0;0.0;0.0;0.0;0.0;0.0;0.0;1183.7582574506964;0.0;;
2021-12-13 05:00:00;0.0;1.0;1.0;0.0;0.0;0.0;0.0;0.0;0.0;0.0;0.0;1183.7582574506964;0.0;;
2021-12-13 06:00:00;0.0;1.0;0.0;0.0;1.0;0.0;0.0;47.19812250000004;57.848631133430096;0.0;1.0;1125.9096263172664;47.19812250000004;;0.8158900491722224
2021-12-13 07:00:00;0.0;1.0;1.0;0.0;0.0;0.0;0.0;0.0;0.0;0.0;0.0;1125.9096263172664;0.0;;
2021-12-13 08:00:00;27.720296374999975;0.0;1.0;1.0;0.0;27.720296374999975;21.510917342978807;0.0;0.0;1.0;0.0;1147.4205436602451;0.0;0.7759988223783494;
2021-12-13 09:00:00;108.61666587499994;0.0;1.0;1.0;0.0;108.61666587499994;87.87724627518573;0.0;0.0;1.0;0.0;1235.297789935431;0.0;0.8090585875312919;
2021-12-13 10:00:00;129.29880000000003;0.0;1.0;1.0;0.0;129.29880000000003;104.84460000000004;0.0;0.0;1.0;0.0;1340.142389935431;0.0;0.810870634530251;
2021-12-13 11:00:00;129.29880000000003;0.0;1.0;1.0;0.0;129.29880000000003;104.84460000000006;0.0;0.0;1.0;0.0;1444.9869899354312;0.0;0.8108706345302511;
2021-12-13 12:00:00;129.29880000000003;0.0;1.0;1.0;0.0;129.29880000000003;104.84460000000006;0.0;0.0;1.0;0.0;1549.8315899354313;0.0;0.8108706345302511;
2021-12-13 13:00:00;129.29880000000003;0.0;1.0;1.0;0.0;129.29880000000003;104.84460000000004;0.0;0.0;1.0;0.0;1654.6761899354315;0.0;0.810870634530251;
2021-12-13 14:00:00;129.29880000000003;0.0;1.0;1.0;0.0;129.29880000000003;104.84460000000006;0.0;0.0;1.0;0.0;1759.5207899354316;0.0;0.8108706345302511;
2021-12-13 15:00:00;129.29880000000003;0.0;1.0;1.0;0.0;129.29880000000003;104.84460000000004;0.0;0.0;1.0;0.0;1864.3653899354317;0.0;0.810870634530251;
2021-12-13 16:00:00;129.29880000000003;0.0;1.0;1.0;0.0;129.29880000000003;104.84460000000004;0.0;0.0;1.0;0.0;1969.2099899354318;0.0;0.810870634530251;
2021-12-13 17:00:00;129.29880000000003;0.0;1.0;1.0;0.0;129.29880000000003;104.84460000000004;0.0;0.0;1.0;0.0;2074.054589935432;0.0;0.810870634530251;
2021-12-13 18:00:00;129.29880000000003;0.0;1.0;1.0;0.0;129.29880000000003;104.84460000000004;0.0;0.0;1.0;0.0;2178.899189935432;0.0;0.810870634530251;
2021-12-13 19:00:00;71.01680549999998;0.0;1.0;1.0;0.0;71.01680549999998;57.030810064568115;0.0;0.0;1.0;0.0;2235.93;0.0;0.8030607637591941;
2021-12-13 20:00:00;0.0;1.0;1.0;0.0;0.0;0.0;0.0;0.0;0.0;0.0;0.0;2235.93;0.0;;
2021-12-13 21:00:00;0.0;1.0;1.0;0.0;0.0;0.0;0.0;0.0;0.0;0.0;0.0;2235.93;0.0;;
2021-12-13 22:00:00;0.0;1.0;1.0;0.0;0.0;0.0;0.0;0.0;0.0;0.0;0.0;2235.93;0.0;;
2021-12-13 23:00:00;0.0;1.0;1.0;0.0;0.0;0.0;0.0;0.0;0.0;0.0;0.0;2235.93;0.0;;
2021-12-14 00:00:00;0.0;1.0;1.0;0.0;0.0;0.0;0.0;0.0;0.0;0.0;0.0;2235.93;0.0;;
2021-12-14 01:00:00;0.0;1.0;1.0;0.0;0.0;0.0;0.0;0.0;0.0;0.0;0.0;2235.93;0.0;;
2021-12-14 02:00:00;0.0;1.0;1.0;0.0;0.0;0.0;0.0;0.0;0.0;0.0;0.0;2235.93;0.0;;
2021-12-14 03:00:00;0.0;1.0;0.0;0.0;1.0;0.0;0.0;79.9062595;95.01114676185647;0.0;1.0;2140.9188532381436;79.9062595;;0.8410198405486404
2021-12-14 04:00:00;0.0;1.0;1.0;0.0;0.0;0.0;0.0;28.0;36.036;0.0;1.0;2104.8828532381435;28.0;;0.777000777000777
2021-12-14 05:00:00;0.0;1.0;0.0;0.0;1.0;0.0;0.0;165.77027350000003;192.56860661334304;0.0;1.0;1912.3142466248005;165.77027350000003;;0.8608374771742978
2021-12-14 06:00:00;0.0;1.0;0.0;0.0;1.0;0.0;0.0;136.43327871565592;159.23633436670752;0.0;1.0;1753.077912258093;136.43327871565592;;0.8567974090728682
2021-12-14 07:00:00;0.0;1.0;0.0;0.0;1.0;0.0;0.0;140.63145987500002;164.0062475215011;0.0;1.0;1589.0716647365919;140.63145987500002;;0.857476236425465
2021-12-14 08:00:00;0.0;1.0;1.0;0.0;0.0;0.0;0.0;28.0;36.036;0.0;1.0;1553.0356647365918;28.0;;0.777000777000777
2021-12-14 09:00:00;15.9;0.0;1.0;1.0;0.0;15.9;11.813699999999999;0.0;0.0;1.0;0.0;1564.8493647365917;0.0;0.7429999999999999;
2021-12-14 10:00:00;82.06956199999996;0.0;1.0;1.0;0.0;82.06956199999996;66.09834768115532;0.0;0.0;1.0;0.0;1630.947712417747;0.0;0.8053941811113279;
2021-12-14 11:00:00;119.54680799999994;0.0;1.0;1.0;0.0;119.54680799999994;96.84419265395395;0.0;0.0;1.0;0.0;1727.791905071701;0.0;0.8100943410714404;
2021-12-14 12:00:00;129.29880000000003;0.0;1.0;1.0;0.0;129.29880000000003;104.84460000000004;0.0;0.0;1.0;0.0;1832.636505071701;0.0;0.810870634530251;
2021-12-14 13:00:00;129.29880000000003;0.0;1.0;1.0;0.0;129.29880000000003;104.84460000000006;0.0;0.0;1.0;0.0;1937.4811050717012;0.0;0.8108706345302511;
2021-12-14 14:00:00;129.29880000000003;0.0;1.0;1.0;0.0;129.29880000000003;104.84460000000004;0.0;0.0;1.0;0.0;2042.3257050717013;0.0;0.810870634530251;
2021-12-14 15:00:00;129.29880000000003;0.0;1.0;1.0;0.0;129.29880000000003;104.84460000000006;0.0;0.0;1.0;0.0;2147.1703050717015;0.0;0.8108706345302511;
2021-12-14 16:00:00;88.09550149999995;0.0;1.0;1.0;0.0;88.09550149999995;71.04195003876889;0.0;0.0;1.0;0.0;2218.2122551104703;0.0;0.8064197243802389;
2021-12-14 17:00:00;23.096658374999947;0.0;1.0;1.0;0.0;23.096658374999947;17.71774488952954;0.0;0.0;1.0;0.0;2235.93;0.0;0.7671129131263164;
2021-12-14 18:00:00;0.0;1.0;1.0;0.0;0.0;0.0;0.0;0.0;0.0;0.0;0.0;2235.93;0.0;;
2021-12-14 19:00:00;0.0;1.0;1.0;0.0;0.0;0.0;0.0;0.0;0.0;0.0;0.0;2235.93;0.0;;
2021-12-14 20:00:00;0.0;1.0;1.0;0.0;0.0;0.0;0.0;28.0;36.036;0.0;1.0;2199.894;28.0;;0.777000777000777
2021-12-14 21:00:00;0.0;1.0;1.0;0.0;0.0;0.0;0.0;0.0;0.0;0.0;0.0;2199.894;0.0;;
2021-12-14 22:00:00;0.0;1.0;1.0;0.0;0.0;0.0;0.0;0.0;0.0;0.0;0.0;2199.894;0.0;;
2021-12-14 23:00:00;0.0;1.0;1.0;0.0;0.0;0.0;0.0;0.0;0.0;0.0;0.0;2199.894;0.0;;
2021-12-15 00:00:00;0.0;1.0;1.0;0.0;0.0;0.0;0.0;28.0;36.036;0.0;1.0;2163.8579999999997;28.0;;0.777000777000777
2021-12-15 01:00:00;0.0;1.0;1.0;0.0;0.0;0.0;0.0;0.0;0.0;0.0;0.0;2163.8579999999997;0.0;;
2021-12-15 02:00:00;0.0;1.0;1.0;0.0;0.0;0.0;0.0;0.0;0.0;0.0;0.0;2163.8579999999997;0.0;;
2021-12-15 03:00:00;0.0;1.0;1.0;0.0;0.0;0.0;0.0;0.0;0.0;0.0;0.0;2163.8579999999997;0.0;;
2021-12-15 04:00:00;0.0;1.0;0.0;0.0;1.0;0.0;0.0;221.0600000000002;255.3880000000002;0.0;1.0;1908.4699999999996;221.0600000000002;;0.8655849139348757
2021-12-15 05:00:00;0.0;1.0;0.0;0.0;1.0;0.0;0.0;221.06000000000017;255.38800000000018;0.0;1.0;1653.0819999999994;221.06000000000017;;0.8655849139348757
2021-12-15 06:00:00;0.0;1.0;0.0;0.0;1.0;0.0;0.0;221.06000000000017;255.38800000000018;0.0;1.0;1397.6939999999993;221.06000000000017;;0.8655849139348757
2021-12-15 07:00:00;0.0;1.0;1.0;0.0;0.0;0.0;0.0;0.0;0.0;0.0;0.0;1397.6939999999993;0.0;;
2021-12-15 08:00:00;0.0;1.0;1.0;0.0;0.0;0.0;0.0;0.0;0.0;0.0;0.0;1397.6939999999993;0.0;;
2021-12-15 09:00:00;0.0;1.0;1.0;0.0;0.0;0.0;0.0;0.0;0.0;0.0;0.0;1397.6939999999993;0.0;;
2021-12-15 10:00:00;60.73801125;0.0;1.0;1.0;0.0;60.73801125;48.59822100725602;0.0;0.0;1.0;0.0;1446.2922210072552;0.0;0.8001286180942584;
2021-12-15 11:00:00;98.76235862499999;0.0;1.0;1.0;0.0;98.76235862499999;79.79290082934308;0.0;0.0;1.0;0.0;1526.0851218365983;0.0;0.807928262753588;
2021-12-15 12:00:00;129.29880000000003;0.0;1.0;1.0;0.0;129.29880000000003;104.84460000000004;0.0;0.0;1.0;0.0;1630.9297218365984;0.0;0.810870634530251;
2021-12-15 13:00:00;129.29880000000003;0.0;1.0;1.0;0.0;129.29880000000003;104.84460000000006;0.0;0.0;1.0;0.0;1735.7743218365986;0.0;0.8108706345302511;
2021-12-15 14:00:00;129.29880000000003;0.0;1.0;1.0;0.0;129.29880000000003;104.84460000000004;0.0;0.0;1.0;0.0;1840.6189218365987;0.0;0.810870634530251;
2021-12-15 15:00:00;129.29880000000003;0.0;1.0;1.0;0.0;129.29880000000003;104.84460000000004;0.0;0.0;1.0;0.0;1945.4635218365988;0.0;0.810870634530251;
2021-12-15 16:00:00;127.13345449999991;0.0;1.0;1.0;0.0;127.13345449999991;103.06817872679466;0.0;0.0;1.0;0.0;2048.5317005633933;0.0;0.8107085513576974;
2021-12-15 17:00:00;50.85308674999993;0.0;1.0;1.0;0.0;50.85308674999993;40.48875756789815;0.0;0.0;1.0;0.0;2089.0204581312914;0.0;0.7961907556751843;
2021-12-15 18:00:00;0.0;1.0;1.0;0.0;0.0;0.0;0.0;0.0;0.0;0.0;0.0;2089.0204581312914;0.0;;
2021-12-15 19:00:00;0.0;1.0;1.0;0.0;0.0;0.0;0.0;0.0;0.0;0.0;0.0;2089.0204581312914;0.0;;
2021-12-15 20:00:00;0.0;1.0;1.0;0.0;0.0;0.0;0.0;28.0;36.036;0.0;1.0;2052.9844581312914;28.0;;0.777000777000777
2021-12-15 21:00:00;0.0;1.0;1.0;0.0;0.0;0.0;0.0;0.0;0.0;0.0;0.0;2052.9844581312914;0.0;;
2021-12-15 22:00:00;0.0;1.0;0.0;0.0;1.0;0.0;0.0;160.73560962500002;186.84829380743292;0.0;1.0;1866.1361643238583;160.73560962500002;;0.8602466008635604
2021-12-15 23:00:00;0.0;1.0;1.0;0.0;0.0;0.0;0.0;0.0;0.0;0.0;0.0;1866.1361643238583;0.0;;
2021-12-16 00:00:00;0.0;1.0;0.0;0.0;1.0;0.0;0.0;139.831517375;163.09736433875997;0.0;1.0;1703.0387999850984;139.831517375;;0.8573499513122981
2021-12-16 01:00:00;0.0;1.0;1.0;0.0;0.0;0.0;0.0;0.0;0.0;0.0;0.0;1703.0387999850984;0.0;;
2021-12-16 02:00:00;0.0;1.0;1.0;0.0;0.0;0.0;0.0;0.0;0.0;0.0;0.0;1703.0387999850984;0.0;;
2021-12-16 03:00:00;0.0;1.0;1.0;0.0;0.0;0.0;0.0;0.0;0.0;0.0;0.0;1703.0387999850984;0.0;;
2021-12-16 04:00:00;0.0;1.0;1.0;0.0;0.0;0.0;0.0;0.0;0.0;0.0;0.0;1703.0387999850984;0.0;;
2021-12-16 05:00:00;0.0;1.0;0.0;0.0;1.0;0.0;0.0;221.06000000000017;255.38800000000018;0.0;1.0;1447.6507999850983;221.06000000000017;;0.8655849139348757
2021-12-16 06:00:00;0.0;1.0;0.0;0.0;1.0;0.0;0.0;221.06000000000017;255.38800000000018;0.0;1.0;1192.2627999850981;221.06000000000017;;0.8655849139348757
2021-12-16 07:00:00;0.0;1.0;1.0;0.0;0.0;0.0;0.0;0.0;0.0;0.0;0.0;1192.2627999850981;0.0;;
2021-12-16 08:00:00;0.0;1.0;1.0;0.0;0.0;0.0;0.0;28.0;36.036;0.0;1.0;1156.226799985098;28.0;;0.777000777000777
2021-12-16 09:00:00;0.0;1.0;1.0;0.0;0.0;0.0;0.0;0.0;0.0;0.0;0.0;1156.226799985098;0.0;;
2021-12-16 10:00:00;49.210806624999975;0.0;1.0;1.0;0.0;49.210806624999975;39.14145232233242;0.0;0.0;1.0;0.0;1195.3682523074306;0.0;0.7953832706015401;
2021-12-16 11:00:00;106.65186049999994;0.0;1.0;1.0;0.0;106.65186049999994;86.26534551114689;0.0;0.0;1.0;0.0;1281.6335978185775;0.0;0.8088498888507147;
2021-12-16 12:00:00;129.29880000000003;0.0;1.0;1.0;0.0;129.29880000000003;104.84460000000004;0.0;0.0;1.0;0.0;1386.4781978185777;0.0;0.810870634530251;
2021-12-16 13:00:00;129.29880000000003;0.0;1.0;1.0;0.0;129.29880000000003;104.84460000000004;0.0;0.0;1.0;0.0;1491.3227978185778;0.0;0.810870634530251;
2021-12-16 14:00:00;129.29880000000003;0.0;1.0;1.0;0.0;129.29880000000003;104.84460000000004;0.0;0.0;1.0;0.0;1596.167397818578;0.0;0.810870634530251;
2021-12-16 15:00:00;107.77752974999999;0.0;1.0;1.0;0.0;107.77752974999999;87.18882991688865;0.0;0.0;1.0;0.0;1683.3562277354665;0.0;0.8089703866764367;
2021-12-16 16:00:00;54.35627112499998;0.0;1.0;1.0;0.0;54.35627112499998;43.36272444649114;0.0;0.0;1.0;0.0;1726.7189521819578;0.0;0.7977501684538365;
2021-12-16 17:00:00;0.0;1.0;1.0;0.0;0.0;0.0;0.0;0.0;0.0;0.0;0.0;1726.7189521819578;0.0;;
2021-12-16 18:00:00;0.0;1.0;1.0;0.0;0.0;0.0;0.0;0.0;0.0;0.0;0.0;1726.7189521819578;0.0;;
2021-12-16 19:00:00;0.0;1.0;1.0;0.0;0.0;0.0;0.0;0.0;0.0;0.0;0.0;1726.7189521819578;0.0;;
2021-12-16 20:00:00;0.0;1.0;0.0;0.0;1.0;0.0;0.0;217.54091550000004;251.38966671892678;0.0;1.0;1475.329285463031;217.54091550000004;;0.8653534504392646
2021-12-16 21:00:00;0.0;1.0;1.0;0.0;0.0;0.0;0.0;0.0;0.0;0.0;0.0;1475.329285463031;0.0;;
2021-12-16 22:00:00;0.0;1.0;1.0;0.0;0.0;0.0;0.0;0.0;0.0;0.0;0.0;1475.329285463031;0.0;;
2021-12-16 23:00:00;0.0;1.0;1.0;0.0;0.0;0.0;0.0;0.0;0.0;0.0;0.0;1475.329285463031;0.0;;
2021-12-17 00:00:00;0.0;1.0;1.0;0.0;0.0;0.0;0.0;0.0;0.0;0.0;0.0;1475.329285463031;0.0;;
2021-12-17 01:00:00;0.0;1.0;1.0;0.0;0.0;0.0;0.0;0.0;0.0;0.0;0.0;1475.329285463031;0.0;;
2021-12-17 02:00:00;0.0;1.0;1.0;0.0;0.0;0.0;0.0;0.0;0.0;0.0;0.0;1475.329285463031;0.0;;
2021-12-17 03:00:00;0.0;1.0;0.0;0.0;1.0;0.0;0.0;213.21712512500002;246.47703817683106;0.0;1.0;1228.8522472862;213.21712512500002;;0.865058776680166
2021-12-17 04:00:00;0.0;1.0;0.0;0.0;1.0;0.0;0.0;221.06000000000014;255.38800000000015;0.0;1.0;973.4642472861999;221.06000000000014;;0.8655849139348756
2021-12-17 05:00:00;0.0;1.0;0.0;0.0;1.0;0.0;0.0;221.06000000000006;255.38800000000006;0.0;1.0;718.0762472861999;221.06000000000006;;0.8655849139348756
2021-12-17 06:00:00;0.0;1.0;0.0;0.0;1.0;0.0;0.0;221.06000000000017;255.38800000000018;0.0;1.0;462.6882472861997;221.06000000000017;;0.8655849139348757
2021-12-17 07:00:00;0.0;1.0;1.0;0.0;0.0;0.0;0.0;0.0;0.0;0.0;0.0;462.6882472861997;0.0;;
2021-12-17 08:00:00;0.0;1.0;1.0;0.0;0.0;0.0;0.0;0.0;0.0;0.0;0.0;462.6882472861997;0.0;;
2021-12-17 09:00:00;0.0;1.0;1.0;0.0;0.0;0.0;0.0;0.0;0.0;0.0;0.0;462.6882472861997;0.0;;
2021-12-17 10:00:00;33.43053262500001;0.0;1.0;1.0;0.0;33.43053262500001;26.195520862152982;0.0;0.0;1.0;0.0;488.8837681483527;0.0;0.783580721132856;
2021-12-17 11:00:00;99.40741737499997;0.0;1.0;1.0;0.0;99.40741737499997;80.32209863448188;0.0;0.0;1.0;0.0;569.2058667828346;0.0;0.8080091079268108;
2021-12-17 12:00:00;129.29880000000003;0.0;1.0;1.0;0.0;129.29880000000003;104.84460000000006;0.0;0.0;1.0;0.0;674.0504667828346;0.0;0.8108706345302511;
2021-12-17 13:00:00;129.29880000000003;0.0;1.0;1.0;0.0;129.29880000000003;104.84460000000004;0.0;0.0;1.0;0.0;778.8950667828346;0.0;0.810870634530251;
2021-12-17 14:00:00;129.29880000000003;0.0;1.0;1.0;0.0;129.29880000000003;104.84460000000006;0.0;0.0;1.0;0.0;883.7396667828347;0.0;0.8108706345302511;
2021-12-17 15:00:00;100.64227562499997;0.0;1.0;1.0;0.0;100.64227562499997;81.3351602750806;0.0;0.0;1.0;0.0;965.0748270579153;0.0;0.808160981754238;
2021-12-17 16:00:00;46.94773137499993;0.0;1.0;1.0;0.0;46.94773137499993;37.28485483386491;0.0;0.0;1.0;0.0;1002.3596818917802;0.0;0.7941779877721507;
2021-12-17 17:00:00;0.0;1.0;1.0;0.0;0.0;0.0;0.0;0.0;0.0;0.0;0.0;1002.3596818917802;0.0;;
2021-12-17 18:00:00;0.0;1.0;1.0;0.0;0.0;0.0;0.0;0.0;0.0;0.0;0.0;1002.3596818917802;0.0;;
2021-12-17 19:00:00;0.0;1.0;1.0;0.0;0.0;0.0;0.0;0.0;0.0;0.0;0.0;1002.3596818917802;0.0;;
2021-12-17 20:00:00;0.0;1.0;1.0;0.0;0.0;0.0;0.0;0.0;0.0;0.0;0.0;1002.3596818917802;0.0;;
2021-12-17 21:00:00;0.0;1.0;0.0;0.0;1.0;0.0;0.0;193.472745125;224.04375711519214;0.0;1.0;778.315924776588;193.472745125;;0.8635489228362027
2021-12-17 22:00:00;0.0;1.0;1.0;0.0;0.0;0.0;0.0;0.0;0.0;0.0;0.0;778.315924776588;0.0;;
2021-12-17 23:00:00;0.0;1.0;1.0;0.0;0.0;0.0;0.0;0.0;0.0;0.0;0.0;778.315924776588;0.0;;
2021-12-18 00:00:00;0.0;1.0;1.0;0.0;0.0;0.0;0.0;0.0;0.0;0.0;0.0;778.315924776588;0.0;;
2021-12-18 01:00:00;0.0;1.0;1.0;0.0;0.0;0.0;0.0;0.0;0.0;0.0;0.0;778.315924776588;0.0;;
2021-12-18 02:00:00;0.0;1.0;1.0;0.0;0.0;0.0;0.0;0.0;0.0;0.0;0.0;778.315924776588;0.0;;
2021-12-18 03:00:00;0.0;1.0;1.0;0.0;0.0;0.0;0.0;0.0;0.0;0.0;0.0;778.315924776588;0.0;;
2021-12-18 04:00:00;0.0;1.0;0.0;0.0;1.0;0.0;0.0;159.01030807498339;184.88803095858157;0.0;1.0;593.4278938180064;159.01030807498339;;0.860035705126876
2021-12-18 05:00:00;0.0;1.0;0.0;0.0;1.0;0.0;0.0;221.06000000000017;255.38800000000018;0.0;1.0;338.03989381800625;221.06000000000017;;0.8655849139348757
2021-12-18 06:00:00;0.0;1.0;0.0;0.0;1.0;0.0;0.0;221.06000000000017;255.38800000000018;0.0;1.0;82.65189381800607;221.06000000000017;;0.8655849139348757
2021-12-18 07:00:00;0.0;1.0;1.0;0.0;0.0;0.0;0.0;0.0;0.0;0.0;0.0;82.65189381800607;0.0;;
2021-12-18 08:00:00;0.0;1.0;1.0;0.0;0.0;0.0;0.0;0.0;0.0;0.0;0.0;82.65189381800607;0.0;;
2021-12-18 09:00:00;0.0;1.0;1.0;0.0;0.0;0.0;0.0;0.0;0.0;0.0;0.0;82.65189381800607;0.0;;
2021-12-18 10:00:00;55.318805499999996;0.0;1.0;1.0;0.0;55.318805499999996;44.152375123457645;0.0;0.0;1.0;0.0;126.80426894146372;0.0;0.7981440438633052;
2021-12-18 11:00:00;120.95682662499996;0.0;1.0;1.0;0.0;120.95682662499996;98.00095358705478;0.0;0.0;1.0;0.0;224.8052225285185;0.0;0.8102143245778527;
2021-12-18 12:00:00;129.29880000000003;0.0;1.0;1.0;0.0;129.29880000000003;104.84460000000004;0.0;0.0;1.0;0.0;329.64982252851854;0.0;0.810870634530251;
2021-12-18 13:00:00;129.29880000000003;0.0;1.0;1.0;0.0;129.29880000000003;104.84460000000006;0.0;0.0;1.0;0.0;434.4944225285186;0.0;0.8108706345302511;
2021-12-18 14:00:00;129.29880000000003;0.0;1.0;1.0;0.0;129.29880000000003;104.84460000000004;0.0;0.0;1.0;0.0;539.3390225285186;0.0;0.810870634530251;
2021-12-18 15:00:00;110.31457024999997;0.0;1.0;1.0;0.0;110.31457024999997;89.27018493168113;0.0;0.0;1.0;0.0;628.6092074601997;0.0;0.8092329483709442;
2021-12-18 16:00:00;57.23422337499994;0.0;1.0;1.0;0.0;57.23422337499994;45.723759025115626;0.0;0.0;1.0;0.0;674.3329664853154;0.0;0.7988884329840996;
2021-12-18 17:00:00;0.0;1.0;1.0;0.0;0.0;0.0;0.0;0.0;0.0;0.0;0.0;674.3329664853154;0.0;;
2021-12-18 18:00:00;0.0;1.0;1.0;0.0;0.0;0.0;0.0;0.0;0.0;0.0;0.0;674.3329664853154;0.0;;
2021-12-18 19:00:00;0.0;1.0;0.0;0.0;1.0;0.0;0.0;183.72185637500002;212.9649373229514;0.0;1.0;461.36802916236405;183.72185637500002;;0.8626859364008563
2021-12-18 20:00:00;0.0;1.0;0.0;0.0;1.0;0.0;0.0;211.37181312500002;244.38042117784627;0.0;1.0;216.98760798451778;211.37181312500002;;0.8649294084454316
2021-12-18 21:00:00;0.0;1.0;0.0;0.0;1.0;0.0;0.0;187.262361125;216.98760798451778;0.0;1.0;0.0;187.262361125;;0.8630094725886895
2021-12-18 22:00:00;0.0;1.0;1.0;0.0;0.0;0.0;0.0;0.0;0.0;0.0;0.0;0.0;0.0;;
2021-12-18 23:00:00;0.0;1.0;1.0;0.0;0.0;0.0;0.0;0.0;0.0;0.0;0.0;0.0;0.0;;
2021-12-19 00:00:00;0.0;1.0;1.0;0.0;0.0;0.0;0.0;0.0;0.0;0.0;0.0;0.0;0.0;;
2021-12-19 01:00:00;0.0;1.0;1.0;0.0;0.0;0.0;0.0;0.0;0.0;0.0;0.0;0.0;0.0;;
2021-12-19 02:00:00;0.0;1.0;1.0;0.0;0.0;0.0;0.0;0.0;0.0;0.0;0.0;0.0;0.0;;
2021-12-19 03:00:00;0.0;1.0;1.0;0.0;0.0;0.0;0.0;0.0;0.0;0.0;0.0;0.0;0.0;;
2021-12-19 04:00:00;0.0;1.0;1.0;0.0;0.0;0.0;0.0;0.0;0.0;0.0;0.0;0.0;0.0;;
2021-12-19 05:00:00;0.0;1.0;1.0;0.0;0.0;0.0;0.0;0.0;0.0;0.0;0.0;0.0;0.0;;
2021-12-19 06:00:00;0.0;1.0;1.0;0.0;0.0;0.0;0.0;0.0;0.0;0.0;0.0;0.0;0.0;;
2021-12-19 07:00:00;0.0;1.0;1.0;0.0;0.0;0.0;0.0;0.0;0.0;0.0;0.0;0.0;0.0;;
2021-12-19 08:00:00;0.0;1.0;1.0;0.0;0.0;0.0;0.0;0.0;0.0;0.0;0.0;0.0;0.0;;
2021-12-19 09:00:00;48.89033499999999;0.0;1.0;1.0;0.0;48.89033499999999;38.878541571088064;0.0;0.0;1.0;0.0;38.878541571088064;0.0;0.7952193735446499;
2021-12-19 10:00:00;62.34598145102617;0.0;1.0;1.0;0.0;62.34598145102617;49.91737883762677;0.0;0.0;1.0;0.0;88.79592040871484;0.0;0.8006511033407618;
2021-12-19 11:00:00;129.29880000000006;0.0;1.0;1.0;0.0;129.29880000000006;104.84460000000004;0.0;0.0;1.0;0.0;193.64052040871488;0.0;0.8108706345302509;
2021-12-19 12:00:00;129.29880000000006;0.0;1.0;1.0;0.0;129.29880000000006;104.84460000000004;0.0;0.0;1.0;0.0;298.4851204087149;0.0;0.8108706345302509;
2021-12-19 13:00:00;129.29880000000006;0.0;1.0;1.0;0.0;129.29880000000006;104.84460000000004;0.0;0.0;1.0;0.0;403.32972040871493;0.0;0.8108706345302509;
2021-12-19 14:00:00;129.29880000000006;0.0;1.0;1.0;0.0;129.29880000000006;104.84460000000004;0.0;0.0;1.0;0.0;508.174320408715;0.0;0.8108706345302509;
2021-12-19 15:00:00;129.29880000000009;0.0;1.0;1.0;0.0;129.29880000000009;104.84460000000006;0.0;0.0;1.0;0.0;613.0189204087151;0.0;0.8108706345302508;
2021-12-19 16:00:00;69.69584874999998;0.0;1.0;1.0;0.0;69.69584874999998;55.947114334863976;0.0;0.0;1.0;0.0;668.966034743579;0.0;0.8027323770106751;
2021-12-19 17:00:00;0.0;1.0;1.0;0.0;0.0;0.0;0.0;0.0;0.0;0.0;0.0;668.966034743579;0.0;;
2021-12-19 18:00:00;0.0;1.0;1.0;0.0;0.0;0.0;0.0;27.99999999999999;36.03599999999999;0.0;1.0;632.9300347435791;28.0;;0.777000777000777
2021-12-19 19:00:00;0.0;1.0;0.0;0.0;1.0;0.0;0.0;45.83282712500002;56.29740213158088;0.0;1.0;576.6326326119982;45.83282712500002;;0.81411975312604
2021-12-19 20:00:00;0.0;1.0;0.0;0.0;1.0;0.0;0.0;42.66421912500002;52.69727521758522;0.0;1.0;523.935357394413;42.66421912500002;;0.8096095851036118
2021-12-19 21:00:00;0.0;1.0;1.0;0.0;0.0;0.0;0.0;27.999999999999993;36.035999999999994;0.0;1.0;487.899357394413;28.0;;0.777000777000777
2021-12-19 22:00:00;0.0;1.0;1.0;0.0;0.0;0.0;0.0;28.0;36.036;0.0;1.0;451.863357394413;28.0;;0.777000777000777
2021-12-19 23:00:00;0.0;1.0;1.0;0.0;0.0;0.0;0.0;0.0;0.0;0.0;0.0;451.863357394413;0.0;;
2021-12-20 00:00:00;0.0;1.0;1.0;0.0;0.0;0.0;0.0;0.0;0.0;0.0;0.0;451.863357394413;0.0;;
2021-12-20 01:00:00;0.0;1.0;1.0;0.0;0.0;0.0;0.0;27.99999999999999;36.03599999999999;0.0;1.0;415.827357394413;28.0;;0.777000777000777
2021-12-20 02:00:00;0.0;1.0;1.0;0.0;0.0;0.0;0.0;27.999999999999986;36.03599999999999;0.0;1.0;379.791357394413;27.99999999999997;;0.7770007770007769
2021-12-20 03:00:00;0.0;1.0;1.0;0.0;0.0;0.0;0.0;27.999999999999986;36.03599999999999;0.0;1.0;343.755357394413;28.0;;0.7770007770007769
2021-12-20 04:00:00;0.0;1.0;0.0;0.0;1.0;0.0;0.0;39.672585000000026;49.29822347933288;0.0;1.0;294.45713391508014;39.672585000000026;;0.8047467474488573
2021-12-20 05:00:00;0.0;1.0;0.0;0.0;1.0;0.0;0.0;46.15870537500001;56.66766032019581;0.0;1.0;237.7894735948843;46.15870537500001;;0.8145511057662195
2021-12-20 06:00:00;0.0;1.0;0.0;0.0;1.0;0.0;0.0;47.01769650000003;57.64363370282817;0.0;1.0;180.14583989205613;47.01769650000003;;0.8156615653758343
2021-12-20 07:00:00;0.0;1.0;1.0;0.0;0.0;0.0;0.0;27.999999999999993;36.03599999999999;0.0;1.0;144.10983989205616;28.0;;0.7770007770007771
2021-12-20 08:00:00;0.0;1.0;1.0;0.0;0.0;0.0;0.0;0.0;0.0;0.0;0.0;144.10983989205616;0.0;;
2021-12-20 09:00:00;76.79718549999996;0.0;1.0;1.0;0.0;76.79718549999996;61.77295860354735;0.0;0.0;1.0;0.0;205.8827984956035;0.0;0.8043648761522307;
2021-12-20 10:00:00;129.29880000000006;0.0;1.0;1.0;0.0;129.29880000000006;104.84460000000004;0.0;0.0;1.0;0.0;310.72739849560355;0.0;0.8108706345302509;
2021-12-20 11:00:00;129.29880000000006;0.0;1.0;1.0;0.0;129.29880000000006;104.84460000000004;0.0;0.0;1.0;0.0;415.57199849560357;0.0;0.8108706345302509;
2021-12-20 12:00:00;129.29880000000006;0.0;1.0;1.0;0.0;129.29880000000006;104.84460000000004;0.0;0.0;1.0;0.0;520.4165984956036;0.0;0.8108706345302509;
2021-12-20 13:00:00;129.29880000000006;0.0;1.0;1.0;0.0;129.29880000000006;104.84460000000004;0.0;0.0;1.0;0.0;625.2611984956036;0.0;0.8108706345302509;
2021-12-20 14:00:00;129.29880000000006;0.0;1.0;1.0;0.0;129.29880000000006;104.84460000000004;0.0;0.0;1.0;0.0;730.1057984956036;0.0;0.8108706345302509;
2021-12-20 15:00:00;129.29880000000006;0.0;1.0;1.0;0.0;129.29880000000006;104.84460000000004;0.0;0.0;1.0;0.0;834.9503984956036;0.0;0.8108706345302509;
2021-12-20 16:00:00;85.68821262499995;0.0;1.0;1.0;0.0;85.68821262499995;69.06704156882707;0.0;0.0;1.0;0.0;904.0174400644307;0.0;0.8060273339004905;
2021-12-20 17:00:00;15.900000000000038;1.0;1.0;0.0;0.0;15.900000000000038;11.813700000000027;0.0;0.0;1.0;0.0;915.8311400644308;0.0;0.743;
2021-12-20 18:00:00;0.0;1.0;0.0;0.0;1.0;0.0;0.0;54.72343950000004;66.39878825859326;0.0;1.0;849.4323518058375;54.72343950000004;;0.8241632254925645
2021-12-20 19:00:00;0.0;1.0;0.0;0.0;1.0;0.0;0.0;117.82676025;138.0958752427121;0.0;1.0;711.3364765631254;117.82676025;;0.8532243272502682
2021-12-20 20:00:00;0.0;1.0;0.0;0.0;1.0;0.0;0.0;157.46185000000003;183.12869512690358;0.0;1.0;528.2077814362218;157.46185000000003;;0.8598425816930707
2021-12-20 21:00:00;0.0;1.0;0.0;0.0;1.0;0.0;0.0;159.093096625;184.9820941204133;0.0;1.0;343.2256873158085;159.093096625;;0.8600459270476147
2021-12-20 22:00:00;0.0;1.0;0.0;0.0;1.0;0.0;0.0;148.219192;172.62731981551846;0.0;1.0;170.59836750029007;148.219192;;0.8586079663311538
2021-12-20 23:00:00;0.0;1.0;0.0;0.0;1.0;0.0;0.0;146.43343425;170.59836750029007;0.0;1.0;0.0;146.43343425;;0.8583519080260309
