#;Phi;SOC_init;T_ambient;t_sp;eta_sp;T_sp;soc_loss_spec_hourly;soc_retained_spec_hourly;soc_loss;soc_loss_spec
690;5.928571429;0.452928571;294.7928571;1296;1;416.1696676;0;0.452928571;0;0
76;0.357142857;0.100642857;291.9071429;432;1;416.1691089;0;0.100642857;0;0
289;29.92857143;0.542928571;295.4785714;4752;0.999997347;416.1668347;1.09E-06;0.54292748;1.44039E-06;3.03112E-10
69;7.357142857;0.424642857;279.7642857;2160;0.999996412;416.1689783;2.54E-06;0.424640318;1.52362E-06;7.05379E-10
587;58.5;0.303785714;282.9071429;3024;0.999993348;416.1673158;2.41E-06;0.303783308;2.02078E-06;6.68248E-10
417;82.5;0.924785714;284.8214286;6480;0.999991638;416.1663938;4.30E-06;0.924781418;7.73306E-06;1.19337E-09
625;75.5;0.225357143;287.4785714;3888;0.999987141;416.1643759;2.68E-06;0.22535446;2.89787E-06;7.45336E-10
582;56.78571429;0.573785714;288.9928571;8208;0.999978771;416.1611694;5.34E-06;0.573780372;1.21809E-05;1.48403E-09
322;33.5;0.8425;290.5642857;11664;0.999972405;416.1587526;7.18E-06;0.842492824;2.32488E-05;1.99321E-09
656;79.64285714;0.377071429;284.9357143;7344;0.999971105;416.1587136;5.34E-06;0.377066088;1.08955E-05;1.48359E-09
92;68.5;0.447785714;278.9928571;9072;0.999961345;416.1553333;6.87E-06;0.447778845;1.73092E-05;1.90798E-09
111;5.5;0.976214286;294.1071429;15984;0.999958222;416.1535973;9.19E-06;0.9762051;4.07843E-05;2.55157E-09
540;8.642857143;0.8515;278.4785714;14256;0.999954348;416.1525976;9.82E-06;0.851490184;3.88727E-05;2.72676E-09
317;89.64285714;0.8695;287.05;17712;0.999938991;416.1467864;1.08E-05;0.869489218;5.30473E-05;2.99499E-09
573;55.92857143;0.101928571;289.2214286;5616;0.999936672;416.1460137;4.14E-06;0.101924433;6.45493E-06;1.14938E-09
515;69.78571429;0.8245;280.0785714;19440;0.999921626;416.1398313;1.20E-05;0.824488033;6.46194E-05;3.32404E-09
444;7.071428571;0.753785714;280.9642857;18576;0.999920896;416.1396248;1.16E-05;0.753774158;5.96275E-05;3.20992E-09
91;95.64285714;0.928642857;291.7071429;22032;0.999918964;416.1398773;1.23E-05;0.928630561;7.52535E-05;3.41565E-09
161;85.07142857;0.312785714;297.85;12528;0.999910759;416.1377135;8.02E-06;0.312777693;2.79133E-05;2.22807E-09
675;44.21428571;0.200928571;278.9357143;9936;0.999901386;416.1317821;7.18E-06;0.200921392;1.98144E-05;1.9942E-09
133;0.5;0.906785714;292.3642857;26352;0.999887927;416.1290918;1.39E-05;0.906771831;0.000101626;3.85649E-09
6;78.07142857;0.296071429;282.1928571;13392;0.999886605;416.1266258;9.03E-06;0.296062404;3.3573E-05;2.50695E-09
345;54.5;0.607214286;290.7357143;21168;0.99988173;416.1265828;1.22E-05;0.607202073;7.18152E-05;3.39263E-09
23;42.5;0.958214286;282.65;28944;0.999873267;416.1216384;1.51E-05;0.958199182;0.000121437;4.1956E-09
503;14.5;0.348785714;290.4214286;16848;0.999859206;416.1185052;1.05E-05;0.348775221;4.91069E-05;2.9147E-09
490;87.64285714;0.558357143;283.7928571;22896;0.999850683;416.1133997;1.31E-05;0.558344034;8.33722E-05;3.64134E-09
502;67.07142857;0.629071429;282.85;25488;0.999842157;416.1098615;1.40E-05;0.629057404;9.92945E-05;3.89574E-09
192;8.071428571;0.8875;288.5642857;33264;0.999832459;416.1083046;1.61E-05;0.887483908;0.000148693;4.47008E-09
544;90.21428571;0.949214286;290.25;34992;0.99983149;416.1085827;1.65E-05;0.94919783;0.000159952;4.5711E-09
267;59.5;0.679214286;280.9071429;28080;0.999829131;416.1041588;1.49E-05;0.679199407;0.000116057;4.13307E-09
673;44.35714286;0.126357143;296.1357143;10800;0.999826034;416.1089187;7.33E-06;0.126349816;2.19818E-05;2.03536E-09
676;37.64285714;0.785928571;280.9357143;31536;0.99982332;416.1019247;1.59E-05;0.78591272;0.000138858;4.40315E-09
630;15.21428571;0.496642857;291.3928571;24624;0.999813402;416.1026297;1.35E-05;0.496629308;9.26726E-05;3.76351E-09
379;59.78571429;0.838642857;293.0785714;36720;0.999795282;416.0970598;1.68E-05;0.838626025;0.000171685;4.67553E-09
608;67.78571429;0.197071429;280.5928571;15120;0.999790711;416.0891487;9.82E-06;0.197061609;4.12449E-05;2.72784E-09
453;24.78571429;0.310214286;289.7071429;20304;0.999781587;416.0905146;1.20E-05;0.310202273;6.77548E-05;3.33702E-09
426;62.5;0.897785714;280.3928571;41904;0.999764706;416.078951;1.81E-05;0.897767566;0.000211244;5.04113E-09
209;16.21428571;0.623928571;278.2214286;34128;0.999749389;416.0715935;1.65E-05;0.623912077;0.000156363;4.58167E-09
346;81.92857143;0.884928571;291.4214286;47088;0.999720784;416.0699885;1.89E-05;0.884909681;0.000247086;5.24733E-09
329;54.64285714;0.519785714;292.5357143;35856;0.999679049;416.0562276;1.67E-05;0.519768964;0.000166826;4.65266E-09
677;89.07142857;0.710071429;285.4785714;44496;0.999677343;416.0495052;1.85E-05;0.710052893;0.00022911;5.14899E-09
689;0.071428571;0.892642857;289.7357143;54864;0.999657759;416.0462004;2.00E-05;0.892622811;0.000305499;5.5683E-09
238;85.21428571;0.622642857;295.3357143;42768;0.999653649;416.049978;1.82E-05;0.622624704;0.000215653;5.04239E-09
458;95.92857143;0.535214286;282.2785714;38448;0.999653031;416.0374068;1.74E-05;0.535196898;0.000185703;4.82997E-09
130;28.35714286;0.910642857;294.0785714;58320;0.999636436;416.0428802;2.04E-05;0.91062242;0.000331077;5.6769E-09
526;34.07142857;0.641928571;279.9928571;46224;0.999623243;416.0236017;1.88E-05;0.641909735;0.000241851;5.23215E-09
323;6.214285714;0.4645;292.6785714;37584;0.999614542;416.0338603;1.71E-05;0.46448285;0.000179045;4.76387E-09
424;3.642857143;0.953071429;286.5357143;63504;0.999610481;416.0258006;2.10E-05;0.953050384;0.000371239;5.84592E-09
34;39.07142857;0.279357143;280.2785714;27216;0.9996087;416.0182521;1.45E-05;0.279342684;0.000109312;4.01648E-09
482;77.07142857;0.634214286;281.3357143;50544;0.99956877;416.0040393;1.95E-05;0.634194806;0.000273492;5.41097E-09
539;96.07142857;0.593071429;281.05;48816;0.99956058;416.0005227;1.92E-05;0.59305221;0.000260607;5.33857E-09
657;79.35714286;0.845071429;292.7357143;64368;0.999553126;416.0125173;2.11E-05;0.845050308;0.00037764;5.8669E-09
207;85.92857143;0.647071429;289.7642857;54000;0.999537516;416.0031807;2.00E-05;0.647051478;0.00029926;5.54186E-09
44;20.92857143;0.855357143;286.9071429;66960;0.999535217;415.9985677;2.14E-05;0.855335769;0.000397555;5.93721E-09
607;53.5;0.902928571;282.6214286;70416;0.999530552;415.9910619;2.17E-05;0.9029069;0.000423878;6.01963E-09
251;24.64285714;0.733214286;286.45;65232;0.999475954;415.976107;2.12E-05;0.733193081;0.000384238;5.89033E-09
445;86.07142857;0.249785714;296.1642857;30672;0.999473703;415.9899941;1.54E-05;0.249770284;0.000131461;4.28604E-09
659;51.92857143;0.935071429;278.1928571;79920;0.999469477;415.9608575;2.23E-05;0.935049083;0.000496077;6.20717E-09
436;71.35714286;0.501785714;294.65;49680;0.999467881;415.9857256;1.93E-05;0.501766365;0.00026701;5.37459E-09
10;63.07142857;0.955642857;286.9357143;81648;0.999466013;415.9731962;2.25E-05;0.955620357;0.000510301;6.25001E-09
638;40.78571429;0.989071429;288.7642857;84240;0.999463704;415.9751977;2.27E-05;0.989048761;0.000530435;6.29671E-09
672;58.78571429;0.229214286;293.9928571;29808;0.999451758;415.9791681;1.52E-05;0.229199109;0.000125665;4.21581E-09
643;76.5;0.649642857;284.5357143;61776;0.999449402;415.9632294;2.08E-05;0.649622012;0.000357692;5.79015E-09
372;74.07142857;0.812928571;297.4785714;73872;0.999445291;415.9824857;2.20E-05;0.812906595;0.000450939;6.10433E-09
555;96.64285714;0.8335;281.4785714;78192;0.999420643;415.9472047;2.22E-05;0.833477767;0.000482894;6.17575E-09
26;84.35714286;0.522357143;293.4785714;55728;0.999402057;415.961148;2.02E-05;0.522336966;0.00031234;5.60472E-09
567;98.92857143;0.7705;287.65;79056;0.999363783;415.9369986;2.23E-05;0.770477677;0.000490205;6.20073E-09
5;62.21428571;0.749928571;295.8214286;77328;0.999362836;415.9519157;2.22E-05;0.749906326;0.000477827;6.17923E-09
679;3.357142857;0.724214286;280.3071429;75600;0.999361482;415.9221864;2.20E-05;0.724192266;0.000462424;6.11672E-09
327;67.5;0.4285;287.8214286;51408;0.999348033;415.9315812;1.96E-05;0.428480436;0.000279368;5.43433E-09
480;45.78571429;0.843785714;291.5928571;86832;0.999347209;415.9385441;2.28E-05;0.843762878;0.000550816;6.34346E-09
389;76.35714286;0.208642857;286.5928571;32400;0.999317743;415.9180468;1.58E-05;0.208627041;0.000142348;4.39346E-09
641;4.214285714;0.982642857;296.8785714;103248;0.999308989;415.9358037;2.37E-05;0.982619181;0.000679017;6.57656E-09
205;22.21428571;0.411785714;285.25;52272;0.99930688;415.911263;1.97E-05;0.411766057;0.000285417;5.46023E-09
51;34.21428571;0.596928571;288.1357143;69552;0.999301422;415.9152477;2.16E-05;0.596906987;0.000417001;5.99553E-09
362;28.92857143;0.857928571;291.6214286;96336;0.999272152;415.912159;2.33E-05;0.857905236;0.000624442;6.48191E-09
646;27.07142857;0.956928571;278.8785714;107568;0.999260357;415.8796458;2.37E-05;0.956904883;0.000707786;6.57989E-09
686;56.07142857;0.595642857;282.25;73008;0.999257458;415.8861137;2.18E-05;0.595621048;0.00044229;6.0581E-09
316;90.35714286;0.1135;282.7357143;23760;0.999241582;415.8811568;1.30E-05;0.113486958;8.60804E-05;3.62291E-09
633;58.35714286;0.873357143;295.05;102384;0.999230359;415.9052641;2.36E-05;0.873333508;0.000672171;6.5652E-09
110;36.64285714;0.738357143;298.0785714;89424;0.999225178;415.9104144;2.30E-05;0.738334112;0.000572095;6.39756E-09
48;10.64285714;0.5815;284.1928571;74736;0.999216247;415.8749682;2.20E-05;0.581478047;0.000455752;6.09816E-09
492;43.64285714;0.549357143;279.6785714;72144;0.999208484;415.8611669;2.17E-05;0.549335445;0.000434825;6.02718E-09
669;91.92857143;0.825785714;292.1928571;101520;0.999195005;415.8863516;2.36E-05;0.825762141;0.000664753;6.548E-09
399;48.07142857;0.936357143;292.7928571;113616;0.999189518;415.8858789;2.40E-05;0.936333097;0.000758901;6.67952E-09
546;4.5;0.983928571;296.4214286;118800;0.999186619;415.8936367;2.43E-05;0.983904319;0.000800309;6.73661E-09
423;21.07142857;0.954357143;279.2785714;117936;0.999174977;415.8470521;2.40E-05;0.954333109;0.000787367;6.67622E-09
269;14.21428571;0.9145;294.5642857;114480;0.999162201;415.8807823;2.41E-05;0.914475907;0.000766167;6.69259E-09
508;17.35714286;0.685642857;295.2785714;90288;0.999156592;415.8806514;2.31E-05;0.6856198;0.000578277;6.4048E-09
636;94.35714286;0.6175;280.05;83376;0.999156539;415.8418175;2.25E-05;0.617477511;0.000520837;6.24685E-09
517;82.64285714;0.510785714;293.8214286;71280;0.999156461;415.8769454;2.18E-05;0.510763953;0.000430868;6.04472E-09
687;82.07142857;0.3655;292.2214286;57456;0.999111693;415.8572224;2.03E-05;0.365479657;0.000324676;5.65087E-09
235;63.64285714;0.434928571;294.3357143;66096;0.999101084;415.8592034;2.13E-05;0.434907277;0.000390964;5.9151E-09
113;70.21428571;0.782071429;295.7357143;106704;0.999097242;415.8616597;2.38E-05;0.782047609;0.000706021;6.61663E-09
106;46.35714286;0.742214286;278.3642857;104976;0.999075503;415.8054025;2.35E-05;0.742190755;0.000686175;6.53649E-09
12;58.07142857;0.9415;288.3071429;128304;0.999074779;415.833335;2.44E-05;0.941475558;0.000871096;6.78931E-09
377;7.928571429;0.198357143;292.6214286;39312;0.999042324;415.8340622;1.74E-05;0.198339747;0.000189962;4.83216E-09
16;52.35714286;0.926071429;278.65;138672;0.998978856;415.7680907;2.45E-05;0.926046879;0.000945652;6.81935E-09
231;95.21428571;0.965928571;286.3071429;144720;0.998967835;415.7881827;2.48E-05;0.96590377;0.000996998;6.88915E-09
342;60.07142857;0.332071429;293.7928571;60048;0.998963614;415.8102403;2.06E-05;0.332050796;0.000344154;5.73132E-09
449;85.78571429;0.386071429;290.1642857;67824;0.998956462;415.7962834;2.14E-05;0.386050045;0.00040288;5.94008E-09
680;20.5;0.803928571;289.9642857;124848;0.998949426;415.79313;2.44E-05;0.803904217;0.000844586;6.76492E-09
145;62.78571429;0.550642857;287.2214286;91152;0.998943099;415.7820047;2.30E-05;0.550619872;0.000581975;6.38467E-09
140;22.78571429;0.6085;284.5928571;100656;0.99892452;415.7664938;2.34E-05;0.608476594;0.00065443;6.50165E-09
177;24.07142857;0.2035;297.0214286;43632;0.998912706;415.8032401;1.83E-05;0.203481744;0.000221264;5.07115E-09
543;71.21428571;0.613642857;280.2214286;104112;0.998893411;415.7398053;2.35E-05;0.613619377;0.00067905;6.52231E-09
278;35.07142857;0.9685;279.1357143;155952;0.998886284;415.7332531;2.49E-05;0.968475101;0.001078634;6.91645E-09
474;25.07142857;0.1765;280.6214286;41040;0.998866267;415.730648;1.76E-05;0.176482447;0.000200104;4.87583E-09
385;33.92857143;0.798785714;288.1071429;133488;0.998860323;415.7547532;2.46E-05;0.798761163;0.000910358;6.81977E-09
671;35.64285714;0.886214286;295.9357143;146448;0.998853907;415.7797614;2.50E-05;0.886189318;0.001015684;6.93546E-09
533;23.5;0.352642857;288.3642857;68688;0.99884143;415.7487937;2.14E-05;0.352621444;0.000408561;5.94808E-09
433;93.78571429;0.911928571;279.1642857;153360;0.998839529;415.7149786;2.48E-05;0.911903729;0.001058267;6.90054E-09
632;44.07142857;0.758928571;293.7071429;130032;0.998832;415.7644441;2.45E-05;0.75890403;0.000886429;6.817E-09
325;17.78571429;0.704928571;294.9642857;122256;0.998827609;415.7673999;2.43E-05;0.704904235;0.000826452;6.76001E-09
60;94.78571429;0.937642857;297.4214286;158544;0.998815181;415.7719592;2.52E-05;0.937617631;0.001110937;7.00712E-09
219;84.07142857;0.612357143;295.5357143;111024;0.998793084;415.7576856;2.40E-05;0.612333179;0.000739064;6.65679E-09
248;0.642857143;0.483785714;283.7357143;93744;0.998760364;415.7015871;2.30E-05;0.483762683;0.000599718;6.3974E-09
341;18.92857143;0.585357143;295.85;109296;0.998760358;415.7477351;2.39E-05;0.585333242;0.000725633;6.63916E-09
569;5.214285714;0.157214286;296.9071429;40176;0.998756417;415.7503836;1.75E-05;0.157196767;0.000195509;4.86631E-09
104;68.35714286;0.784642857;286.1071429;142992;0.998748108;415.7061736;2.47E-05;0.784618127;0.000982288;6.86953E-09
452;72.92857143;0.929928571;284.8785714;167184;0.998743042;415.6995053;2.52E-05;0.929903401;0.001168881;6.99159E-09
291;1.642857143;0.991642857;287.3642857;179280;0.998724695;415.7024649;2.54E-05;0.991617462;0.001264647;7.05403E-09
220;25.5;0.459357143;279.85;92880;0.998713161;415.6680849;2.29E-05;0.459334231;0.000591119;6.36433E-09
586;65.5;0.715214286;279.4214286;136080;0.998707996;415.6643245;2.44E-05;0.71518984;0.00092406;6.79056E-09
22;82.92857143;0.722928571;284.7642857;137808;0.998698453;415.6823466;2.46E-05;0.722903991;0.000940926;6.8278E-09
147;46.92857143;0.456785714;293.9642857;94608;0.998664333;415.7074765;2.32E-05;0.456762498;0.000610114;6.44886E-09
462;46.64285714;0.8065;291.7642857;155088;0.998661202;415.6973719;2.51E-05;0.806474936;0.001079741;6.96212E-09
225;66.5;0.533928571;290.6785714;108432;0.998658761;415.6920351;2.38E-05;0.533904795;0.000716126;6.60438E-09
350;63.92857143;0.398928571;296.2214286;85104;0.998653882;415.7131354;2.27E-05;0.398905855;0.000537005;6.30998E-09
119;56.5;0.913214286;286.4785714;175824;0.998645874;415.669861;2.53E-05;0.913188966;0.001236607;7.03321E-09
339;54.92857143;0.674071429;297.65;134352;0.998632587;415.7118745;2.47E-05;0.674046731;0.000921734;6.86059E-09
598;27.35714286;0.773071429;292.4214286;152496;0.998628986;415.6887893;2.50E-05;0.773046408;0.001059892;6.95029E-09
210;18.64285714;0.800071429;284.25;160272;0.998607679;415.6460824;2.50E-05;0.800046408;0.001113956;6.95041E-09
282;45.07142857;0.396357143;286.9642857;87696;0.998603686;415.6563883;2.27E-05;0.396334424;0.000553439;6.31088E-09
360;72.07142857;0.7975;296.8214286;159408;0.998599584;415.6973351;2.52E-05;0.797474778;0.001116832;7.00612E-09
402;47.5;0.9505;282.7071429;189648;0.998590453;415.6327861;2.54E-05;0.950474568;0.001339774;7.06453E-09
153;65.07142857;0.677928571;295.1642857;139536;0.998583133;415.6846406;2.48E-05;0.677903789;0.000960535;6.88378E-09
655;85.5;0.987785714;297.5642857;195696;0.998581799;415.694561;2.58E-05;0.987759944;0.001400879;7.15844E-09
667;97.78571429;0.801357143;288.8785714;163728;0.998572074;415.653245;2.52E-05;0.801331983;0.001144279;6.9889E-09
63;59.64285714;0.7165;291.2785714;149040;0.998559859;415.6595101;2.49E-05;0.716475076;0.001031861;6.92338E-09
97;42.07142857;0.940214286;279.0214286;192240;0.998558006;415.6036552;2.54E-05;0.940188897;0.001355783;7.05256E-09
14;50.35714286;0.551928571;280.0214286;119664;0.998556536;415.6076384;2.40E-05;0.551904603;0.000796689;6.65772E-09
11;38.35714286;0.963357143;284.4785714;196560;0.998552171;415.6262136;2.55E-05;0.963331598;0.001394776;7.09593E-09
326;45.35714286;0.236928571;282.3071429;60912;0.998539258;415.6114126;2.05E-05;0.236908116;0.000346092;5.68183E-09
434;28.78571429;0.717785714;297.9928571;151632;0.998527859;415.6784696;2.51E-05;0.717760627;0.001056682;6.96873E-09
344;27.92857143;0.969785714;287.1928571;200880;0.998524506;415.6283151;2.56E-05;0.96976007;0.001430913;7.12322E-09
292;10.92857143;0.809071429;281.1928571;174096;0.998495331;415.5893075;2.52E-05;0.809046256;0.001217385;6.99261E-09
681;41.35714286;0.703642857;287.6785714;154224;0.998480743;415.6145469;2.50E-05;0.703617903;0.001069014;6.93157E-09
128;88.92857143;0.719071429;291.1928571;157680;0.998472213;415.6280819;2.51E-05;0.719046347;0.001098588;6.9672E-09
211;90.07142857;0.834785714;293.1357143;184464;0.998432395;415.6233768;2.55E-05;0.834760175;0.001308614;7.09414E-09
590;77.92857143;0.933785714;296.3357143;205200;0.998422077;415.6352929;2.58E-05;0.933759864;0.001473442;7.18052E-09
557;70.78571429;0.154642857;295.1357143;47952;0.998379024;415.6147767;1.88E-05;0.154624038;0.000250672;5.22757E-09
451;47.07142857;0.521071429;281.6785714;126576;0.998369053;415.5429818;2.42E-05;0.521047258;0.00084984;6.71407E-09
127;65.64285714;0.828357143;283.8785714;191376;0.998367036;415.5535323;2.54E-05;0.828331698;0.001352677;7.06817E-09
599;0.785714286;0.864357143;296.05;197424;0.998366174;415.6149703;2.58E-05;0.864331392;0.001412209;7.15318E-09
348;41.21428571;0.560928571;282.3357143;135216;0.998365174;415.544881;2.44E-05;0.560904156;0.000917021;6.78189E-09
99;3.214285714;0.202214286;282.2214286;59184;0.998358074;415.5415692;2.02E-05;0.20219409;0.000332021;5.60998E-09
9;48.35714286;0.872071429;284.1642857;206064;0.998318614;415.5367412;2.56E-05;0.872045812;0.001466289;7.1157E-09
336;75.07142857;0.713928571;288.5071429;171504;0.998315167;415.5583641;2.52E-05;0.713903322;0.00120285;7.01354E-09
241;76.64285714;0.841214286;278.5928571;201744;0.998304394;415.5014662;2.55E-05;0.841188833;0.001426368;7.07019E-09
601;3.928571429;0.832214286;290.1071429;199152;0.998294758;415.5594528;2.57E-05;0.832188633;0.001419127;7.12585E-09
401;8.785714286;0.182928571;295.6785714;56592;0.998276054;415.5824612;2.01E-05;0.18290851;0.000315359;5.5725E-09
383;23.92857143;0.132785714;293.9071429;45360;0.998262465;415.5683566;1.83E-05;0.132767403;0.00023072;5.08642E-09
531;79.5;0.672785714;285.3071429;168048;0.998256904;415.519739;2.51E-05;0.672760591;0.00117273;6.97854E-09
35;2.642857143;0.7525;278.1642857;190512;0.998221063;415.4660869;2.53E-05;0.752474704;0.00133865;7.02659E-09
619;27.78571429;0.4825;289.9071429;127440;0.998215338;415.5299153;2.43E-05;0.482475675;0.000861099;6.7569E-09
144;29.5;0.425928571;281.1642857;115344;0.998211519;415.47938;2.38E-05;0.425904796;0.000761765;6.60429E-09
314;89.5;0.814214286;284.05;206928;0.998192276;415.4884428;2.56E-05;0.814188679;0.001471875;7.11298E-09
584;15.92857143;0.972357143;284.9928571;244944;0.998182512;415.4901586;2.60E-05;0.972331169;0.001767247;7.2149E-09
222;1.5;0.526214286;293.4214286;140400;0.998167772;415.5328598;2.47E-05;0.526189564;0.000964145;6.86713E-09
98;63.5;0.994214286;297.7642857;250128;0.998164307;415.5562205;2.63E-05;0.994188018;0.001825072;7.29655E-09
58;40.92857143;0.654785714;292.3071429;173232;0.998138661;415.5163173;2.53E-05;0.654760386;0.001218778;7.03553E-09
484;33.35714286;0.837357143;279.1071429;221616;0.998114982;415.4296673;2.56E-05;0.837331502;0.001578433;7.12238E-09
260;10.35714286;0.337214286;295.5071429;98928;0.998096633;415.5204209;2.34E-05;0.337190929;0.000641843;6.48798E-09
108;93.35714286;0.751214286;293.2214286;202608;0.998072288;415.4984925;2.57E-05;0.751188555;0.001448125;7.14742E-09
68;99.35714286;0.8965;296.6785714;238032;0.998071771;415.5189113;2.61E-05;0.896473856;0.001728657;7.26229E-09
488;94.5;0.5365;293.05;149904;0.998066454;415.4954335;2.49E-05;0.536475088;0.001037347;6.92008E-09
152;98.07142857;0.854071429;279.7357143;231120;0.998065644;415.4141194;2.57E-05;0.854045696;0.001652078;7.14814E-09
382;68.92857143;0.899071429;282.0214286;242352;0.998062511;415.4269884;2.59E-05;0.899045553;0.001741941;7.18765E-09
367;70.92857143;0.708785714;286.4214286;193968;0.998062431;415.4539039;2.55E-05;0.708760225;0.001373321;7.08014E-09
24;43.07142857;0.789785714;294.8785714;212976;0.998061765;415.5047748;2.59E-05;0.789759839;0.00153079;7.18762E-09
431;58.21428571;0.146928571;291.0214286;53136;0.99804643;415.4761273;1.94E-05;0.146909124;0.000287035;5.4019E-09
142;88.5;0.531357143;292.0785714;150768;0.998036886;415.4791995;2.49E-05;0.531332236;0.001043115;6.91867E-09
46;93.92857143;0.765357143;284.7071429;212112;0.998025117;415.4294221;2.57E-05;0.76533149;0.001511491;7.12591E-09
310;15.35714286;0.406642857;285.9642857;120528;0.998023514;415.4366599;2.40E-05;0.406618851;0.000803724;6.66836E-09
416;37.5;0.915785714;282.3642857;254448;0.997995958;415.4035948;2.60E-05;0.915759748;0.001835273;7.21276E-09
634;87.07142857;0.659928571;285.8785714;187920;0.997991659;415.4242837;2.54E-05;0.659903181;0.001325362;7.0528E-09
338;67.92857143;0.7795;281.7928571;219888;0.997989017;415.3972824;2.57E-05;0.779474336;0.001567561;7.12891E-09
123;77.64285714;0.748642857;297.1071429;211248;0.997970464;415.4874398;2.59E-05;0.748616964;0.001519398;7.19248E-09
332;11.35714286;0.780785714;278.85;229392;0.997904584;415.3450685;2.57E-05;0.780760038;0.001636071;7.13221E-09
403;84.5;0.810357143;286.5071429;236304;0.997901859;415.3950554;2.59E-05;0.81033124;0.001700244;7.19515E-09
190;6.357142857;0.263928571;281.7642857;88560;0.997901711;415.3634675;2.25E-05;0.263906059;0.000553798;6.25337E-09
61;76.92857143;0.964642857;294.4785714;276912;0.997897816;415.445956;2.64E-05;0.964616494;0.002027857;7.32311E-09
670;37.92857143;0.7435;283.2214286;220752;0.997881328;415.3654333;2.57E-05;0.743474311;0.001575233;7.13576E-09
487;94.92857143;0.611071429;292.1642857;186192;0.997843584;415.4117655;2.55E-05;0.611045951;0.001317724;7.07723E-09
366;83.78571429;0.568642857;294.5357143;174960;0.997832399;415.4238219;2.54E-05;0.568617495;0.001232591;7.04499E-09
78;9.928571429;0.981357143;296.7928571;291600;0.9978135;415.4326009;2.65E-05;0.981330652;0.002145737;7.3585E-09
448;31.78571429;0.357785714;296.7642857;117072;0.997812678;415.4321307;2.41E-05;0.357761649;0.000782593;6.68471E-09
116;60.35714286;0.971071429;297.5928571;289872;0.997802928;415.434465;2.65E-05;0.971044932;0.002133514;7.36019E-09
602;24.92857143;0.334642857;286.1642857;111888;0.997801781;415.3556615;2.37E-05;0.334619188;0.000735618;6.5746E-09
575;36.5;0.539071429;289.0785714;169776;0.997798716;415.3747288;2.52E-05;0.539046267;0.001186649;6.9895E-09
606;7.785714286;0.461928571;288.7071429;148176;0.997794801;415.3707401;2.47E-05;0.461903823;0.001018644;6.87456E-09
73;19.92857143;0.265214286;293.1928571;92016;0.997792831;415.400993;2.29E-05;0.265191384;0.000585373;6.36164E-09
597;53.21428571;0.161071429;294.4214286;62640;0.997772773;415.4025149;2.06E-05;0.161050812;0.000358743;5.72705E-09
41;91.07142857;0.893928571;298.1071429;271728;0.997771278;415.4274164;2.64E-05;0.893902176;0.001992318;7.33203E-09
195;54.07142857;0.366785714;282.5357143;123120;0.997765028;415.3162969;2.40E-05;0.366761745;0.000819756;6.65819E-09
234;95.35714286;0.553214286;283.0214286;177552;0.997757931;415.3170467;2.51E-05;0.553189137;0.001240345;6.98581E-09
268;60.21428571;0.636785714;295.3071429;200016;0.997756901;415.4032133;2.57E-05;0.636760005;0.001428373;7.1413E-09
86;51.35714286;0.8155;280.3642857;257904;0.997723748;415.2847078;2.59E-05;0.815474089;0.001856284;7.19758E-09
442;64.21428571;0.559642857;292.5642857;181008;0.997718198;415.3705185;2.54E-05;0.559617459;0.001276994;7.0549E-09
306;84.78571429;0.802642857;279.9071429;255312;0.997713202;415.2772469;2.59E-05;0.802616976;0.001835482;7.18917E-09
162;26.35714286;0.967214286;286.5642857;305424;0.997690325;415.3172269;2.63E-05;0.967187955;0.002233951;7.31426E-09
456;15.07142857;0.364214286;288.85;125712;0.997683261;415.3313118;2.42E-05;0.364190122;0.000843789;6.71208E-09
217;23.64285714;0.478642857;290.3928571;161136;0.997660244;415.3343095;2.50E-05;0.478617837;0.001119907;6.95008E-09
244;66.64285714;0.544214286;295.25;183600;0.997612414;415.3534155;2.55E-05;0.544188808;0.001299358;7.07712E-09
239;90.92857143;0.6985;286.7642857;232848;0.997607023;415.2879332;2.58E-05;0.698474157;0.001671494;7.17848E-09
120;45.92857143;0.946642857;288.2785714;310608;0.997595132;415.2950406;2.64E-05;0.946616471;0.002276551;7.32934E-09
216;62.35714286;0.676642857;285.7642857;227664;0.997591314;415.2745081;2.58E-05;0.676617085;0.00162982;7.15888E-09
157;39.92857143;0.859214286;290.05;283824;0.997588605;415.306104;2.63E-05;0.859188006;0.002071905;7.29996E-09
570;45.64285714;0.631642857;290.0785714;213840;0.997580306;415.3033449;2.57E-05;0.631617127;0.001528382;7.14732E-09
368;20.78571429;0.990357143;286.9928571;327888;0.997568896;415.2756132;2.64E-05;0.990330708;0.002407661;7.34294E-09
337;66.21428571;0.9055;295.3642857;299376;0.997567942;415.3390709;2.65E-05;0.905473518;0.002202229;7.35606E-09
558;92.07142857;0.787214286;296.0785714;263088;0.99756069;415.3420028;2.63E-05;0.78718801;0.00192026;7.29893E-09
228;34.78571429;0.6895;285.65;234576;0.997559285;415.2616934;2.58E-05;0.689474173;0.001682873;7.17411E-09
52;8.5;0.301214286;278.3357143;112752;0.997557645;415.2039965;2.35E-05;0.301190797;0.000735672;6.52469E-09
197;85.35714286;0.4735;297.5071429;165456;0.997550969;415.3495431;2.52E-05;0.473474769;0.001159616;7.00861E-09
469;20.21428571;0.2485;289.6785714;95472;0.997549063;415.2890614;2.30E-05;0.248477034;0.000609058;6.37944E-09
406;41.92857143;0.204785714;281.1357143;82512;0.997534513;415.2169874;2.20E-05;0.204763685;0.000504897;6.11907E-09
408;30.21428571;0.587928571;295.5928571;203472;0.997526561;415.3266902;2.57E-05;0.587902842;0.001454205;7.14696E-09
553;72.5;0.692071429;286.6785714;238896;0.997518341;415.2545143;2.59E-05;0.692045548;0.001717485;7.18926E-09
439;74.5;0.451642857;291.1357143;162000;0.997506133;415.285027;2.50E-05;0.451617827;0.001126337;6.9527E-09
374;11.92857143;0.395071429;295.9642857;143856;0.99749594;415.3191394;2.48E-05;0.395046672;0.000989283;6.87689E-09
65;26.07142857;0.720357143;284.4214286;250992;0.997491035;415.2264502;2.59E-05;0.72033122;0.001807351;7.20083E-09
631;91.35714286;0.856642857;282.9928571;297648;0.997472707;415.2080371;2.62E-05;0.856616672;0.002164987;7.27365E-09
117;32.5;0.947928571;292.9642857;325296;0.997469402;415.2864696;2.65E-05;0.947902024;0.002398826;7.37429E-09
155;47.78571429;0.820642857;278.5357143;288144;0.997461443;415.1674548;2.60E-05;0.820616829;0.002083249;7.22989E-09
463;28.21428571;0.688214286;284.5642857;243216;0.997461219;415.2163657;2.59E-05;0.688188424;0.001747225;7.18384E-09
299;70.64285714;0.490214286;284.7357143;178416;0.997456958;415.2161481;2.52E-05;0.490189132;0.001246636;6.98724E-09
457;15.5;0.818071429;285.9071429;286416;0.99745323;415.2242226;2.62E-05;0.818045242;0.00208344;7.27417E-09
355;44.92857143;0.978785714;281.3642857;341712;0.997444648;415.1840221;2.64E-05;0.978759364;0.002501142;7.31944E-09
432;73.21428571;0.735785714;288.0785714;260496;0.997436321;415.2355534;2.61E-05;0.735759645;0.001886318;7.24126E-09
422;29.35714286;0.807785714;287.1357143;284688;0.997434815;415.2273569;2.62E-05;0.807759511;0.00207212;7.27856E-09
229;11.64285714;0.767928571;288.6214286;275184;0.997394622;415.2247949;2.62E-05;0.767902397;0.002000744;7.27057E-09
160;6.928571429;0.9865;283.3357143;353808;0.997366399;415.1703497;2.64E-05;0.986473565;0.002598047;7.3431E-09
270;25.35714286;0.919642857;282.4785714;332208;0.997358314;415.1600376;2.63E-05;0.919616531;0.002429408;7.31291E-09
588;9.214285714;0.517214286;291.9928571;193104;0.997355021;415.2384585;2.55E-05;0.517188782;0.001368021;7.08437E-09
257;9.357142857;0.875928571;280.5642857;321840;0.997322772;415.1299831;2.62E-05;0.87590234;0.00234506;7.28642E-09
206;51.21428571;0.418214286;279.5928571;162864;0.997321278;415.1210334;2.48E-05;0.418189523;0.00112028;6.87862E-09
410;88.64285714;0.640642857;289.7928571;239760;0.997304107;415.2018635;2.59E-05;0.640616924;0.001727105;7.20347E-09
450;60.92857143;0.778214286;296.5071429;287280;0.997291473;415.254224;2.64E-05;0.778187872;0.002107814;7.33714E-09
563;2.357142857;0.350071429;279.45;141264;0.997275619;415.1018415;2.43E-05;0.350047124;0.000953728;6.75139E-09
688;14.64285714;0.999357143;287.85;370224;0.997263728;415.1705504;2.66E-05;0.999330553;0.002734513;7.3861E-09
134;5.785714286;0.918357143;282.8214286;343440;0.997260585;415.1255729;2.64E-05;0.918330772;0.002515761;7.32518E-09
493;73.35714286;0.1675;290.5071429;76464;0.997248604;415.1880901;2.17E-05;0.167478302;0.000460859;6.02713E-09
605;50.07142857;0.922214286;294.25;345168;0.997230365;415.2140764;2.66E-05;0.922187646;0.002554197;7.39987E-09
369;73.64285714;0.566071429;291.9357143;219024;0.99722906;415.1935473;2.58E-05;0.566045647;0.00156855;7.16154E-09
114;5.642857143;0.764071429;296.0214286;289008;0.997225492;415.2277162;2.64E-05;0.764045022;0.002119922;7.33517E-09
186;92.35714286;0.242071429;282.05;105840;0.99718057;415.0880119;2.32E-05;0.242048215;0.000682503;6.44845E-09
622;50.21428571;0.739642857;292.25;285552;0.997179923;415.178991;2.63E-05;0.73961656;0.00208585;7.30462E-09
307;64.92857143;0.5905;289.9928571;231984;0.997178549;415.1584781;2.59E-05;0.590474145;0.001666067;7.18182E-09
409;37.35714286;0.627785714;285.1357143;247536;0.997166275;415.1104523;2.59E-05;0.627759842;0.001778972;7.18672E-09
3;34.64285714;0.847642857;294.0214286;327024;0.997154755;415.1859237;2.65E-05;0.847616308;0.002411752;7.37485E-09
232;30.07142857;0.985214286;292.1071429;378000;0.997153885;415.168553;2.67E-05;0.985187581;0.002804033;7.41808E-09
29;43.92857143;0.980071429;287.0785714;380592;0.997131304;415.115064;2.66E-05;0.980044835;0.002811527;7.38725E-09
420;36.78571429;0.8605;289.1071429;336528;0.997123921;415.1308172;2.65E-05;0.860473525;0.002474866;7.35412E-09
331;62.64285714;0.6265;291.25;251856;0.99709245;415.1390711;2.60E-05;0.626473963;0.00182158;7.23263E-09
271;69.5;0.260071429;284.1071429;116208;0.997066112;415.0632719;2.36E-05;0.260047791;0.00076302;6.56599E-09
654;24.21428571;0.839928571;293.3928571;340848;0.997003721;415.127726;2.66E-05;0.83990199;0.00251666;7.38353E-09
258;83.35714286;0.207357143;285.45;98064;0.996993142;415.0485536;2.29E-05;0.207334254;0.000623493;6.35803E-09
259;12.07142857;0.846357143;292.45;346032;0.996981556;415.1110749;2.66E-05;0.846330565;0.002554682;7.38279E-09
428;18.07142857;0.819357143;288.8214286;337392;0.996973867;415.0737511;2.65E-05;0.819330687;0.002479484;7.34897E-09
568;6.785714286;0.5275;281.5928571;225072;0.996969497;415.0022981;2.56E-05;0.527474431;0.00159859;7.10257E-09
166;86.35714286;0.774357143;278.4214286;323568;0.996965294;414.9696378;2.61E-05;0.774330998;0.002349946;7.2626E-09
507;56.21428571;0.6445;297.3071429;268272;0.996961519;415.1501612;2.63E-05;0.644473721;0.001958301;7.29968E-09
250;68.78571429;0.582785714;297.6214286;245808;0.996940079;415.1459495;2.61E-05;0.582759597;0.001783278;7.25476E-09
109;30.92857143;0.992928571;292.9071429;408240;0.996939313;415.1006252;2.68E-05;0.992901772;0.003039044;7.44426E-09
375;92.64285714;0.299928571;279.3928571;136944;0.996938888;414.9687667;2.41E-05;0.299904435;0.000918115;6.70431E-09
561;96.35714286;0.879785714;293.2785714;364176;0.996934223;415.1024168;2.67E-05;0.879759051;0.002697227;7.40638E-09
357;50.64285714;0.506928571;282.3928571;222480;0.996885;414.9776358;2.56E-05;0.50690302;0.001579082;7.09764E-09
74;14.35714286;0.324357143;295.7642857;147312;0.996879169;415.1074924;2.47E-05;0.324332405;0.001012264;6.87156E-09
274;69.21428571;0.848928571;289.1357143;360720;0.99686675;415.037975;2.65E-05;0.848902025;0.002659905;7.37388E-09
101;57.92857143;0.760214286;284.45;328752;0.996840731;414.9814573;2.63E-05;0.760187986;0.002401721;7.30557E-09
154;44.78571429;0.416928571;295.7071429;187056;0.9968301;415.0902005;2.54E-05;0.416903136;0.001321622;7.06538E-09
189;4.642857143;0.829642857;278.6785714;361584;0.996817071;414.9134293;2.63E-05;0.829616566;0.002640694;7.30313E-09
698;54.21428571;0.594357143;288.1642857;262224;0.99681249;415.0085109;2.60E-05;0.594331134;0.001894519;7.22481E-09
697;33.78571429;0.193214286;287.9357143;97200;0.996805995;415.0038211;2.29E-05;0.193191429;0.000617127;6.34905E-09
556;28.07142857;0.469642857;297.7357143;210384;0.996793679;415.0980508;2.58E-05;0.46961709;0.001505826;7.15751E-09
700;33.21428571;0.589214286;281.5642857;263952;0.996781938;414.9294792;2.59E-05;0.589188425;0.001896128;7.18361E-09
380;18.35714286;0.792357143;288.5357143;346896;0.996781062;415.0008221;2.65E-05;0.792330674;0.002550549;7.35249E-09
682;31.35714286;0.247214286;278.3071429;121392;0.996776977;414.8936617;2.36E-05;0.247190657;0.000796777;6.56367E-09
148;32.07142857;0.164928571;290.9928571;85968;0.996775656;415.0239121;2.23E-05;0.164906302;0.000531786;6.18587E-09
430;82.35714286;0.6355;297.9357143;281232;0.996760066;415.088817;2.64E-05;0.635473643;0.002058978;7.32128E-09
146;0.928571429;0.3835;297.9642857;176688;0.996759327;415.088858;2.53E-05;0.383474678;0.001242798;7.03386E-09
509;80.64285714;0.591785714;280.45;267408;0.996754777;414.9073201;2.59E-05;0.591759859;0.001920477;7.18182E-09
32;27.5;0.369357143;291.3642857;172368;0.996745908;415.0171275;2.51E-05;0.36933204;0.001201922;6.973E-09
243;77.5;0.443928571;296.1071429;204336;0.996720169;415.0567991;2.57E-05;0.443902919;0.001456011;7.12557E-09
296;72.21428571;0.791071429;280.7928571;357264;0.996698965;414.8891737;2.63E-05;0.791045115;0.002611354;7.30931E-09
365;61.07142857;0.665071429;297.8785714;303696;0.996642069;415.0487984;2.65E-05;0.665044956;0.002233264;7.35362E-09
66;86.92857143;0.670214286;278.7642857;311472;0.996636326;414.8427188;2.61E-05;0.67018823;0.002254382;7.23783E-09
466;80.92857143;0.775642857;294.9928571;352944;0.996633808;415.0157127;2.66E-05;0.775616225;0.002610963;7.39767E-09
281;12.92857143;0.927357143;296.9928571;418608;0.996627346;415.0345701;2.69E-05;0.927330245;0.003127655;7.47156E-09
521;97.5;0.711357143;278.45;331344;0.996617831;414.8319459;2.61E-05;0.711331003;0.00240593;7.26112E-09
49;48.21428571;0.6715;296.9357143;308880;0.996617075;415.0305045;2.65E-05;0.671473524;0.002271634;7.35442E-09
42;43.78571429;0.7885;291.3071429;363312;0.996597983;414.9639865;2.66E-05;0.78847342;0.00268249;7.38343E-09
510;7.642857143;0.335928571;287.9071429;166320;0.996576208;414.9193757;2.49E-05;0.335903676;0.00115015;6.91528E-09
384;74.78571429;0.681785714;295.0214286;317520;0.996575621;414.9960309;2.65E-05;0.681759244;0.002334693;7.3529E-09
96;26.64285714;0.9325;283.5357143;432432;0.996572868;414.8703064;2.66E-05;0.932473395;0.003195801;7.3903E-09
100;88.78571429;0.468357143;296.2785714;224208;0.996562543;415.0050567;2.59E-05;0.468331293;0.001609958;7.18064E-09
496;47.21428571;0.740928571;280.25;350352;0.996551227;414.8255835;2.63E-05;0.740902314;0.002555294;7.29351E-09
481;28.64285714;0.888785714;290.45;413424;0.996547612;414.9367372;2.67E-05;0.888758995;0.003068433;7.422E-09
438;19.07142857;0.668928571;278.3928571;320112;0.996533607;414.7978435;2.61E-05;0.668902494;0.002318769;7.24362E-09
67;15.78571429;0.373214286;289.1928571;185328;0.996521328;414.9134736;2.52E-05;0.373189067;0.00129829;7.00536E-09
183;14.78571429;0.181642857;283.85;99792;0.99651535;414.8519304;2.28E-05;0.181620023;0.000632962;6.34281E-09
615;98.21428571;0.783357143;292.0214286;369360;0.996514578;414.9422019;2.66E-05;0.783330532;0.00273033;7.39206E-09
692;94.64285714;0.524928571;294.1928571;253584;0.996504282;414.9624446;2.61E-05;0.52490252;0.001835002;7.23627E-09
20;23.78571429;0.360357143;282.4214286;181872;0.996494195;414.8278111;2.50E-05;0.360332136;0.001263342;6.94632E-09
495;65.92857143;0.917071429;296.3928571;431568;0.996482804;414.9792424;2.69E-05;0.917044523;0.00322552;7.47396E-09
261;10.07142857;0.683071429;280.7071429;330480;0.996482132;414.8037367;2.62E-05;0.683045253;0.002402955;7.27111E-09
288;22.64285714;0.514642857;284.3357143;252720;0.99647979;414.8439141;2.58E-05;0.51461705;0.001811651;7.16861E-09
536;66.35714286;0.945357143;281.7357143;451440;0.99647183;414.8114263;2.66E-05;0.945330545;0.003335381;7.38831E-09
59;30.35714286;0.974928571;290.9357143;461808;0.996467297;414.9133975;2.68E-05;0.974901722;0.003444133;7.45793E-09
295;54.78571429;0.9775;287.3928571;465264;0.996460712;414.871268;2.68E-05;0.977473231;0.003459654;7.43589E-09
287;77.35714286;0.747357143;297.3642857;358992;0.996438412;414.9749882;2.67E-05;0.74733045;0.002661778;7.41459E-09
221;53.78571429;0.891357143;291.1642857;427248;0.996436425;414.9049614;2.68E-05;0.891330378;0.003176418;7.4346E-09
255;88.35714286;0.861785714;283.8214286;416880;0.996431702;414.8198495;2.66E-05;0.861759159;0.003075108;7.37648E-09
237;74.35714286;0.973642857;280.4785714;470448;0.99642899;414.7803779;2.66E-05;0.973616251;0.003476888;7.39059E-09
621;98.35714286;0.557071429;296.3642857;274320;0.996410898;414.9545332;2.62E-05;0.55704519;0.001999386;7.28852E-09
512;59.07142857;0.226642857;287.3071429;123984;0.9963777;414.8397207;2.38E-05;0.226619019;0.000820968;6.62157E-09
313;61.64285714;0.890071429;292.8214286;434160;0.996366479;414.8990633;2.68E-05;0.890044612;0.003234093;7.44908E-09
204;67.64285714;0.485071429;278.25;249264;0.996343708;414.7206481;2.56E-05;0.485045814;0.001773563;7.1152E-09
392;11.78571429;0.863071429;296.85;423792;0.996333289;414.9337654;2.69E-05;0.863044546;0.003164634;7.46742E-09
650;35.35714286;0.865642857;282.1071429;430704;0.996331869;414.7617102;2.65E-05;0.865616317;0.003175291;7.37233E-09
90;38.21428571;0.895214286;291.4785714;444528;0.996302726;414.8610414;2.68E-05;0.895187481;0.003309853;7.44577E-09
639;43.35714286;0.730642857;288.4785714;367632;0.996296567;414.8236382;2.65E-05;0.73061636;0.002705887;7.36031E-09
465;10.5;0.2395;290.9071429;132624;0.996283587;414.847532;2.42E-05;0.239475839;0.000890081;6.71131E-09
27;48.64285714;0.771785714;280.5357143;391824;0.996279517;414.7226562;2.64E-05;0.771759332;0.002871416;7.32833E-09
427;13.07142857;0.850214286;282.9642857;428976;0.996278705;414.751489;2.66E-05;0.850187734;0.003163898;7.37547E-09
595;45.5;0.868214286;293.45;438480;0.996235912;414.8607261;2.68E-05;0.868187455;0.003268035;7.4531E-09
30;2.214285714;0.445214286;292.2785714;235440;0.996207338;414.8367576;2.58E-05;0.445188467;0.001688547;7.17188E-09
122;69.07142857;0.5545;280.1357143;292464;0.996200277;414.6867805;2.59E-05;0.554474065;0.002106946;7.20412E-09
249;97.07142857;0.3115;293.0214286;170640;0.996191357;414.8400465;2.50E-05;0.311474971;0.001186392;6.9526E-09
473;74.21428571;0.378357143;281.4214286;207792;0.99614506;414.6811623;2.53E-05;0.378331874;0.001458544;7.01925E-09
84;20.64285714;0.729357143;291.0785714;381456;0.996136545;414.7971462;2.66E-05;0.72933055;0.002817839;7.38706E-09
519;82.78571429;0.962071429;283.0785714;502416;0.99612567;414.6943434;2.67E-05;0.962044721;0.003727382;7.41892E-09
132;51.64285714;0.632928571;289.5928571;335664;0.996114393;414.77095;2.64E-05;0.632902195;0.002459312;7.32671E-09
17;16.5;0.289642857;286.2214286;164592;0.996093383;414.7213901;2.47E-05;0.289618108;0.001131524;6.87472E-09
437;57.78571429;0.9595;285.0785714;506736;0.996073993;414.6998062;2.68E-05;0.959473238;0.003767004;7.43386E-09
647;91.21428571;0.712642857;293.1071429;378864;0.996067825;414.79785;2.66E-05;0.71261623;0.002802236;7.39642E-09
552;41.64285714;0.220214286;281.0785714;130896;0.996062499;414.6447755;2.38E-05;0.220190439;0.000867094;6.6243E-09
547;72.35714286;0.944071429;281.2214286;503280;0.996052769;414.6428131;2.67E-05;0.944044773;0.003726468;7.40436E-09
164;86.21428571;0.344928571;284.9071429;194832;0.996049155;414.6882969;2.52E-05;0.344903391;0.001362759;6.99454E-09
191;18.5;0.609785714;281.3928571;333072;0.996031943;414.6369195;2.62E-05;0.609759561;0.002419664;7.26469E-09
407;53.35714286;0.177785714;286.0214286;110160;0.99600089;414.684403;2.32E-05;0.177762479;0.000710985;6.45411E-09
695;1.785714286;0.766642857;283.3071429;417744;0.995989039;414.6450374;2.65E-05;0.766616358;0.003074975;7.36091E-09
201;2.785714286;0.121214286;291.5071429;80784;0.995978088;414.746115;2.17E-05;0.121192561;0.000487513;6.03477E-09
395;57.5;0.638071429;286.8214286;351216;0.995969862;414.6831437;2.64E-05;0.638045071;0.002571516;7.32175E-09
105;19.21428571;0.479928571;297.1357143;266544;0.995965196;414.8129787;2.62E-05;0.479902417;0.001936418;7.26491E-09
400;6.642857143;0.503071429;284.0214286;282960;0.995946663;414.6381732;2.59E-05;0.503045486;0.002039118;7.20638E-09
131;57.07142857;0.852785714;290.1928571;466128;0.995932383;414.7129388;2.68E-05;0.852758924;0.003468806;7.44174E-09
551;66.92857143;0.5455;279.2214286;308016;0.995927498;414.5677307;2.60E-05;0.545474035;0.00222155;7.21245E-09
302;81.5;0.904214286;296.4785714;491184;0.995925867;414.7913376;2.70E-05;0.904187286;0.003683889;7.50002E-09
139;69.35714286;0.262642857;286.3928571;156816;0.995924109;414.6606132;2.46E-05;0.262618282;0.001070504;6.8265E-09
311;22.07142857;0.9955;283.5642857;546480;0.995916372;414.6206728;2.68E-05;0.99547322;0.004065252;7.43898E-09
143;64.5;0.823214286;281.1071429;456624;0.995911139;414.5862595;2.65E-05;0.823187749;0.003366009;7.37151E-09
227;65.21428571;0.652214286;281.45;365904;0.995905446;414.5885847;2.63E-05;0.652188012;0.002670527;7.29844E-09
85;93.64285714;0.238214286;280.4214286;145584;0.995894338;414.5706072;2.42E-05;0.238190101;0.000978027;6.71796E-09
644;63.21428571;0.604642857;293.3071429;339120;0.995878152;414.7340593;2.65E-05;0.6046164;0.002492246;7.34916E-09
283;63.78571429;0.404071429;279.25;237168;0.995847101;414.5363349;2.55E-05;0.404045957;0.001678068;7.07544E-09
648;46.5;0.231785714;297.05;142128;0.995831323;414.7667166;2.45E-05;0.23176124;0.00096624;6.79838E-09
513;42.21428571;0.532642857;285.9928571;306288;0.995828989;414.6199058;2.61E-05;0.532616744;0.002221659;7.2535E-09
637;12.21428571;0.706214286;278.7928571;403056;0.995826646;414.522048;2.63E-05;0.706187962;0.002947282;7.31234E-09
112;38.92857143;0.693357143;286.7357143;393552;0.995822713;414.6274959;2.65E-05;0.693330649;0.002896352;7.35951E-09
664;87.92857143;0.567357143;283.9071429;326160;0.99582258;414.5895442;2.62E-05;0.567330983;0.002370089;7.26665E-09
305;58.64285714;0.555785714;293.7642857;318384;0.995804915;414.7145105;2.64E-05;0.555759351;0.002331568;7.32313E-09
53;57.35714286;0.409214286;285.2785714;241488;0.995795252;414.597688;2.57E-05;0.409188635;0.001720643;7.12517E-09
527;71.64285714;0.909357143;285.5642857;514512;0.995793869;414.6010233;2.68E-05;0.909330381;0.003824875;7.43399E-09
610;61.5;0.951785714;283.1357143;539568;0.995788322;414.5660642;2.67E-05;0.951758969;0.004008615;7.4293E-09
550;66.78571429;0.866928571;289.5071429;490320;0.995787537;414.6516885;2.68E-05;0.866901758;0.003651905;7.448E-09
663;78.64285714;0.359071429;280.85;216432;0.995764407;414.5256348;2.53E-05;0.359046132;0.00152088;7.02706E-09
534;13.5;0.931214286;289.85;530064;0.995747477;414.6418309;2.69E-05;0.931187391;0.00396001;7.47082E-09
93;21.21428571;0.996785714;294.5071429;569808;0.995700894;414.6883633;2.71E-05;0.99675864;0.004285287;7.52058E-09
522;32.35714286;0.908071429;289.1642857;524016;0.995694173;414.6132109;2.69E-05;0.908044567;0.003909998;7.4616E-09
31;46.21428571;0.6535;280.65;385776;0.995687228;414.4927343;2.63E-05;0.653473699;0.002818397;7.30578E-09
397;1.928571429;0.9235;291.85;532656;0.995683136;414.6460116;2.69E-05;0.923473056;0.003986624;7.48443E-09
361;29.78571429;0.648357143;286.85;382320;0.995668609;414.5719397;2.64E-05;0.6483307;0.002808288;7.34539E-09
265;13.35714286;0.375785714;283.9357143;230256;0.995660116;414.5282035;2.55E-05;0.375760216;0.001630866;7.08284E-09
135;83.92857143;0.900357143;280.8214286;528336;0.995655398;414.4827096;2.67E-05;0.900330489;0.003911693;7.4038E-09
576;79.21428571;0.422071429;287.9642857;257040;0.995631786;414.5738537;2.58E-05;0.422045607;0.001843698;7.17281E-09
137;49.07142857;0.920928571;295.8785714;536112;0.995626547;414.6815155;2.70E-05;0.920901525;0.004027638;7.51268E-09
696;49.64285714;0.695928571;297.9071429;409968;0.995614229;414.7051874;2.68E-05;0.695901769;0.003052183;7.44493E-09
178;31.64285714;0.7075;285.2214286;422064;0.99560531;414.5255445;2.65E-05;0.70747348;0.003109243;7.36676E-09
387;52.21428571;0.486357143;285.6785714;295920;0.995602204;414.5308297;2.60E-05;0.486331122;0.002138899;7.22797E-09
13;61.21428571;0.796214286;291.1071429;471312;0.995594474;414.6042243;2.68E-05;0.796187493;0.003507743;7.44251E-09
668;37.21428571;0.667642857;294.7642857;397008;0.995592762;414.6545404;2.67E-05;0.667616175;0.002942461;7.41159E-09
40;97.64285714;0.314071429;287.0214286;198288;0.995579017;414.5411697;2.52E-05;0.31404622;0.001388504;7.00246E-09
653;95.78571429;0.694642857;281.65;420336;0.995559163;414.45707;2.64E-05;0.694616437;0.003084796;7.33888E-09
412;59.21428571;0.998071429;285.8214286;594000;0.995556535;414.5157692;2.69E-05;0.998044551;0.004434895;7.46615E-09
483;21.92857143;0.811642857;292.8785714;486000;0.995531698;414.6068919;2.69E-05;0.811615993;0.003626665;7.46227E-09
115;63.35714286;0.621357143;290.6214286;377136;0.995531272;414.5747861;2.65E-05;0.621330638;0.002776676;7.36253E-09
535;42.92857143;0.278071429;283.05;180144;0.995528477;414.4654064;2.48E-05;0.278046581;0.001243403;6.90227E-09
253;87.78571429;0.870785714;295.65;524880;0.995478166;414.627599;2.70E-05;0.870758707;0.003937548;7.50181E-09
70;49.92857143;0.643214286;289.3642857;397872;0.995440682;414.5240859;2.65E-05;0.643187751;0.002932618;7.37076E-09
185;65.78571429;0.3295;284.65;214704;0.995416433;414.4461215;2.53E-05;0.329474677;0.001510285;7.03427E-09
199;33.64285714;0.645785714;293.5928571;400464;0.995410139;414.5745661;2.66E-05;0.645759068;0.002964067;7.40158E-09
184;61.35714286;0.577642857;288.7357143;362448;0.995400461;414.5002891;2.64E-05;0.577616468;0.002656891;7.33041E-09
38;13.21428571;0.877214286;290.65;541296;0.995388786;414.5241344;2.69E-05;0.877187384;0.004045023;7.47285E-09
293;55.21428571;0.432357143;293.1642857;276048;0.995378994;414.5574428;2.61E-05;0.432331088;0.001997925;7.2376E-09
28;95.07142857;0.8785;281.9357143;549072;0.99536614;414.3865287;2.67E-05;0.878473309;0.004070846;7.41405E-09
171;26.78571429;0.684357143;289.5642857;429840;0.995354462;414.4957877;2.66E-05;0.684330516;0.003179207;7.39626E-09
118;39.64285714;0.836071429;288.6785714;522288;0.995347084;414.4799801;2.68E-05;0.836044615;0.00389017;7.44832E-09
136;59.35714286;0.942785714;279.9642857;591408;0.995346845;414.3493132;2.67E-05;0.94275901;0.004386928;7.41777E-09
226;69.64285714;0.346214286;297.8214286;226800;0.995313169;414.6030509;2.58E-05;0.34618853;0.001622648;7.15453E-09
554;89.78571429;0.960785714;290.3357143;600912;0.995312471;414.4920982;2.70E-05;0.960758733;0.004503711;7.49479E-09
77;71.5;0.701071429;296.9642857;441072;0.995309779;414.5893163;2.68E-05;0.701044591;0.00328818;7.45497E-09
245;95.5;0.881071429;284.3642857;555984;0.995309457;414.4013807;2.68E-05;0.88104467;0.004132703;7.43313E-09
627;10.21428571;0.339785714;297.3928571;223344;0.995305724;414.594252;2.57E-05;0.339760004;0.001595048;7.14166E-09
223;50.92857143;0.938928571;290.8785714;588816;0.995300734;414.4959875;2.70E-05;0.938901595;0.004412275;7.49347E-09
303;99.5;0.505642857;294.9071429;324432;0.995300722;414.5558677;2.64E-05;0.50561649;0.002376156;7.32405E-09
72;41.07142857;0.830928571;280.8785714;531792;0.99526694;414.3319372;2.66E-05;0.830901947;0.003932835;7.39544E-09
674;51.78571429;0.361642857;290.3071429;240624;0.995250741;414.4694757;2.57E-05;0.361617161;0.001717536;7.13784E-09
396;78.21428571;0.746071429;293.85;477360;0.995229471;414.5153937;2.68E-05;0.746044588;0.003559155;7.45591E-09
359;1.214285714;0.393785714;294.3642857;261360;0.995213812;414.5177096;2.60E-05;0.393759753;0.001884732;7.21125E-09
394;17.64285714;0.756357143;296.6214286;484272;0.995211401;414.5508892;2.69E-05;0.756330218;0.003621891;7.47904E-09
415;27.21428571;0.737071429;290.0214286;475632;0.995207121;414.4494314;2.67E-05;0.73704469;0.003532694;7.42737E-09
298;23.35714286;0.874642857;285.3357143;563760;0.995203923;414.3763851;2.68E-05;0.87461607;0.004194854;7.44085E-09
378;39.5;0.6805;296.5928571;439344;0.995191417;414.543676;2.68E-05;0.680473187;0.003272241;7.44802E-09
489;97.35714286;0.726785714;283.5071429;473904;0.995188139;414.3421103;2.66E-05;0.726759148;0.003497192;7.37954E-09
498;75.78571429;0.883642857;283.25;577584;0.995143221;414.3209276;2.67E-05;0.883616108;0.004291658;7.43036E-09
62;8.357142857;0.901642857;282.1642857;593136;0.995113419;414.2923665;2.67E-05;0.901616115;0.004405951;7.42823E-09
511;32.92857143;0.663785714;278.5071429;443664;0.995106768;414.2316348;2.64E-05;0.663759358;0.003248057;7.32099E-09
529;17.21428571;0.762785714;281.2785714;507600;0.99508844;414.2686194;2.66E-05;0.762759143;0.003746468;7.38075E-09
174;47.35714286;0.438785714;289.3357143;298512;0.995074323;414.3907784;2.61E-05;0.438759649;0.002161317;7.2403E-09
499;97.21428571;0.721642857;282.5928571;482544;0.995068483;414.2818487;2.66E-05;0.721616307;0.003558794;7.37507E-09
182;48.5;0.602071429;298.05;403920;0.995018872;414.5078614;2.67E-05;0.6020447;0.002998995;7.42472E-09
247;13.64285714;0.389928571;281.8214286;272592;0.995008415;414.2462582;2.57E-05;0.389902866;0.001946362;7.1402E-09
363;32.78571429;0.805214286;279.7071429;547344;0.994978816;414.2003021;2.66E-05;0.805187693;0.004043129;7.38682E-09
233;13.92857143;0.449071429;293.7357143;309744;0.994975186;414.4250096;2.62E-05;0.449045203;0.0022565;7.28505E-09
381;36.21428571;0.821928571;292.1357143;552528;0.99497291;414.398748;2.69E-05;0.82190165;0.004131909;7.47819E-09
263;30.5;0.794928571;294.85;534384;0.994966037;414.4395294;2.70E-05;0.794901613;0.004001641;7.48832E-09
125;12.5;0.571214286;279.8785714;395280;0.994957274;414.1946181;2.62E-05;0.571188052;0.002880477;7.28718E-09
193;42.35714286;0.699785714;279.6214286;481680;0.994941073;414.1840005;2.65E-05;0.699759255;0.003540165;7.34962E-09
180;17.07142857;0.252357143;297.7071429;182736;0.994940718;414.476245;2.52E-05;0.25233199;0.001276746;6.98683E-09
591;20.07142857;0.769214286;286.2785714;525744;0.994927177;414.2877306;2.67E-05;0.769187567;0.003902088;7.42203E-09
545;48.92857143;0.625214286;293.8785714;428112;0.994923777;414.4093712;2.67E-05;0.625187598;0.003173727;7.41331E-09
618;83.64285714;0.675357143;296.5357143;460944;0.994911394;414.4476751;2.68E-05;0.675330303;0.003436626;7.45563E-09
277;67.35714286;0.578928571;291.3357143;401328;0.994889536;414.3562571;2.65E-05;0.578902032;0.002958594;7.37201E-09
18;3.071428571;0.576357143;285.1642857;402192;0.994885685;414.2539311;2.64E-05;0.576330759;0.002947672;7.32902E-09
683;75.92857143;0.757642857;297.1928571;518832;0.994867993;414.4435189;2.70E-05;0.757615878;0.003888228;7.4942E-09
165;76.78571429;0.882357143;293.5071429;603504;0.994865234;414.3829452;2.70E-05;0.882330117;0.004530697;7.50732E-09
418;96.92857143;0.546785714;291.6785714;383184;0.994844888;414.3459517;2.65E-05;0.546759232;0.002818742;7.3561E-09
429;20.35714286;0.666357143;278.9642857;468720;0.994841313;414.1335602;2.64E-05;0.666330741;0.003437528;7.33386E-09
33;81.35714286;0.512071429;282.7928571;365040;0.994814806;414.1875414;2.62E-05;0.512045244;0.00265519;7.2737E-09
440;22.5;0.697214286;290.5357143;487728;0.994803999;414.312531;2.67E-05;0.697187546;0.003622726;7.42776E-09
662;78.35714286;0.499214286;289.3928571;356400;0.994781347;414.2853808;2.63E-05;0.499187971;0.002605226;7.30984E-09
530;80.07142857;0.431071429;281.0214286;314064;0.994757638;414.1354476;2.59E-05;0.431045525;0.002259832;7.19545E-09
435;71.92857143;0.658642857;288.9642857;467856;0.994741886;414.2638618;2.66E-05;0.658616209;0.003463219;7.40232E-09
468;12.78571429;0.540357143;292.7071429;389232;0.994694895;414.3099411;2.65E-05;0.540330629;0.002866651;7.36489E-09
352;86.78571429;0.584071429;279.9357143;425520;0.99467793;414.0855337;2.63E-05;0.584045131;0.003108469;7.30511E-09
542;78.5;0.690785714;286.6214286;498096;0.994662587;414.1949058;2.66E-05;0.690759066;0.003687009;7.4022E-09
678;79.92857143;0.370642857;278.7357143;279504;0.99463194;414.0464022;2.56E-05;0.370617231;0.001989633;7.11844E-09
262;56.64285714;0.816785714;286.8785714;592272;0.994598791;414.1756298;2.68E-05;0.816758899;0.00441163;7.44866E-09
218;99.78571429;0.598214286;291.5642857;437616;0.994590141;414.2534018;2.66E-05;0.598187663;0.003236255;7.39519E-09
21;74.92857143;0.827071429;284.2214286;604368;0.994568078;414.1177559;2.68E-05;0.827044668;0.004492587;7.43353E-09
494;73.78571429;0.702357143;281.6214286;519696;0.994543034;414.0623004;2.65E-05;0.702330593;0.003832739;7.37496E-09
320;99.07142857;0.368071429;298.0214286;278640;0.994513466;414.3379908;2.61E-05;0.368045338;0.002019436;7.24747E-09
476;0.214285714;0.548071429;280.3357143;416016;0.994463472;414.0082372;2.63E-05;0.548045171;0.003034413;7.29398E-09
559;57.21428571;0.388642857;279.3642857;301104;0.994457373;413.988289;2.58E-05;0.388617103;0.002154102;7.15401E-09
173;40.21428571;0.407928571;281.5071429;316656;0.994417488;414.0114433;2.59E-05;0.407902681;0.002277266;7.19161E-09
617;61.78571429;0.731928571;288.65;549936;0.994411688;414.1378926;2.68E-05;0.731901795;0.004090245;7.43767E-09
391;16.78571429;0.5635;280.6785714;433296;0.994380642;413.9819685;2.63E-05;0.563473691;0.003166508;7.30796E-09
579;55.07142857;0.776928571;282.45;589680;0.994376121;414.0125618;2.67E-05;0.776901896;0.004369352;7.4097E-09
571;37.78571429;0.5095;289.2785714;390960;0.994373082;414.1350884;2.64E-05;0.509473601;0.002866915;7.33301E-09
393;90.5;0.4465;295.9928571;344304;0.994348652;414.2466436;2.64E-05;0.446473616;0.002523327;7.32878E-09
611;38.5;0.272928571;295.0785714;218160;0.994344317;414.2288476;2.55E-05;0.272903099;0.001543597;7.07553E-09
684;36.07142857;0.793642857;295.4214286;598320;0.994341302;414.233932;2.70E-05;0.793615835;0.004490985;7.50599E-09
246;91.64285714;0.755071429;292.3928571;574128;0.994317517;414.1712697;2.69E-05;0.755044525;0.004290681;7.47339E-09
312;80.5;0.7615;283.9928571;583632;0.994315588;414.0175949;2.67E-05;0.7614733;0.00432868;7.4168E-09
242;87.5;0.686928571;279.4785714;530928;0.994312207;413.9329076;2.65E-05;0.686902079;0.003907108;7.35902E-09
549;35.78571429;0.477357143;288.0214286;371952;0.994309518;414.0890743;2.63E-05;0.477330852;0.002716392;7.30307E-09
252;53.07142857;0.580214286;297.0785714;447984;0.994260993;414.2362818;2.68E-05;0.580187527;0.003329854;7.43297E-09
47;27.64285714;0.440071429;278.2785714;352080;0.994232621;413.878783;2.60E-05;0.440045477;0.002538059;7.20876E-09
124;64.07142857;0.472214286;287.6214286;373680;0.994223657;414.050085;2.63E-05;0.472188008;0.002727672;7.29949E-09
236;79.78571429;0.328214286;292.5071429;264816;0.994213448;414.136568;2.58E-05;0.328188467;0.001899229;7.17188E-09
414;6.5;0.744785714;295.5642857;576720;0.994196914;414.1868943;2.70E-05;0.744758735;0.004322056;7.4942E-09
603;1.071428571;0.7345;292.3357143;572400;0.994179599;414.121439;2.69E-05;0.734473113;0.004275085;7.4687E-09
478;94.07142857;0.362928571;290.85;294192;0.99415245;414.0841815;2.60E-05;0.362902601;0.002122243;7.2138E-09
685;14.92857143;0.528785714;297.2214286;419472;0.994123597;414.1923933;2.67E-05;0.528759046;0.003107358;7.40778E-09
279;31.07142857;0.564785714;279.0785714;454896;0.994116537;413.8477558;2.63E-05;0.564759417;0.003322896;7.30474E-09
497;21.78571429;0.728071429;285.5357143;580176;0.99408678;413.9598775;2.67E-05;0.728044715;0.004305247;7.42059E-09
83;73.07142857;0.341071429;294.3071429;280368;0.994072736;414.1206798;2.60E-05;0.341045471;0.00202162;7.2106E-09
691;88.07142857;0.7255;285.05;581904;0.99405112;413.9371461;2.67E-05;0.725473299;0.004315912;7.41688E-09
56;84.21428571;0.4105;285.6214286;338256;0.994035587;413.9422736;2.61E-05;0.410473942;0.002448392;7.23828E-09
665;72.78571429;0.497928571;294.05;404784;0.994009219;414.0937202;2.65E-05;0.497902041;0.002982981;7.36932E-09
208;68.07142857;0.620071429;289.9357143;504144;0.993974442;414.0027316;2.67E-05;0.620044749;0.003736276;7.41113E-09
224;12.64285714;0.603357143;295.9071429;489456;0.993960689;414.1122678;2.68E-05;0.603330342;0.003643861;7.44472E-09
215;51.5;0.216357143;292.9928571;188784;0.993944024;414.050695;2.50E-05;0.216332157;0.001310254;6.94049E-09
309;73.92857143;0.586642857;283.65;488592;0.993875501;413.8430802;2.65E-05;0.586616384;0.003592894;7.35357E-09
1;74.64285714;0.488928571;293.25;407376;0.993866057;414.02826;2.65E-05;0.488902068;0.00299906;7.3619E-09
524;38.64285714;0.575071429;289.45;478224;0.993855808;413.9502606;2.66E-05;0.57504483;0.003533349;7.38848E-09
600;99.21428571;0.317928571;287.8785714;273456;0.993854574;413.9188648;2.57E-05;0.317902849;0.001953807;7.14487E-09
491;81.64285714;0.1855;283.7071429;168912;0.993826364;413.8254315;2.44E-05;0.185475592;0.001145209;6.77992E-09
516;49.35714286;0.639357143;282.9357143;536976;0.993806989;413.8025397;2.65E-05;0.639330597;0.003959546;7.37379E-09
156;50.5;0.616214286;284.7928571;520560;0.993767637;413.8248727;2.66E-05;0.616187727;0.003840471;7.37758E-09
658;93.5;0.316642857;282.8785714;282096;0.993657409;413.7437934;2.56E-05;0.316617227;0.002008336;7.11934E-09
315;9.785714286;0.630357143;283.1928571;543888;0.993636975;413.7424119;2.65E-05;0.630330594;0.004010978;7.37464E-09
107;9.071428571;0.656071429;294.45;562896;0.993595459;413.9575808;2.69E-05;0.656044556;0.004201836;7.46468E-09
565;80.21428571;0.562214286;295.45;485136;0.993589599;413.9758311;2.67E-05;0.562187542;0.003604019;7.42888E-09
37;52.92857143;0.569928571;289.4214286;495504;0.993573716;413.8471074;2.66E-05;0.569901962;0.003662523;7.39151E-09
398;19.78571429;0.513357143;287.5357143;450576;0.993551404;413.7999785;2.64E-05;0.513330693;0.003310433;7.34711E-09
616;51.07142857;0.298642857;286.3357143;270864;0.993543989;413.7722995;2.56E-05;0.298617232;0.001928042;7.11812E-09
141;29.07142857;0.414357143;286.3642857;368496;0.993539653;413.7712732;2.62E-05;0.414330991;0.002676891;7.26437E-09
560;5.357142857;0.269071429;285.5071429;246672;0.993529843;413.7497181;2.54E-05;0.269046021;0.001740934;7.05769E-09
55;93.07142857;0.4195;292.4785714;372816;0.993501922;413.8843963;2.63E-05;0.419473678;0.002725944;7.31177E-09
649;36.35714286;0.530071429;284.9642857;473040;0.993448535;413.7076039;2.64E-05;0.530045;0.003472744;7.34133E-09
349;64.64285714;0.4375;285.3928571;394416;0.993436061;413.7119735;2.62E-05;0.437473789;0.002871723;7.28095E-09
121;40.07142857;0.427214286;289.8214286;384048;0.993435286;413.8051464;2.63E-05;0.427187997;0.00280454;7.30258E-09
285;82.21428571;0.382214286;280.9928571;348624;0.993433467;413.6172363;2.59E-05;0.382188369;0.002509823;7.19923E-09
525;52.64285714;0.5725;280.1642857;513648;0.993423055;413.5953769;2.64E-05;0.57247361;0.003765301;7.33051E-09
642;32.64285714;0.405357143;278.7071429;371088;0.993401759;413.5555275;2.59E-05;0.405331196;0.002674644;7.20757E-09
472;10.78571429;0.605928571;293.6785714;537840;0.993394736;413.8716471;2.68E-05;0.605901782;0.004002318;7.44147E-09
541;78.78571429;0.6625;294.3928571;587088;0.993380447;413.8816424;2.69E-05;0.662473109;0.004385454;7.46984E-09
594;41.5;0.515928571;294.8214286;466992;0.993297897;413.8620253;2.67E-05;0.515901915;0.003457806;7.40442E-09
596;28.5;0.5185;294.6214286;469584;0.993293897;413.8563897;2.67E-05;0.518473343;0.003477114;7.40467E-09
537;54.35714286;0.537785714;284.85;492048;0.993276904;413.6401534;2.65E-05;0.537759261;0.003615585;7.34803E-09
485;98.78571429;0.495357143;284.3928571;455760;0.993265126;413.6257256;2.64E-05;0.495330791;0.003336168;7.32001E-09
347;25.92857143;0.650928571;282.5642857;597456;0.993222765;413.569398;2.66E-05;0.650901989;0.004411496;7.3838E-09
446;83.5;0.5005;295.7928571;458352;0.993220281;413.8559688;2.67E-05;0.500473349;0.003393249;7.40315E-09
475;61.92857143;0.661214286;291.8214286;601776;0.993216679;413.7692022;2.68E-05;0.661187454;0.004485229;7.45332E-09
479;8.928571429;0.618785714;287.5928571;568080;0.993199867;413.6711275;2.67E-05;0.618759048;0.004207825;7.4071E-09
50;99.92857143;0.413071429;290.3642857;384912;0.993197333;413.7306577;2.63E-05;0.413045148;0.002809987;7.30034E-09
604;21.64285714;0.657357143;290.8214286;602640;0.99317441;413.7323559;2.68E-05;0.65733034;0.00448685;7.44532E-09
163;24.5;0.5995;281.9642857;557712;0.993153415;413.529225;2.65E-05;0.599473506;0.004104528;7.35958E-09
194;24.35714286;0.2665;296.5642857;256176;0.993132862;413.8426764;2.57E-05;0.266474282;0.001830092;7.14389E-09
623;86.5;0.321785714;281.85;312336;0.99306613;413.4927249;2.57E-05;0.321759997;0.00223122;7.14365E-09
45;56.92857143;0.415642857;287.7642857;396144;0.993053402;413.620751;2.62E-05;0.415616618;0.002887304;7.28852E-09
7;52.78571429;0.474785714;297.2785714;446256;0.993044698;413.8282783;2.66E-05;0.474759074;0.003302278;7.39996E-09
273;78.92857143;0.429785714;285.3642857;411696;0.993021964;413.5551227;2.62E-05;0.429759489;0.00299906;7.28465E-09
240;16.92857143;0.600785714;296.3071429;565488;0.992975026;413.7831245;2.69E-05;0.600758845;0.004220504;7.46347E-09
421;30.64285714;0.614928571;287.7928571;585360;0.992946424;413.5818549;2.67E-05;0.614901895;0.004337445;7.40988E-09
523;72.64285714;0.467071429;286.65;452304;0.992907657;413.5414163;2.64E-05;0.467045063;0.003312631;7.3239E-09
294;7.214285714;0.213785714;294.5928571;217296;0.992870809;413.7087782;2.53E-05;0.213760464;0.001524119;7.01402E-09
149;29.21428571;0.274214286;283.6214286;277776;0.992820154;413.4383764;2.55E-05;0.27418877;0.001968816;7.08778E-09
214;2.928571429;0.297357143;279.5357143;301968;0.99278872;413.3302528;2.56E-05;0.297331579;0.002144326;7.10117E-09
80;93.21428571;0.261357143;288.4214286;265680;0.992786758;413.5374135;2.55E-05;0.261331598;0.001885232;7.09588E-09
501;43.5;0.508214286;287.7071429;500688;0.992749118;413.5069144;2.65E-05;0.50818779;0.003685002;7.35988E-09
25;92.92857143;0.2935;289.05;300240;0.992672667;413.5102553;2.58E-05;0.293474214;0.002150572;7.16284E-09
585;9.5;0.494071429;293.65;492912;0.992622461;413.6003274;2.66E-05;0.494044807;0.003645031;7.39489E-09
304;46.78571429;0.4555;288.45;459216;0.99260648;413.4717954;2.64E-05;0.455473599;0.003367748;7.33369E-09
455;77.21428571;0.541642857;297.3357143;540432;0.992568848;413.6682837;2.68E-05;0.541616045;0.00402503;7.4478E-09
624;38.07142857;0.308928571;291.45;319248;0.992552618;413.523595;2.59E-05;0.308902627;0.002300709;7.20665E-09
411;42.78571429;0.487642857;288.3928571;493776;0.992552246;413.4504821;2.65E-05;0.487616378;0.003631844;7.35525E-09
254;70.35714286;0.290928571;288.9071429;304560;0.992500893;413.4439812;2.58E-05;0.290902783;0.002181704;7.16346E-09
454;16.07142857;0.470928571;294.6785714;480816;0.99245493;413.5661981;2.66E-05;0.470901967;0.003553189;7.38991E-09
89;40.35714286;0.190642857;284.2785714;209520;0.992418815;413.3006173;2.48E-05;0.190618024;0.001445299;6.89814E-09
386;15.64285714;0.423357143;293.3357143;440208;0.992359787;413.5005007;2.65E-05;0.423330691;0.003234539;7.34775E-09
94;41.78571429;0.391214286;291.65;410832;0.992324193;413.4467005;2.63E-05;0.391187973;0.003002885;7.30928E-09
200;18.21428571;0.450357143;282.7642857;474768;0.992309893;413.2212013;2.63E-05;0.450330882;0.003463295;7.29471E-09
276;22.35714286;0.110928571;294.2214286;131760;0.992251901;413.4843449;2.35E-05;0.110905088;0.000859486;6.52311E-09
626;4.357142857;0.280642857;296.25;302832;0.992226409;413.5254567;2.59E-05;0.280616923;0.002181603;7.204E-09
159;36.92857143;0.523642857;287.2785714;559440;0.992123588;413.2644004;2.65E-05;0.523616316;0.004124427;7.37242E-09
388;4.785714286;0.458071429;285.0214286;499824;0.992013293;413.1650684;2.64E-05;0.458045079;0.003658482;7.31954E-09
266;50.78571429;0.103214286;288.05;129168;0.991937862;413.2153589;2.32E-05;0.103191094;0.000832128;6.44221E-09
335;43.21428571;0.481214286;295.1071429;527472;0.991881579;413.3777913;2.67E-05;0.481187623;0.0039067;7.40646E-09
628;64.35714286;0.420785714;279.5071429;472176;0.991857602;412.9595247;2.61E-05;0.420759592;0.003426205;7.2562E-09
613;40.64285714;0.253642857;279.7928571;293328;0.99183964;412.9600263;2.54E-05;0.253617454;0.002069817;7.05632E-09
286;80.78571429;0.402785714;291.7357143;448848;0.991833762;413.2734915;2.64E-05;0.402759333;0.003289244;7.32819E-09
562;65.35714286;0.333357143;292.65;375408;0.991817803;413.2916808;2.62E-05;0.333330987;0.002727594;7.26568E-09
284;26.92857143;0.306357143;290.4785714;349488;0.991766657;413.2163471;2.60E-05;0.306331161;0.002522343;7.21725E-09
187;55.64285714;0.492785714;286.25;554256;0.991731082;413.0908591;2.65E-05;0.492759247;0.004074805;7.35185E-09
405;29.64285714;0.463214286;288.1928571;521424;0.991728379;413.1417283;2.65E-05;0.463187832;0.003831533;7.34821E-09
660;55.5;0.4015;282.1357143;457488;0.991726134;412.97839;2.61E-05;0.401473859;0.003321957;7.2613E-09
694;46.07142857;0.209928571;285.4214286;248400;0.991721691;413.0651212;2.52E-05;0.209903385;0.001737854;6.99619E-09
353;60.78571429;0.465785714;287.1642857;526608;0.991698381;413.1031077;2.64E-05;0.46575928;0.003866776;7.3428E-09
460;31.5;0.4915;287.3357143;560304;0.991609981;413.0748045;2.65E-05;0.491473505;0.004123694;7.35974E-09
477;49.5;0.1945;296.65;233712;0.991553265;413.3052472;2.53E-05;0.194474694;0.00164289;7.02955E-09
528;67.21428571;0.2755;279.3071429;329616;0.991504635;412.813468;2.56E-05;0.275474438;0.002340473;7.10061E-09
592;91.78571429;0.245928571;288.7928571;295056;0.991467224;413.0617538;2.56E-05;0.245902968;0.002098453;7.11205E-09
514;31.21428571;0.460642857;281.7071429;538704;0.991459802;412.8627429;2.63E-05;0.460616567;0.003933981;7.30268E-09
81;53.92857143;0.3025;288.3357143;359856;0.99142961;413.0353089;2.59E-05;0.302474064;0.002592543;7.20439E-09
150;3.5;0.476071429;290.5928571;553392;0.991426729;413.0964598;2.66E-05;0.476044878;0.004081489;7.3754E-09
158;11.5;0.504357143;291.5357143;586224;0.991401373;413.1132671;2.66E-05;0.504330511;0.004336779;7.39782E-09
272;96.5;0.384785714;287.5642857;454032;0.991398736;413.0025122;2.62E-05;0.384759472;0.003309644;7.28945E-09
301;98.64285714;0.3565;291.9642857;421200;0.991382419;413.118287;2.63E-05;0.356473742;0.003072168;7.29385E-09
290;44.64285714;0.319214286;284.1357143;386640;0.991279474;412.8613005;2.59E-05;0.319188367;0.002783716;7.19976E-09
170;3.785714286;0.271642857;284.0785714;334800;0.99120804;412.832306;2.57E-05;0.271617177;0.002388273;7.13343E-09
169;77.78571429;0.2575;279.65;320976;0.991175212;412.6919839;2.55E-05;0.257474513;0.002272383;7.0796E-09
390;55.35714286;0.3385;287.25;414288;0.991131908;412.8943236;2.61E-05;0.338473915;0.003001849;7.2458E-09
354;16.64285714;0.342357143;281.9071429;424656;0.991052379;412.7092747;2.60E-05;0.342331174;0.003063282;7.21356E-09
504;89.21428571;0.175214286;284.6785714;228528;0.990989557;412.7661387;2.49E-05;0.175189416;0.001578758;6.90838E-09
126;35.21428571;0.442642857;294.1357143;551664;0.990797387;412.9729686;2.66E-05;0.442616275;0.004073471;7.38397E-09
441;86.64285714;0.258785714;293.9357143;333936;0.990724096;412.9413496;2.59E-05;0.258759836;0.002400471;7.18842E-09
343;70.07142857;0.400214286;288.25;509328;0.990692754;412.7605716;2.63E-05;0.400187958;0.003724893;7.31335E-09
213;1.357142857;0.454214286;284.3071429;578448;0.99067586;412.6351757;2.64E-05;0.454187928;0.004235158;7.32159E-09
471;75.21428571;0.441357143;285.7928571;568944;0.990557625;412.6354867;2.64E-05;0.441330773;0.00416746;7.3249E-09
651;22.92857143;0.305071429;296.45;398736;0.990486436;412.9339185;2.62E-05;0.305045225;0.002902317;7.27879E-09
593;34.92857143;0.234357143;286.0785714;314928;0.990467209;412.6101311;2.55E-05;0.234331605;0.002234078;7.09393E-09
2;9.642857143;0.436214286;280.1928571;571536;0.990459284;412.4238723;2.62E-05;0.436188072;0.004161797;7.28178E-09
609;76.21428571;0.326928571;281.3071429;435888;0.990400302;412.43556;2.59E-05;0.326902651;0.003138416;7.20005E-09
64;25.21428571;0.254928571;295.1928571;342576;0.990328002;412.8408486;2.59E-05;0.25490266;0.002465669;7.19744E-09
371;70.5;0.288357143;289.8785714;387504;0.990306046;412.6683466;2.60E-05;0.288331174;0.002795321;7.21366E-09
39;89.35714286;0.145642857;284.6214286;208656;0.990241102;412.4786011;2.45E-05;0.145618335;0.001421314;6.81176E-09
129;49.21428571;0.371928571;293.3642857;505872;0.990029107;412.6787452;2.64E-05;0.37190218;0.00370846;7.33083E-09
612;84.64285714;0.3205;289.3071429;441936;0.989999158;412.5379065;2.61E-05;0.32047389;0.00320527;7.25279E-09
103;85.64285714;0.3745;287.5071429;517968;0.989914398;412.4481514;2.63E-05;0.374473749;0.003777058;7.29207E-09
470;83.07142857;0.433642857;288.9357143;595728;0.989910575;412.4933023;2.64E-05;0.433616418;0.004375207;7.3443E-09
620;79.07142857;0.353928571;287.9928571;496368;0.989792358;412.4186628;2.62E-05;0.353902369;0.003612776;7.27842E-09
574;4.071428571;0.379642857;292.5928571;533520;0.989694593;412.5349101;2.64E-05;0.379616458;0.003912374;7.33313E-09
461;62.92857143;0.325642857;296.1928571;460080;0.989673603;412.6460513;2.63E-05;0.325616545;0.003362717;7.30898E-09
15;18.78571429;0.150785714;294.7071429;225936;0.989630659;412.5821839;2.49E-05;0.150760801;0.001563548;6.92032E-09
308;98.5;0.3925;279.05;566352;0.989544037;412.0210129;2.61E-05;0.392473913;0.004103965;7.24632E-09
467;52.07142857;0.343642857;282.0785714;505008;0.989376843;412.0596467;2.60E-05;0.343616834;0.003650572;7.22874E-09
413;33.07142857;0.168785714;289.25;258768;0.989323111;412.2876135;2.51E-05;0.168760643;0.001802106;6.96418E-09
661;26.21428571;0.315357143;291.8785714;463536;0.989314016;412.3746722;2.62E-05;0.315330971;0.003369901;7.26999E-09
212;37.07142857;0.136642857;287.1071429;215568;0.989246926;412.1850483;2.45E-05;0.136618319;0.001469331;6.81609E-09
179;69.92857143;0.397642857;295.6214286;581040;0.989232264;412.474168;2.65E-05;0.397616328;0.004281713;7.36905E-09
330;59.92857143;0.292214286;292.7642857;435024;0.989207439;412.3670435;2.61E-05;0.292188188;0.003153741;7.24958E-09
425;52.5;0.281928571;289.6214286;426384;0.989087941;412.2141796;2.60E-05;0.281902596;0.003076421;7.21514E-09
198;44.5;0.166214286;293.5642857;259632;0.98908331;412.3507633;2.52E-05;0.166189126;0.00181451;6.98878E-09
640;99.64285714;0.2305;297.7928571;354672;0.988937008;412.44802;2.59E-05;0.230474117;0.00255002;7.1898E-09
538;19.5;0.184214286;289.4785714;290736;0.988915316;412.1457459;2.53E-05;0.184189002;0.002041957;7.02341E-09
635;8.214285714;0.387357143;297.5357143;584496;0.988870896;412.4164391;2.66E-05;0.387330591;0.004310938;7.37548E-09
328;11.21428571;0.380928571;285.7357143;582768;0.988852622;411.9874943;2.62E-05;0.38090234;0.004246355;7.28653E-09
196;89.92857143;0.2845;283.4785714;442800;0.988829605;411.8965176;2.58E-05;0.284474163;0.003177977;7.177E-09
19;7.5;0.294785714;278.8214286;462672;0.988766982;411.7003602;2.58E-05;0.294759949;0.003311333;7.15698E-09
297;94.21428571;0.267785714;280.7642857;422928;0.98872978;411.7575374;2.57E-05;0.267760024;0.003018004;7.13598E-09
358;45.21428571;0.256214286;283.7642857;406512;0.988671161;411.8457317;2.57E-05;0.256188581;0.00290261;7.14028E-09
443;81.21428571;0.243357143;283.6785714;390096;0.988587551;411.8102214;2.56E-05;0.243331513;0.002777301;7.11953E-09
168;55.78571429;0.355214286;280.1071429;567216;0.988461406;411.6261626;2.60E-05;0.355188273;0.004098673;7.22595E-09
464;71.78571429;0.3475;290.2214286;550800;0.988441855;411.9994318;2.63E-05;0.347473749;0.004016455;7.29204E-09
614;75.64285714;0.323071429;290.7928571;517104;0.988358004;411.9902402;2.62E-05;0.323045244;0.003761196;7.27358E-09
356;96.78571429;0.351357143;293.6214286;562032;0.988291651;412.0724984;2.64E-05;0.351330793;0.004113812;7.31953E-09
151;68.21428571;0.307642857;283.45;511920;0.988009097;411.5773671;2.59E-05;0.307616915;0.003688916;7.20604E-09
566;34.35714286;0.224071429;289.65;379728;0.987914926;411.7845214;2.57E-05;0.224045757;0.00270792;7.13121E-09
203;11.07142857;0.283214286;285.1928571;486864;0.987637683;411.5036165;2.59E-05;0.283188397;0.003501185;7.1913E-09
645;40.5;0.227928571;285.7071429;399600;0.987528702;411.4828385;2.56E-05;0.227902962;0.002842565;7.11353E-09
324;2.5;0.330785714;296.7357143;579312;0.987176151;411.8044311;2.64E-05;0.330759353;0.004241946;7.32239E-09
54;39.21428571;0.143071429;291.2214286;270000;0.986936531;411.4907546;2.49E-05;0.143046509;0.001869009;6.92226E-09
572;64.78571429;0.244642857;290.1357143;447120;0.98688747;411.4269658;2.58E-05;0.244617029;0.003207887;7.17455E-09
666;47.64285714;0.285785714;281.8785714;529200;0.986722251;411.0087517;2.58E-05;0.2857599;0.003794591;7.17043E-09
532;19.64285714;0.235642857;283.4214286;445392;0.986554349;411.0106747;2.56E-05;0.235617248;0.003168372;7.11367E-09
404;49.78571429;0.1225;284.5071429;244080;0.986476936;411.0286369;2.44E-05;0.122475567;0.001656575;6.78702E-09
577;84.92857143;0.195785714;283.5928571;376272;0.986472913;410.9865657;2.53E-05;0.195760375;0.00264841;7.03855E-09
486;23.21428571;0.206071429;290.7071429;392688;0.986450634;411.2916491;2.56E-05;0.206045832;0.002792137;7.11032E-09
175;66.07142857;0.251071429;283.2785714;483408;0.986260389;410.889724;2.57E-05;0.251045739;0.003449624;7.13605E-09
364;13.78571429;0.287071429;287.45;548208;0.986230089;411.0656237;2.60E-05;0.287045471;0.003952948;7.21067E-09
334;76.07142857;0.189357143;288.2214286;374544;0.986040841;411.0294138;2.54E-05;0.189331737;0.002643266;7.05729E-09
82;25.78571429;0.276785714;290.7642857;545616;0.985765175;411.0436485;2.60E-05;0.276759718;0.003939996;7.22119E-09
318;58.92857143;0.270357143;287.4214286;544752;0.985514438;410.7947656;2.59E-05;0.270331262;0.003916275;7.1891E-09
578;26.5;0.141785714;281.25;315792;0.984694481;410.1753708;2.47E-05;0.141760975;0.002170104;6.87194E-09
548;30.78571429;0.118642857;286.7928571;269136;0.984563051;410.4040504;2.45E-05;0.118618359;0.001831484;6.80505E-09
333;56.35714286;0.139214286;286.7071429;313200;0.984476929;410.3669843;2.48E-05;0.139189447;0.002161033;6.89985E-09
376;80.35714286;0.2125;282.6785714;479952;0.984039284;409.9894548;2.54E-05;0.21247456;0.003391652;7.06665E-09
300;21.5;0.130214286;285.1071429;307152;0.983830431;410.0362555;2.47E-05;0.130189608;0.002105509;6.85494E-09
43;90.64285714;0.233071429;280.5071429;535248;0.983733897;409.7523173;2.55E-05;0.23304593;0.003791164;7.083E-09
188;62.07142857;0.144357143;285.5928571;339984;0.983714417;410.0173848;2.49E-05;0.14433225;0.00235094;6.91486E-09
583;92.21428571;0.2215;295.2214286;510192;0.983489161;410.4465599;2.58E-05;0.221474195;0.003657151;7.16819E-09
699;35.92857143;0.162357143;278.5642857;388368;0.983435861;409.5256792;2.49E-05;0.162332214;0.002689306;6.92463E-09
167;91.5;0.217642857;291.7928571;515376;0.983102093;410.1230322;2.57E-05;0.217617168;0.003677709;7.13597E-09
36;14.07142857;0.128928571;280.7357143;322704;0.982921363;409.4385493;2.46E-05;0.128904007;0.002201924;6.82336E-09
520;23.07142857;0.211214286;283.1642857;512784;0.982852549;409.5485846;2.54E-05;0.211188859;0.003621787;7.06299E-09
75;5.071428571;0.240785714;297.25;590544;0.982331059;410.1522979;2.59E-05;0.240759779;0.004254429;7.20425E-09
87;39.35714286;0.112214286;281.9928571;296784;0.982138074;409.1980289;2.43E-05;0.112189973;0.002004363;6.75361E-09
340;42.64285714;0.218928571;285.85;555120;0.982023024;409.3807286;2.55E-05;0.218903048;0.003935674;7.08977E-09
518;88.21428571;0.173928571;286.05;449712;0.981891831;409.3420627;2.52E-05;0.173903359;0.003149528;7.00343E-09
580;35.5;0.155928571;295.3928571;409104;0.981584624;409.7830244;2.53E-05;0.155903303;0.002871483;7.01896E-09
370;53.64285714;0.222785714;285.9357143;587952;0.981286432;409.1019741;2.55E-05;0.222760187;0.004169116;7.09091E-09
172;92.5;0.215071429;289.0214286;573264;0.981076631;409.2122484;2.56E-05;0.215045871;0.004069876;7.09948E-09
176;17.5;0.188071429;298.1357143;501552;0.981026634;409.7525097;2.56E-05;0.188045816;0.003568348;7.11461E-09
629;81.07142857;0.117357143;279.8214286;347760;0.979949605;408.1797358;2.44E-05;0.117332784;0.002353057;6.76632E-09
505;87.35714286;0.199642857;279.3357143;575856;0.979822623;408.0952915;2.52E-05;0.199617674;0.004028269;6.99527E-09
256;73.5;0.191928571;293.5357143;558576;0.979399709;408.8840303;2.55E-05;0.191903089;0.003953784;7.07833E-09
373;2.071428571;0.159785714;283.1071429;476496;0.979322364;408.1497284;2.50E-05;0.159760752;0.003303991;6.93393E-09
280;17.92857143;0.171357143;279.1928571;511056;0.979318466;407.8789419;2.50E-05;0.171332179;0.003543929;6.93452E-09
8;21.35714286;0.152071429;294.2785714;453168;0.979172222;408.851771;2.52E-05;0.152046268;0.00316731;6.98926E-09
589;4.928571429;0.134071429;278.6214286;415152;0.978874742;407.6564301;2.46E-05;0.134046869;0.002832294;6.8223E-09
319;47.92857143;0.186785714;290.2785714;570672;0.978497457;408.3292794;2.53E-05;0.186760377;0.004016368;7.03796E-09
181;97.92857143;0.116071429;292.05;366768;0.978391513;408.4144566;2.46E-05;0.116046811;0.002508128;6.83846E-09
459;60.5;0.172642857;282.5071429;542160;0.978169622;407.648067;2.50E-05;0.172617831;0.003768859;6.95156E-09
138;96.21428571;0.153357143;297.1642857;479088;0.978114101;408.6747068;2.52E-05;0.153331922;0.003356359;7.00573E-09
202;31.92857143;0.179071429;281.5357143;564624;0.978063303;407.5346834;2.50E-05;0.179046383;0.003928236;6.95726E-09
4;81.78571429;0.127642857;290.9642857;412560;0.977771982;408.1078323;2.48E-05;0.127618099;0.002837248;6.87718E-09
693;34.5;0.180357143;283.9642857;574992;0.977765536;407.5937998;2.51E-05;0.180332036;0.004010144;6.97426E-09
506;87.21428571;0.123785714;286.1357143;405648;0.977623394;407.69815;2.46E-05;0.123761132;0.002769904;6.82834E-09
500;75.35714286;0.1045;279.5642857;355536;0.977231267;407.0488147;2.41E-05;0.104475908;0.002379333;6.69224E-09
88;48.78571429;0.1315;294.7357143;436752;0.977041083;408.1174446;2.49E-05;0.131475115;0.003019098;6.91261E-09
564;6.071428571;0.105785714;292.85;358128;0.977022881;407.9702357;2.44E-05;0.10576128;0.002430651;6.7871E-09
321;38.78571429;0.163642857;287.7357143;543024;0.976914995;407.5445604;2.50E-05;0.163617813;0.003777696;6.95678E-09
264;19.35714286;0.148214286;294.9357143;494640;0.976754376;408.0292823;2.51E-05;0.148189211;0.003445334;6.96534E-09
79;32.21428571;0.170071429;297.45;594864;0.975431008;407.7526765;2.53E-05;0.170046142;0.004178484;7.02427E-09
95;71.07142857;0.137928571;292.9357143;498960;0.975018366;407.2413795;2.49E-05;0.13790371;0.003445681;6.90573E-09
275;83.21428571;0.1495;278.9071429;556848;0.974534451;405.8807023;2.46E-05;0.149475387;0.0038071;6.83687E-09
652;25.64285714;0.1585;289.5357143;600048;0.973782152;406.4941591;2.49E-05;0.158475069;0.004155529;6.92533E-09
581;92.78571429;0.119928571;294.1642857;464400;0.973523987;406.7970145;2.46E-05;0.119903957;0.00317523;6.83727E-09
102;68.64285714;0.1405;296.7071429;561168;0.972390246;406.6111063;2.49E-05;0.140475114;0.00387917;6.91267E-09
230;57.64285714;0.125071429;291.05;508464;0.972261046;406.0528358;2.46E-05;0.125046865;0.003469351;6.8232E-09
71;16.35714286;0.135357143;286.1928571;596592;0.970037243;404.7318969;2.45E-05;0.13533267;0.004055673;6.79807E-09
351;90.78571429;0.107071429;297.6785714;497232;0.968620826;405.3570784;2.43E-05;0.107047104;0.003359813;6.75703E-09
57;39.78571429;0.108357143;283.3928571;516240;0.968258604;403.7305594;2.40E-05;0.108333158;0.003439407;6.66242E-09
419;12.35714286;0.109642857;288.5928571;523152;0.96802936;404.1916051;2.41E-05;0.109618735;0.003505352;6.70045E-09
447;60.64285714;0.114785714;283.3642857;599184;0.965280547;402.5120494;2.39E-05;0.11476177;0.003985297;6.65121E-09
