#;P_ein_rel;Phi;SOC_delta;SOC_init;T_ambient;T_sp;eta_ein;t_process;P_ein_stor;P_ein;;P_in_rel_new;P_in_stor_new;;;;;
1500;0.836294333;81.56666667;0.414483333;0.341683333;303.01;416.732737;0.710989455;17288.69809;0.594596452;42.40012268;;0.804226344;0.57179645;;;;P_max_abs ;50.7
1496;0.715403;30.23333333;0.18775;0.773616667;277.37;416.7036889;0.705797977;9193.166021;0.50492999;36.2709321;;0.68797063;0.485568279;;;;P_max_abs_neu;52.72162868
1495;0.950902333;66.76666667;0.50885;0.291016667;272.93;415.332739;0.747070352;17539.11984;0.710390941;48.21074828;;0.914439661;0.68315076;;;;P_min_rel_neu;0.637577041
1493;0.890833667;56.16666667;0.674783333;0.28025;305.85;416.7107305;0.718389451;26158.21904;0.639965509;45.16526692;;0.856674349;0.615425815;;;;;
1491;0.938084333;97.43333333;0.342283333;0.31445;263.97;415.197579;0.752427115;11852.92682;0.705840088;47.56087568;;0.902113172;0.678774411;;;;;
1489;0.877010333;73.16666667;0.451216667;0.444283333;286.73;415.9594022;0.735325889;17188.5733;0.644888403;44.46442388;;0.843381075;0.620159939;;;;;
1488;0.679713667;33.36666667;0.18965;0.301783333;292.17;417.3798857;0.687626424;10071.3672;0.467389078;34.46148292;;0.653649817;0.449466886;;;;;
1487;0.667147;4.7;0.361916667;0.636183333;287.49;418.1231074;0.681962385;19836.70036;0.454969159;33.8243529;;0.641565023;0.437523213;;;;;
1486;0.683986333;29.5;0.13455;0.125083333;311.17;417.5097265;0.684466312;7176.159091;0.468165603;34.67810708;;0.657758646;0.450213634;;;;;
1483;0.944619;37.36666667;0.336583333;0.39235;298.41;415.9549962;0.72992135;12020.1496;0.689497576;47.8921833;;0.908397265;0.663058558;;;;;
1482;0.860171;32.96666667;0.58865;0.19855;266.85;414.7147979;0.750052766;22294.80205;0.645173638;43.6106697;;0.827187452;0.620434236;;;;;
1479;0.828754333;20.1;0.338483333;0.321416667;282.61;415.5214613;0.739761536;13527.73835;0.613080578;42.01784468;;0.796975468;0.589571796;;;;;
1478;0.864946333;96.5;0.173816667;0.288483333;303.73;416.259903;0.707001727;7041.61937;0.611518551;43.85277908;;0.831779673;0.588069666;;;;;
1476;0.973271;22.1;0.158616667;0.30495;306.13;415.8356168;0.725920135;5542.019376;0.706517016;49.3448397;;0.935950594;0.679425382;;;;;
1474;0.875753667;18.3;0.282116667;0.28215;276.65;415.0362863;0.746765002;10538.53955;0.653982189;44.40071092;;0.842172596;0.628905021;;;;;
1473;0.848861;97.96666667;0.075016667;0.182083333;306.49;415.9500593;0.703473944;3108.506833;0.597151596;43.0372527;;0.816311138;0.574253616;;;;;
1471;0.866705667;87.03333333;0.312516667;0.335983333;257.05;415.0292955;0.754326858;11659.79039;0.653779363;43.94197732;;0.833471545;0.628709972;;;;;
1468;1.003682333;77.3;0.372683333;0.218183333;309.41;417.0962905;0.697474774;13286.52157;0.700043108;50.88669428;;0.965195794;0.673199719;;;;;
1467;0.692531667;5.233333333;0.091483333;0.893316667;262.65;416.4832562;0.697855112;4681.406577;0.483286764;35.11135552;;0.665976306;0.46475497;;;;;
1466;0.828503;99.9;0.083883333;0.36195;261.01;415.6352269;0.747717831;3297.776648;0.619486466;42.0051021;;0.796733772;0.595732048;;;;;
1463;0.911191667;4.433333333;0.295416667;0.222616667;257.09;414.5500492;0.756956924;10441.57878;0.689732841;46.19741752;;0.876251714;0.663284802;;;;;
1458;0.750338333;70.83333333;0.52785;0.25745;298.85;417.6370278;0.702682351;24841.22546;0.527249504;38.04215348;;0.721566356;0.507031943;;;;;
1457;0.917475;27.9;0.52215;0.43985;303.77;416.1717485;0.730267589;19251.33292;0.670002256;46.5159825;;0.882294111;0.644310793;;;;;
1456;0.951153667;98.76666667;0.86225;0.11875;287.29;415.9881608;0.731154349;30504.71101;0.69544014;48.22349092;;0.914681358;0.668773253;;;;;
1454;0.943111;1.033333333;0.188383333;0.24605;274.37;415.0093177;0.747858455;6519.442469;0.705313535;47.8157277;;0.90694709;0.678268049;;;;;
1452;0.792813667;28.03333333;0.34355;0.579183333;260.69;416.0682808;0.740163908;14353.86548;0.586812062;40.19565292;;0.762412959;0.564310555;;;;;
1447;0.723697;36.7;0.37585;0.125716667;278.53;416.7552027;0.714494074;17915.56758;0.517077218;36.6914379;;0.695946594;0.497249717;;;;;
1443;1.011222333;14.3;0.11935;0.568416667;304.53;415.9961691;0.727592165;3998.448248;0.735757447;51.26897228;;0.972446671;0.707544578;;;;;
1438;0.757878333;75.16666667;0.294783333;0.690016667;304.29;417.1860781;0.694770051;13958.22087;0.526551168;38.42443148;;0.728817232;0.506360385;;;;;
1436;0.742547;54.16666667;0.596883333;0.202983333;300.45;417.8535934;0.702784565;28402.56874;0.52185057;37.6471329;;0.714073784;0.501840034;;;;;
1435;0.817947;61.3;0.44805;0.40755;280.09;415.9934221;0.735524211;18288.44735;0.601619822;41.4699129;;0.786582546;0.578550506;;;;;
1434;0.689264333;94.23333333;0.110483333;0.65835;310.41;416.9520829;0.663307544;6084.945633;0.457194232;34.94570168;;0.662834259;0.439662964;;;;;
1432;0.713643667;5.1;0.418283333;0.123816667;276.89;416.9530681;0.712781109;20282.79564;0.508671724;36.18173392;;0.686278759;0.489166535;;;;;
1430;0.748076333;43.96666667;0.461983333;0.437316667;254.81;416.585794;0.728125198;20862.38393;0.544693228;37.92747008;;0.719391093;0.523806782;;;;;
1427;0.666393;89.3;0.16495;0.603883333;272.13;417.2095265;0.680641897;9053.293665;0.453574996;33.7861251;;0.640839935;0.436182509;;;;;
1422;0.762151;81.7;0.054116667;0.71725;311.25;416.2846517;0.690347049;2565.578674;0.526148694;38.6410557;;0.732926062;0.505973344;;;;;
1421;1.037361;84.7;0.10795;0.87495;302.53;416.2773602;0.706618545;3645.939604;0.73301852;52.5942027;;0.997583042;0.704910677;;;;;
1420;0.752851667;60.7;0.15735;0.733716667;268.33;416.3297539;0.723468341;7104.230207;0.544664347;38.16957952;;0.723983315;0.523779008;;;;;
1419;0.793567667;44.96666667;0.67795;0.305583333;254.37;415.7594003;0.743119222;28167.85037;0.589715387;40.23388072;;0.763138046;0.567102551;;;;;
1418;0.774466333;65.76666667;0.471483333;0.241616667;274.81;416.1143094;0.729841543;20500.6941;0.565237703;39.26544308;;0.74476916;0.543563473;;;;;
1412;0.841069667;41.23333333;0.10605;0.648216667;279.65;415.9786446;0.740279453;4166.49005;0.622626593;42.64223212;;0.808818566;0.598751766;;;;;
1409;0.750589667;28.63333333;0.168116667;0.385383333;304.45;416.4261586;0.710484307;7807.225303;0.533282179;38.05489612;;0.721808052;0.512833294;;;;;
1406;0.922250333;38.5;0.638683333;0.197283333;268.81;414.7378547;0.751285373;22529.71741;0.692873185;46.75809188;;0.886886332;0.666304729;;;;;
1404;0.765167;1.3;0.255516667;0.178283333;277.09;415.4673777;0.730971389;11199.06061;0.559315185;38.7939669;;0.735826413;0.537868055;;;;;
1402;0.778739;58.76666667;0.062983333;0.71915;282.41;416.1387587;0.725020039;2734.768526;0.56460138;39.4820673;;0.74887799;0.542951549;;;;;
1401;0.676446333;59.16666667;0.076283333;0.272016667;261.57;416.551674;0.695848801;3998.486398;0.47070437;34.29582908;;0.65050777;0.452655052;;;;;
1396;0.821465667;92.3;0.243483333;0.150416667;298.73;416.0969088;0.71349008;10252.76329;0.586107604;41.64830932;;0.789966288;0.56363311;;;;;
1393;0.707360333;13.7;0.162416667;0.585516667;273.81;416.6298176;0.706455703;8028.534849;0.499718741;35.86316888;;0.680236362;0.480556857;;;;;
1388;0.902897667;26.83333333;0.49365;0.349916667;269.37;415.1458497;0.751428477;17785.47945;0.678463019;45.77691172;;0.868275751;0.652447125;;;;;
1387;0.849363667;77.9;0.40245;0.13395;312.61;417.0959386;0.701983693;16882.43475;0.596239444;43.06273792;;0.81679453;0.573376441;;;;;
1386;1.019767667;89.96666667;0.055383333;0.926883333;297.81;416.1562321;0.715131406;1868.288389;0.729267885;51.70222072;;0.980664331;0.701303862;;;;;
1385;0.790300333;37.16666667;0.165583333;0.518383333;269.45;415.9409328;0.736864976;6963.758218;0.582344636;40.06822688;;0.759995999;0.560014434;;;;;
1382;0.750841;25.56666667;0.379016667;0.56335;284.09;416.7468325;0.718685216;17324.50643;0.539618326;38.0676387;;0.722049748;0.518926479;;;;;
1376;0.715151667;40.5;0.16875;0.66595;298.89;416.7937132;0.695142206;8428.047212;0.497132107;36.25818952;;0.687728934;0.478069409;;;;;
1375;0.934063;45.96666667;0.311883333;0.44935;282.17;415.6996482;0.742386843;11021.91658;0.693436082;47.3569941;;0.898246038;0.666846041;;;;;
1374;0.707109;92.96666667;0.792583333;0.13775;292.65;419.4759772;0.689340281;40470.01142;0.487438717;35.8504263;;0.679994666;0.468747714;;;;;
1371;0.879272333;71.03333333;0.442983333;0.34485;281.09;415.6070903;0.740679444;16679.8146;0.651258943;44.57910728;;0.845556338;0.626286198;;;;;
1370;0.855395667;63.36666667;0.279583333;0.315083333;267.21;415.2506046;0.748713192;10667.04347;0.64044602;43.36856032;;0.822595231;0.615887901;;;;;
1365;0.818449667;41.1;0.118716667;0.45695;278.93;415.8562563;0.738157084;4808.270269;0.60414442;41.49539812;;0.787065938;0.580978297;;;;;
1363;0.862935667;46.03333333;0.254883333;0.609583333;301.85;416.2397901;0.725004459;10060.9014;0.625632206;43.75083832;;0.829846107;0.601642128;;;;;
1355;0.954672333;56.03333333;0.159883333;0.41515;291.81;415.8690777;0.731175828;5621.359932;0.698033334;48.40188728;;0.9180651;0.671267009;;;;;
1352;0.825989667;83.5;0.349883333;0.43225;279.53;415.9457154;0.735674116;14135.48891;0.607659218;41.87767612;;0.794316814;0.58435832;;;;;
1351;0.795075667;55.36666667;0.482883333;0.332816667;279.33;416.0876992;0.732275329;20380.99093;0.582214296;40.31033632;;0.764588222;0.559889092;;;;;
1347;1.010719667;83.63333333;0.209916667;0.617183333;289.33;416.1193225;0.727286989;7021.513934;0.735083263;51.24348712;;0.97196328;0.706896247;;;;;
1343;0.691275;84.16666667;0.48795;0.448716667;281.97;418.4180053;0.690208037;25446.91004;0.477123561;35.0476425;;0.664767826;0.458828096;;;;;
1336;1.002928333;95.36666667;0.452483333;0.490516667;279.01;415.9840994;0.7383636;15001.65321;0.740525774;50.84846648;;0.964470707;0.712130063;;;;;
1335;0.803872333;8.966666667;0.30175;0.608316667;281.77;416.0845319;0.73558033;12523.74488;0.591312676;40.75632728;;0.773047577;0.568638591;;;;;
1333;0.827749;97.3;0.34165;0.65455;279.77;416.2320652;0.733732036;13823.70067;0.607345959;41.9668743;;0.796008685;0.584057073;;;;;
1332;0.842326333;0.9;0.411316667;0.21755;273.33;414.8607873;0.746421328;15999.75621;0.62873034;42.70594508;;0.810027045;0.604621463;;;;;
1331;0.906919;51.1;0.41765;0.336616667;259.17;414.9651161;0.755970402;14867.03829;0.685603921;45.9807933;;0.872142884;0.659314207;;;;;
1322;0.891587667;74.96666667;0.568383333;0.16625;288.13;415.5502758;0.734009663;21333.0387;0.654433963;45.20349472;;0.857399436;0.629339471;;;;;
1318;0.935822333;36.5;0.21815;0.23275;267.01;414.8352103;0.750921551;7570.059849;0.702729158;47.44619228;;0.899937909;0.675782771;;;;;
1315;0.865197667;45.16666667;0.06995;0.600083333;302.89;416.0625917;0.724920464;2745.841735;0.627199494;43.86552172;;0.83202137;0.603149317;;;;;
1314;0.908175667;15.76666667;0.52595;0.42275;309.49;416.1232036;0.732201207;19602.55344;0.66496732;46.04450632;;0.873351364;0.639468923;;;;;
1311;0.856401;39.9;0.713416667;0.216283333;304.93;416.4270596;0.723980791;28487.21227;0.620017873;43.4195307;;0.823562014;0.596243078;;;;;
1309;0.751343667;22.16666667;0.633616667;0.258716667;291.85;416.9809772;0.717120754;29016.96064;0.538804137;38.09312392;;0.72253314;0.51814351;;;;;
1308;0.859165667;42.5;0.237783333;0.24035;275.89;415.1591161;0.744969915;9081.719809;0.640052574;43.55969932;;0.826220669;0.615509541;;;;;
1307;0.832021667;90.16666667;0.46325;0.285316667;262.89;415.2738071;0.747494086;18220.57064;0.621931276;42.18349852;;0.800117515;0.59808311;;;;;
1305;1.009714333;31.3;0.146583333;0.661516667;253.89;415.8106839;0.756574697;4680.817158;0.763924316;51.19251668;;0.970996495;0.734631379;;;;;
1303;0.754862333;96.16666667;0.390416667;0.169416667;285.37;416.6566817;0.715314504;17834.32843;0.539963975;38.27152028;;0.725916882;0.519258874;;;;;
1302;1.017254333;78.7;0.315683333;0.482916667;310.69;416.9695597;0.69695246;11134.36582;0.70897791;51.57479468;;0.978247372;0.681791912;;;;;
1300;0.724199667;92.43333333;0.29035;0.401216667;298.97;417.5695861;0.688780197;14491.58599;0.498814389;36.71692312;;0.696429986;0.479687183;;;;;
1298;0.687253667;19.3;0.42145;0.491783333;309.29;418.3635542;0.685353087;22423.26533;0.471011422;34.84376092;;0.660900693;0.45295033;;;;;
1295;0.739279667;27.16666667;0.320116667;0.47785;301.89;416.9804919;0.707070003;15188.27767;0.522722476;37.48147912;;0.710931738;0.502678506;;;;;
1294;0.913956333;69.7;0.087683333;0.77425;255.21;415.9162205;0.757916971;3079.93665;0.692703016;46.33758608;;0.878910368;0.666141084;;;;;
1292;0.874748333;23.76666667;0.355583333;0.375883333;268.65;415.224861;0.750534596;13233.14508;0.656528887;44.34974048;;0.841205812;0.631354065;;;;;
1289;0.939089667;94.9;0.406883333;0.34295;290.69;416.054271;0.727698294;14653.57226;0.683373949;47.61184612;;0.903079956;0.657169743;;;;;
1287;0.722440333;30.36666667;0.123783333;0.362583333;255.57;416.2108734;0.719799648;5847.302673;0.520012297;36.62772488;;0.694738114;0.50007225;;;;;
1284;0.702333667;60.9;0.54685;0.128883333;268.85;417.8175358;0.706571622;27240.4562;0.496249038;35.60831692;;0.675402445;0.477220201;;;;;
1283;0.724702333;52.16666667;0.66275;0.108616667;287.13;417.7115111;0.707762829;31956.15642;0.512917373;36.74240828;;0.696913377;0.493249383;;;;;
1280;0.865951667;90.1;0.393583333;0.101016667;290.01;415.4674044;0.728861671;15324.26368;0.631158979;43.90374952;;0.832746457;0.606956974;;;;;
1277;0.664131;43.56666667;0.582316667;0.338516667;287.41;419.6874007;0.67733967;32336.34179;0.449842272;33.6714417;;0.638664672;0.432592918;;;;;
1272;0.880026333;18.36666667;0.156083333;0.142816667;312.73;415.4488917;0.728436863;6031.486572;0.641043621;44.61733508;;0.846281426;0.616462587;;;;;
1271;0.901892333;70.5;0.068683333;0.704583333;271.69;415.981739;0.748318151;2481.744798;0.674902403;45.72594128;;0.867308966;0.649023042;;;;;
1270;0.676949;1.566666667;0.27515;0.35625;277.41;417.6420335;0.69284902;14563.18416;0.469023451;34.3213143;;0.650991162;0.451038588;;;;;
1264;0.915464333;66.36666667;0.132016667;0.51015;305.53;416.1648805;0.714770714;4995.482729;0.654347095;46.41404168;;0.880360544;0.629255934;;;;;
1263;0.974025;3.9;0.211816667;0.376516667;275.73;415.4392321;0.746477785;7122.653722;0.727088025;49.3830675;;0.936675682;0.699207588;;;;;
1259;0.877764333;49.3;0.287183333;0.45885;287.77;415.8194734;0.737282452;10887.03848;0.64716024;44.50265168;;0.844106163;0.622344661;;;;;
1258;0.829508333;4.233333333;0.370783333;0.472783333;273.21;415.6914108;0.744216869;14711.82341;0.617334094;42.05607248;;0.797700555;0.59366221;;;;;
1255;0.938335667;47.76666667;0.194083333;0.576016667;282.69;415.8676698;0.741796953;6829.70948;0.696054539;47.57361832;;0.902354868;0.669364092;;;;;
1250;0.851625667;63.96666667;0.363183333;0.50065;293.85;416.2066977;0.727670017;14429.87708;0.619702464;43.17742132;;0.818969793;0.595939763;;;;;
1249;0.798845667;21.43333333;0.22005;0.358783333;276.05;415.6504209;0.737498961;9145.218801;0.589147849;40.50147532;;0.76821366;0.566556776;;;;;
1244;0.706857667;96.76666667;0.126316667;0.242883333;299.37;417.0154197;0.683354086;6496.765497;0.483034075;35.83768372;;0.679752971;0.46451197;;;;;
1243;0.809904333;30.56666667;0.835016667;0.134583333;259.93;415.1578047;0.745549354;33851.0014;0.603823652;41.06214968;;0.778848277;0.58066983;;;;;
1241;0.773209667;70.1;0.374583333;0.592483333;271.77;416.4700763;0.728497397;16359.39615;0.56328123;39.20173012;;0.743560681;0.54168202;;;;;
1238;0.751092333;75.63333333;0.45755;0.408183333;308.37;418.1129661;0.688082348;22168.58652;0.516813376;38.08038128;;0.722291443;0.496995992;;;;;
1236;0.815936333;40.3;0.44235;0.37145;278.29;415.8269015;0.738017619;18022.26939;0.60217539;41.36797208;;0.784648978;0.579084771;;;;;
1232;0.762653667;31.1;0.378383333;0.137116667;296.45;416.2942926;0.718314701;17027.11559;0.547825341;38.66654092;;0.733409454;0.526818793;;;;;
1223;0.794824333;70.23333333;0.41575;0.420216667;297.69;416.7601021;0.714431846;18107.24976;0.567847815;40.29759368;;0.764346525;0.546073499;;;;;
1222;0.913202333;99.23333333;0.18395;0.42845;310.81;416.483053;0.701253682;7173.519347;0.640386498;46.29935828;;0.878185281;0.615830662;;;;;
1221;0.725707667;82.43333333;0.76155;0.20425;311.85;420.019307;0.677810699;38998.86105;0.491892421;36.79337872;;0.697880161;0.47303064;;;;;
1220;0.940849;83.76666667;0.79385;0.136483333;285.29;415.6711235;0.735514837;28182.84724;0.692008399;47.7010443;;0.904771827;0.665473103;;;;;
1217;0.974276333;91.03333333;0.798283333;0.145983333;258.85;414.7007806;0.754589467;26533.27832;0.735178659;49.39581008;;0.936917377;0.706987985;;;;;
1215;0.783263;93.23333333;0.213083333;0.399316667;299.69;416.5911928;0.704813904;9561.215344;0.552054653;39.7114341;;0.753228515;0.530885931;;;;;
1212;0.826492333;2.966666667;0.284016667;0.433516667;276.81;415.6230365;0.742670186;11330.18217;0.613811215;41.90316128;;0.794800205;0.590274416;;;;;
1211;0.911694333;24.1;0.46705;0.50445;309.13;416.3056909;0.728673317;17437.56006;0.664327334;46.22290268;;0.876735105;0.638853477;;;;;
1208;0.705852333;23.56666667;0.14785;0.28975;273.57;416.4983399;0.708823173;7282.455204;0.50032449;35.78671328;;0.678786187;0.481139379;;;;;
1207;0.694542333;25.3;0.08895;0.273916667;279.25;416.435069;0.702232157;4495.987379;0.487729961;35.21329628;;0.667909872;0.46902779;;;;;
1203;0.900384333;38.43333333;0.064883333;0.102916667;263.45;414.5137869;0.752147104;2324.081625;0.677221469;45.64948568;;0.865858791;0.651253182;;;;;
1202;1.007452333;31.5;0.097816667;0.590583333;292.81;415.9849256;0.731140922;3255.360955;0.736589628;51.07783328;;0.968821233;0.708344849;;;;;
1200;0.754611;85.63333333;0.561416667;0.39995;310.13;418.5180186;0.686130798;27220.48875;0.517761848;38.2587777;;0.725675186;0.497908094;;;;;
1199;1.029318333;28.3;0.078183333;0.161816667;299.05;415.5534517;0.720926576;2585.331177;0.742062941;52.18643948;;0.989848773;0.713608287;;;;;
1195;0.712387;45.03333333;0.21245;0.156116667;286.65;416.8003863;0.705727593;10430.23767;0.502751163;36.1180209;;0.68507028;0.483472999;;;;;
1190;0.820711667;94.03333333;0.09655;0.346116667;271.61;415.7185699;0.74066133;3879.743854;0.607869395;41.61008152;;0.789241201;0.584560437;;;;;
1187;0.858411667;99.83333333;0.64755;0.29545;257.49;415.0354723;0.753204611;24468.85139;0.646559626;43.52147152;;0.825495581;0.621767078;;;;;
1185;0.906416333;77.56666667;0.19345;0.277083333;253.41;414.8742438;0.757717192;6855.21534;0.686807239;45.95530808;;0.871659492;0.660471383;;;;;
1183;0.905913667;16.03333333;0.643116667;0.292283333;266.29;414.97466;0.75334102;23033.81407;0.682461926;45.92982292;;0.871176101;0.656292693;;;;;
1181;0.716157;13.96666667;0.086416667;0.709016667;263.49;416.3277169;0.711881932;4173.97899;0.509819229;36.3091599;;0.688695718;0.490270038;;;;;
1180;1.039120333;14.7;0.24665;0.439216667;263.69;415.4885594;0.747794772;7758.140217;0.777048752;52.68340088;;0.999274912;0.747252555;;;;;
1179;0.939341;31.63333333;0.405616667;0.421483333;293.97;415.8592509;0.735060158;14433.44678;0.690472144;47.6245887;;0.903321652;0.663995756;;;;;
1173;0.800856333;33.03333333;0.717216667;0.267583333;266.89;415.7127274;0.740558376;29644.06166;0.593080865;40.60341608;;0.770147226;0.570338979;;;;;
1172;0.981062333;84.56666667;0.435383333;0.514583333;308.21;417.0640501;0.701459064;15782.68981;0.688175066;49.73986028;;0.943443166;0.66178676;;;;;
1171;0.766172333;74.3;0.30555;0.538016667;273.77;416.4232218;0.725774552;13522.53211;0.556068382;38.84493728;;0.736793196;0.534745752;;;;;
1167;0.725205;68.36666667;0.690616667;0.21945;308.81;419.4917441;0.682620318;34996.92207;0.495039668;36.7678935;;0.697396769;0.476057204;;;;;
1166;0.740536333;2.033333333;0.45565;0.294183333;308.57;416.7905925;0.716590281;21314.49002;0.530661139;37.54519208;;0.712140217;0.510312758;;;;;
1164;0.697055667;5.9;0.525316667;0.175116667;311.41;418.2143914;0.698811525;26932.8958;0.487110534;35.34072232;;0.670326832;0.468432116;;;;;
1163;0.823476333;0.166666667;0.548116667;0.417683333;295.85;415.9262274;0.735600749;22245.49762;0.605749807;41.75025008;;0.791899854;0.582522126;;;;;
1162;0.873743;77.76666667;0.133283333;0.62795;300.41;416.1696414;0.718386589;5240.413058;0.627685253;44.2987701;;0.840239029;0.60361645;;;;;
1160;0.893095667;5.966666667;0.25045;0.15105;294.77;414.706838;0.739069981;9282.920252;0.660060198;45.27995032;;0.858849612;0.634749966;;;;;
1159;0.843583;34.03333333;0.150383333;0.668483333;274.97;415.9429978;0.743569979;5864.664064;0.627262994;42.7696581;;0.811235525;0.603210382;;;;;
1156;0.980811;5.7;0.195983333;0.529783333;296.01;415.8391848;0.736460269;6656.620153;0.722328333;49.7271177;;0.94320147;0.694630409;;;;;
1155;0.832273;74.23333333;0.06805;0.53295;268.25;415.9181427;0.744687055;2677.944488;0.619782929;42.1962411;;0.80035921;0.596017143;;;;;
1152;0.968244333;3.833333333;0.131383333;0.830616667;280.69;415.9861253;0.74621352;4445.475477;0.722517012;49.08998768;;0.931116677;0.694811853;;;;;
1151;0.776728333;88.36666667;0.170016667;0.73055;256.09;416.1632759;0.735752258;7291.62749;0.571479625;39.38012648;;0.746944422;0.549566045;;;;;
1148;0.801861667;33.7;0.477183333;0.39805;302.33;416.5683433;0.721185401;20408.88352;0.578290928;40.65438652;;0.77111401;0.556116167;;;;;
1135;0.834535;71.5;0.090216667;0.68495;255.49;415.9189458;0.750324792;3510.607627;0.6261723;42.3109245;;0.802534473;0.602161512;;;;;
1134;0.984078333;17.5;0.17635;0.209316667;293.73;415.4421815;0.732842345;5993.795636;0.721174273;49.89277148;;0.946343516;0.693520602;;;;;
1132;0.897368333;31.76666667;0.108583333;0.174483333;277.17;415.0011681;0.745500008;3955.938682;0.668988099;45.49657448;;0.862958441;0.643335524;;;;;
1128;0.851374333;92.23333333;0.504416667;0.13965;290.05;415.7975877;0.72769686;20028.83917;0.619542429;43.16467868;;0.818728096;0.595785865;;;;;
1126;1.023035;41.43333333;0.356216667;0.396783333;295.37;416.0425636;0.725483406;11814.82482;0.742194916;51.8678745;;0.983806377;0.713735201;;;;;
1125;0.721937667;76.7;0.149116667;0.280883333;270.45;416.3499785;0.714640386;7113.162657;0.515925813;36.60223972;;0.694254723;0.496142463;;;;;
1123;0.920239667;9.966666667;0.09275;0.62225;297.21;415.9583368;0.738165214;3345.623452;0.679288911;46.65615112;;0.884952766;0.653241348;;;;;
1121;0.915715667;32.03333333;0.420183333;0.57285;291.93;415.9862568;0.737442618;15278.54024;0.675287759;46.42678432;;0.88060224;0.649393621;;;;;
1120;0.765669667;8.366666667;0.268816667;0.465816667;265.65;416.1214805;0.732427706;11769.70207;0.560797678;38.81945212;;0.736309805;0.539293701;;;;;
1118;0.839813;80.5;0.249816667;0.275816667;278.61;415.4929994;0.738986336;9860.505308;0.620610332;42.5785191;;0.807610086;0.596812819;;;;;
1114;0.955426333;60.1;0.116816667;0.345483333;297.97;415.9111703;0.723349728;4157.473806;0.691107378;48.44011508;;0.918790187;0.664606632;;;;;
1112;1.000163667;28.36666667;0.470216667;0.10165;304.37;415.8168733;0.722219618;16084.03362;0.722337822;50.70829792;;0.961812053;0.694639533;;;;;
1109;0.764915667;46.3;0.31695;0.531683333;311.13;417.1449578;0.700918058;14778.52011;0.536143204;38.78122432;;0.735584717;0.515584611;;;;;
1108;0.885807;50.23333333;0.69695;0.120016667;268.53;414.5604509;0.750407973;25627.87801;0.664716635;44.9104149;;0.851840431;0.639227851;;;;;
1106;0.697809667;24.76666667;0.31125;0.574116667;297.57;417.5168966;0.69193379;16029.74459;0.482838088;35.37895012;;0.671051919;0.464323498;;;;;
1105;0.899630333;90.56666667;0.22575;0.395516667;259.97;415.2928357;0.754624237;8110.31431;0.678882854;45.61125788;;0.865133704;0.652850861;;;;;
1103;0.868213667;20.16666667;0.082616667;0.54435;271.81;415.8118884;0.748290944;3098.575046;0.649676424;44.01843292;;0.83492172;0.624764362;;;;;
1102;0.977543667;63.16666667;0.553816667;0.186516667;303.21;416.560507;0.715045794;19627.10942;0.698988488;49.56146392;;0.940059424;0.672185538;;;;;
1099;1.022532333;80.76666667;0.14405;0.14155;299.21;415.9165826;0.709136691;4899.087329;0.725115195;51.84238928;;0.983322985;0.697310408;;;;;
1097;0.678959667;82.56666667;0.251716667;0.614016667;274.93;417.5132645;0.68660439;13434.4835;0.466176688;34.42325512;;0.652924729;0.448300985;;;;;
1093;0.704344333;2.766666667;0.07945;0.571583333;287.93;416.352506;0.703405902;3956.581596;0.495439961;35.71025768;;0.677336011;0.476442148;;;;;
1092;0.954169667;45.56666667;0.52975;0.422116667;264.17;415.3420857;0.753791708;18004.9692;0.719245183;48.37640212;;0.917581708;0.691665483;;;;;
1085;0.948640333;60.56666667;0.299216667;0.300516667;258.21;414.9459246;0.755594704;10181.84607;0.716787612;48.09606488;;0.912264399;0.689302148;;;;;
1079;0.806637;73.43333333;0.29985;0.381583333;289.85;416.1741444;0.724711402;12624.73998;0.584579031;40.8964959;;0.775706231;0.562163151;;;;;
1078;0.853133667;27.96666667;0.14025;0.27645;255.01;415.0688783;0.754367722;5303.042506;0.643576501;43.25387692;;0.820419968;0.618898342;;;;;
1075;0.945121667;19.56666667;0.112383333;0.42465;303.53;415.8858755;0.730847858;4004.698692;0.690740146;47.91766852;;0.908880657;0.664253481;;;;;
1074;0.738525667;48.83333333;0.05855;0.533583333;268.97;416.1386574;0.721136415;2695.160349;0.532577752;37.44325132;;0.710206651;0.512155878;;;;;
1073;1.038869;17.16666667;0.314416667;0.131416667;279.45;414.7576742;0.736053098;10059.98917;0.764662746;52.6706583;;0.999033217;0.735341494;;;;;
1072;1.023789;10.96666667;0.384083333;0.368916667;303.69;415.9171317;0.727330914;12727.16503;0.744633389;51.9061023;;0.984531465;0.71608017;;;;;
1071;0.748579;28.56666667;0.43095;0.511416667;300.25;417.1289695;0.709719133;20102.42295;0.531280839;37.9529553;;0.719874485;0.510908695;;;;;
1069;0.983575667;85.03333333;0.836916667;0.130783333;275.77;415.4525167;0.742304203;28115.27884;0.730112352;49.86728632;;0.945860125;0.702115947;;;;;
1068;0.808396333;99.63333333;0.21625;0.68115;286.97;416.3198881;0.723287798;9107.258373;0.584703204;40.98569408;;0.777398102;0.562282562;;;;;
1067;0.796332333;8.3;0.257416667;0.19285;298.13;415.5027876;0.730412817;10870.47339;0.581651343;40.37404928;;0.7657967;0.559347725;;;;;
1061;0.823979;46.7;0.099716667;0.21185;289.17;415.5218752;0.732456646;4041.748154;0.603528895;41.7757353;;0.792383247;0.580386375;;;;;
1059;0.864695;52.7;0.207383333;0.481016667;256.81;415.4776567;0.754449498;7752.660933;0.652368709;43.8400365;;0.831537978;0.62735341;;;;;
1057;0.933309;25.03333333;0.264383333;0.708383333;293.33;416.0350314;0.737510595;9427.950538;0.688325276;47.3187663;;0.897520951;0.66193121;;;;;
1054;0.967993;9.7;0.16305;0.771716667;291.45;416.0073625;0.739816743;5577.852585;0.716137429;49.0772451;;0.930874981;0.688676897;;;;;
1052;0.768685667;92.1;0.71975;0.201083333;285.33;417.0292187;0.718148667;32178.59319;0.552030587;38.97236332;;0.739210155;0.530862788;;;;;
1050;1.006195667;52.76666667;0.88315;0.116216667;287.73;415.804715;0.732613029;29445.71654;0.737152055;51.01412032;;0.967612754;0.70888571;;;;;
1046;0.940095;14.63333333;0.352416667;0.298616667;308.77;415.8461759;0.730841089;12697.42234;0.687060054;47.6628165;;0.904046739;0.660714503;;;;;
1041;0.834786333;77.7;0.125683333;0.638716667;305.73;416.298255;0.707806457;5276.867573;0.590867157;42.32366708;;0.802776169;0.568210156;;;;;
1039;0.895609;77.43333333;0.25615;0.718516667;289.69;416.1534285;0.732297825;9597.651664;0.655852523;45.4073763;;0.86126657;0.630703636;;;;;
1037;0.830011;94.83333333;0.140883333;0.17005;253.49;414.62669;0.751671056;5491.386927;0.623895245;42.0815577;;0.798183947;0.599971771;;;;;
1032;0.808647667;5.566666667;0.44615;0.104183333;278.45;414.6908151;0.739893713;18248.63227;0.598313325;40.99843672;;0.777639799;0.575370798;;;;;
1030;0.831016333;7.9;0.677316667;0.313816667;296.09;415.8552199;0.73524754;27250.20545;0.611002715;42.13252808;;0.799150731;0.587573609;;;;;
1028;0.887063667;91.9;0.16685;0.384116667;268.61;415.5335866;0.748949576;6133.852882;0.664365957;44.97412792;;0.853048911;0.63889062;;;;;
1024;0.672425;85.16666667;0.173183333;0.501916667;259.01;417.1634625;0.689554042;9269.182128;0.463673377;34.0919475;;0.646640636;0.445893664;;;;;
1017;0.777231;59.9;0.605116667;0.256816667;274.05;416.2396663;0.730718185;26191.37518;0.567936826;39.4056117;;0.747427814;0.546159096;;;;;
1016;0.914961667;99.5;0.20295;0.459483333;253.45;415.3809538;0.758332167;7126.800731;0.693844864;46.38855652;;0.879877152;0.667239148;;;;;
1012;0.916972333;82.9;0.332783333;0.17955;272.41;414.9334182;0.746733668;11885.16485;0.684734114;46.49049728;;0.881810719;0.658477752;;;;;
1006;0.965479667;72.83333333;0.467683333;0.37525;272.21;415.5362161;0.747010034;15881.84849;0.721222999;48.94981912;;0.928458023;0.693567459;;;;;
1004;0.928533667;86.7;0.129483333;0.86735;296.37;416.1908116;0.722622911;4750.813711;0.670979701;47.07665692;;0.892928729;0.645250758;;;;;
1001;0.870978333;89.36666667;0.334683333;0.18335;279.41;415.1827055;0.740155679;12719.88189;0.644659559;44.15860148;;0.837580374;0.619939871;;;;;
997;0.883796333;94.7;0.130116667;0.526616667;310.33;416.3236356;0.702759463;5222.971056;0.621096236;44.80847408;;0.849906864;0.597280091;;;;;
995;0.995891;93.63333333;0.05095;0.894583333;292.69;416.1247044;0.723746538;1732.623362;0.720772663;50.4916737;;0.957703223;0.693134392;;;;;
992;0.933811667;50.5;0.182683333;0.386016667;281.53;415.6401756;0.741869699;6454.758521;0.69276658;47.34425152;;0.898004343;0.666202211;;;;;
988;0.763156333;2.166666667;0.07185;0.638083333;288.85;416.1163967;0.724053022;3189.145997;0.552565649;38.69202608;;0.733892845;0.531377332;;;;;
987;0.936073667;89.23333333;0.175083333;0.283416667;258.41;415.0307221;0.75484063;6034.910254;0.706586437;47.45893492;;0.900179606;0.679492141;;;;;
985;0.724451;14.43333333;0.726716667;0.142183333;261.81;417.217825;0.718870349;34403.27582;0.520786343;36.7296657;;0.696671681;0.500816615;;;;;
982;0.982319;0.633333333;0.651983333;0.330916667;268.13;415.2951106;0.751384792;21618.44408;0.738099557;49.8035733;;0.944651646;0.70979688;;;;;
980;0.798343;64.9;0.42335;0.363216667;310.73;417.3385848;0.700308187;18925.98888;0.559086139;40.4759901;;0.767730268;0.537647792;;;;;
978;0.970506333;96.43333333;0.106683333;0.248583333;263.85;415.3277829;0.749593447;3574.159167;0.727485187;49.20467108;;0.933291939;0.699589522;;;;;
977;0.728472333;68.3;0.275783333;0.221983333;289.89;416.9387059;0.705849093;13254.72702;0.514191536;36.93354728;;0.700538815;0.494474687;;;;;
975;0.998404333;54.43333333;0.73875;0.239716667;292.21;416.1141244;0.729032605;24982.62621;0.727869312;50.61909968;;0.960120181;0.699958917;;;;;
973;0.744809;51.16666667;0.39485;0.213116667;304.41;417.4085662;0.701793597;18774.52579;0.522702187;37.7618163;;0.716249047;0.502658995;;;;;
971;0.871229667;69.9;0.580416667;0.148516667;306.09;416.7511038;0.712362796;23219.90484;0.620631602;44.17134412;;0.837822071;0.596833273;;;;;
968;0.950651;33.83333333;0.088316667;0.354983333;274.89;415.6296619;0.74608668;3036.790945;0.709268048;48.1980057;;0.914197966;0.682070925;;;;;
967;0.799348333;10.1;0.14975;0.14915;253.53;414.6787336;0.747144624;6107.006543;0.59722881;40.52696048;;0.768697051;0.574327869;;;;;
965;0.846347667;25.96666667;0.56775;0.172583333;302.01;415.7827434;0.7299634;22662.70968;0.617802821;42.90982672;;0.813894179;0.594112962;;;;;
962;0.880277667;65.83333333;0.266916667;0.36385;260.21;415.1440818;0.753972764;9809.271511;0.663705386;44.63007772;;0.846523122;0.638255378;;;;;
961;0.663628333;63.5;0.526583333;0.458216667;265.01;419.031865;0.683581317;28798.61863;0.45364393;33.64595648;;0.63818128;0.4362488;;;;;
960;0.717162333;61.56666667;0.36255;0.196016667;295.01;417.6822715;0.697896472;17966.34349;0.500505062;36.36013028;;0.689662501;0.481313026;;;;;
955;0.961207;30.03333333;0.12315;0.32015;297.09;415.7535137;0.730353532;4305.122949;0.702020927;48.7331949;;0.924349192;0.675101698;;;;;
953;1.033088333;87.9;0.587383333;0.109883333;288.29;415.9958398;0.723733742;19341.94501;0.747680885;52.37757848;;0.993474211;0.719010809;;;;;
951;0.710627667;48.76666667;0.189016667;0.315716667;292.89;416.8968064;0.698981154;9416.838388;0.496715347;36.02882272;;0.683378409;0.477668629;;;;;
949;0.778236333;88.5;0.171916667;0.15485;299.65;416.283796;0.706457337;7724.921383;0.549790767;39.45658208;;0.748394598;0.528708854;;;;;
948;1.028313;69.76666667;0.834383333;0.11495;267.89;415.1491828;0.745228368;26669.73988;0.766328019;52.1354691;;0.98888199;0.736942912;;;;;
941;0.936325;55.9;0.38915;0.560816667;263.33;415.5717439;0.75460329;13459.30176;0.706553926;47.4716775;;0.900421301;0.679460876;;;;;
938;0.941854333;33.23333333;0.40815;0.370816667;311.93;416.4247031;0.720350742;14974.69663;0.678465468;47.75201468;;0.90573861;0.65244948;;;;;
937;0.963971667;23.43333333;0.230816667;0.302416667;266.41;415.1285223;0.750883301;7783.352241;0.723830227;48.87336352;;0.927007847;0.696074713;;;;;
933;0.869973;3.966666667;0.26375;0.284683333;302.61;415.3587205;0.737778398;10099.79977;0.641847286;44.1076311;;0.836613591;0.617235435;;;;;
932;0.681975667;81.5;0.23905;0.253016667;263.57;417.4667391;0.69708607;12448.57936;0.475395738;34.57616632;;0.655825079;0.457166527;;;;;
930;0.775723;80.03333333;0.297316667;0.231483333;263.53;415.6010413;0.73616888;12754.95721;0.571063132;39.3291561;;0.745977639;0.549165523;;;;;
927;0.738777;84.83333333;0.791316667;0.15675;285.85;417.833979;0.709177212;37368.59475;0.523923813;37.4559939;;0.710448346;0.503833777;;;;;
925;0.816941667;20.43333333;0.22765;0.468983333;312.49;416.2344221;0.723929039;9571.238398;0.591407796;41.41894252;;0.785615762;0.568730064;;;;;
922;0.845342333;1.1;0.276416667;0.271383333;286.37;415.158851;0.741626329;10788.87199;0.626928131;42.85885628;;0.812927395;0.60288836;;;;;
920;0.685243;73.23333333;0.35305;0.11685;309.57;420.0340024;0.666306624;19445.55249;0.45658195;34.7418201;;0.658967125;0.439074161;;;;;
919;0.847855667;49.03333333;0.05285;0.58425;285.93;416.0069247;0.736830143;2066.389152;0.624725612;42.98628232;;0.815344355;0.600770297;;;;;
914;1.035350333;28.76666667;0.769783333;0.15295;301.57;416.2426665;0.721658778;25445.91081;0.747169656;52.49226188;;0.995649474;0.718519183;;;;;
913;0.932555;73.36666667;0.138983333;0.70205;256.77;415.8101619;0.757464128;4794.839945;0.70637696;47.2805385;;0.896795863;0.679290696;;;;;
911;0.829005667;19.9;0.46515;0.225783333;271.73;415.0085399;0.744746624;18427.86689;0.617399172;42.03058732;;0.797217164;0.593724792;;;;;
906;0.736515;49.76666667;0.44045;0.418316667;290.41;417.2416641;0.70823904;20889.92124;0.521628677;37.3413105;;0.708273083;0.501626649;;;;;
905;0.989859;58.03333333;0.07565;0.734983333;257.41;415.9398607;0.755553224;2462.510153;0.747891159;50.1858513;;0.951902522;0.719213019;;;;;
902;0.814931;95.7;0.157983333;0.347383333;285.01;415.8837763;0.728696641;6529.614964;0.593837482;41.3170017;;0.783682195;0.571066583;;;;;
900;0.924261;61.43333333;0.32265;0.488616667;264.61;415.4849064;0.753458721;11320.02547;0.696392511;46.8600327;;0.888819899;0.669689105;;;;;
898;0.677703;69.1;0.425883333;0.33535;269.53;418.3860961;0.690994875;22597.82165;0.4682893;34.3595421;;0.651716249;0.450332588;;;;;
896;1.030323667;4.766666667;0.333416667;0.52915;290.33;415.8260018;0.735211602;10796.39969;0.757505914;52.23740992;;0.990815558;0.728459093;;;;;
895;1.027307667;39.7;0.08515;0.51965;274.41;415.8702413;0.741408791;2730.913912;0.761654935;52.08449872;;0.987915207;0.732449019;;;;;
891;0.692783;68.83333333;0.18585;0.565883333;265.57;416.9172195;0.699267544;9498.37136;0.484440667;35.1240981;;0.666218002;0.465864626;;;;;
890;0.977041;35.83333333;0.33405;0.178916667;274.33;414.9809982;0.744978863;11226.54827;0.727874893;49.5359787;;0.939576032;0.699964284;;;;;
888;0.994885667;55.43333333;0.787516667;0.204883333;312.05;417.4802378;0.704897978;28066.79428;0.701292895;50.44070332;;0.95673644;0.674401582;;;;;
883;0.671419667;44.5;0.209283333;0.188416667;273.25;417.711358;0.690526412;11189.64256;0.463633014;34.04097712;;0.645673853;0.445854849;;;;;
879;1.039874333;74.03333333;0.17445;0.438583333;279.05;415.8427927;0.734569704;5598.96872;0.763860181;52.72162868;;1;0.734569704;;;;;
878;0.754108333;25.83333333;0.505683333;0.17765;267.93;416.0452004;0.728906062;22596.83437;0.549674135;38.23329248;;0.725191794;0.528596695;;;;;
874;0.743803667;90.96666667;0.610816667;0.190316667;294.45;417.9147072;0.701730593;29016.54937;0.521949788;37.71084592;;0.715282264;0.501935447;;;;;
873;0.837802333;73.56666667;0.375216667;0.164983333;289.25;415.5860592;0.730151525;15067.04258;0.611722651;42.47657828;;0.805676519;0.588265939;;;;;
872;0.976789667;3.1;0.54115;0.199183333;303.29;415.3991265;0.734184114;18585.50643;0.717143456;49.52323612;;0.939334337;0.689644348;;;;;
870;0.903651667;41.76666667;0.201683333;0.163083333;256.89;414.3017982;0.755887889;7184.257947;0.683059351;45.81513952;;0.869000838;0.656867209;;;;;
868;0.862684333;76.36666667;0.653883333;0.308116667;269.97;415.4225519;0.747163575;24840.38282;0.64456631;43.73809568;;0.82960441;0.619850197;;;;;
862;0.673430333;98.9;0.323916667;0.37335;267.49;418.0946127;0.688189421;17374.94451;0.463447631;34.14291788;;0.647607419;0.445676575;;;;;
857;0.673681667;13.9;0.262483333;0.42655;260.09;417.6419373;0.691728491;13986.71708;0.466004803;34.15566052;;0.647849116;0.448135691;;;;;
856;0.974779;74.56666667;0.10985;0.316983333;297.85;415.9370519;0.718519513;3859.699066;0.700397732;49.4212953;;0.93740077;0.673540744;;;;;
855;0.837299667;22.83333333;0.43855;0.12065;296.97;415.3092206;0.732812423;17561.64074;0.613583598;42.45109312;;0.805193128;0.590055527;;;;;
853;0.784017;72.03333333;0.38535;0.484183333;306.45;417.2496912;0.700462874;17490.38505;0.549174801;39.7496619;;0.753953603;0.528116508;;;;;
849;0.838807667;64.43333333;0.650716667;0.17195;254.53;414.6239048;0.752558977;25172.62256;0.63125224;42.52754872;;0.806643303;0.607046659;;;;;
844;0.737017667;24.3;0.69125;0.28785;266.69;417.0663533;0.721243762;32047.3868;0.531569395;37.36679572;;0.708756475;0.511186187;;;;;
843;0.802113;55.16666667;0.39295;0.304316667;301.09;416.5274628;0.716663561;16906.72263;0.574845159;40.6671291;;0.771355706;0.552802527;;;;;
842;0.867459667;15.9;0.186483333;0.666583333;302.69;416.0517243;0.733911793;7215.693453;0.63663888;43.98020512;;0.834196633;0.612226746;;;;;
836;0.886309667;87.63333333;0.62855;0.26695;308.97;417.3821851;0.703770153;25148.74668;0.62375829;44.93590012;;0.852323823;0.599840067;;;;;
825;0.761899667;2.9;0.755216667;0.18905;307.49;416.6983569;0.722150956;34015.51413;0.550206573;38.62831312;;0.732684367;0.529108716;;;;;
820;0.702585;4.3;0.137716667;0.462016667;300.09;416.5960451;0.701149771;6921.315339;0.492617312;35.6210595;;0.675644141;0.473727734;;;;;
818;0.726461667;15.7;0.399916667;0.185883333;266.01;416.5761238;0.719907111;18825.84105;0.52298492;36.83160652;;0.698605249;0.502930886;;;;;
814;0.730231667;56.96666667;0.33785;0.182716667;266.25;416.4215979;0.720661668;15793.85694;0.526249971;37.02274552;;0.702230687;0.506070738;;;;;
813;0.804123667;50.03333333;0.627283333;0.138383333;293.21;416.1337457;0.725250404;26481.07755;0.583191014;40.76906992;;0.773289273;0.560828358;;;;;
811;0.861930333;70.63333333;0.081983333;0.612116667;284.69;415.9894068;0.736374635;3160.357267;0.634703634;43.69986788;;0.828879323;0.610365709;;;;;
809;0.730985667;62.36666667;0.310616667;0.547516667;286.89;417.0242258;0.706486693;14885.6788;0.516431647;37.06097332;;0.702955774;0.4966289;;;;;
807;0.867711;68.03333333;0.17065;0.118116667;304.33;415.7640488;0.715134996;6792.901825;0.620530503;43.9929477;;0.834438328;0.596736051;;;;;
803;0.910940333;9.9;0.53355;0.11305;287.01;414.588046;0.74261125;19301.39336;0.676474539;46.18467488;;0.876010018;0.650534894;;;;;
801;0.741541667;87.23333333;0.133916667;0.153583333;307.21;416.9121721;0.686827381;6546.195133;0.509311121;37.59616252;;0.713107001;0.489781414;;;;;
795;0.696050333;29.83333333;0.593716667;0.229583333;285.45;418.3841246;0.69779579;30324.12408;0.485700992;35.28975188;;0.669360048;0.467076623;;;;;
794;0.863941;21.36666667;0.185216667;0.429716667;296.93;415.8024075;0.734875948;7161.646075;0.634889461;43.8018087;;0.83081289;0.61054441;;;;;
792;0.789546333;78.83333333;0.588016667;0.111783333;256.13;414.9916331;0.742591263;24534.74408;0.586310209;40.02999908;;0.759270912;0.563827945;;;;;
787;0.991367;39.23333333;0.052216667;0.70015;313.09;416.1316918;0.713844998;1832.838862;0.707682374;50.2623069;;0.953352697;0.680546054;;;;;
786;0.788541;68.7;0.506316667;0.10925;306.61;417.3058745;0.703917359;22692.08763;0.555067698;39.9790287;;0.758304129;0.53378344;;;;;
785;0.670665667;71.23333333;0.076916667;0.173216667;284.25;416.8459655;0.685388814;4140.608415;0.459666746;34.00274932;;0.644948765;0.442040669;;;;;
778;0.937330333;97.16666667;0.050316667;0.424016667;305.29;416.0906799;0.704294675;1883.889328;0.660156762;47.52264788;;0.901388084;0.634842828;;;;;
777;0.988853667;59.03333333;0.33025;0.26885;262.21;415.0184588;0.751314236;10856.81455;0.742939837;50.13488092;;0.950935739;0.714451558;;;;;
776;0.703841667;7.366666667;0.40055;0.552583333;291.05;417.5099928;0.700288398;20145.52483;0.492892153;35.68477252;;0.67685262;0.473992037;;;;;
775;0.824230333;52.63333333;0.793216667;0.112416667;312.17;417.5132569;0.708088366;33945.96396;0.58362791;41.78847788;;0.792624942;0.5612485;;;;;
773;1.003179667;13.5;0.14595;0.166883333;305.89;415.4597073;0.72500088;4945.115987;0.727306141;50.86120912;;0.964712403;0.699417341;;;;;
771;0.844337;69.83333333;0.634883333;0.212483333;293.45;416.147935;0.726606222;25484.74791;0.613500518;42.8078859;;0.811960612;0.589975633;;;;;
770;0.803369667;41.9;0.428416667;0.53485;269.61;416.071057;0.738962975;17702.62854;0.593660439;40.73084212;;0.772564185;0.570896329;;;;;
769;0.966736333;57.36666667;0.631716667;0.252383333;300.13;416.4053944;0.72197072;22363.30716;0.697955326;49.01353208;;0.929666501;0.671191993;;;;;
768;0.754359667;80.56666667;0.477816667;0.29925;308.53;418.2495703;0.687718412;23057.91101;0.518787032;38.24603512;;0.72543349;0.498893968;;;;;
762;0.801107667;20.36666667;0.601316667;0.123183333;260.53;414.9106278;0.744291013;24676.72503;0.596257237;40.61615872;;0.770388923;0.573393552;;;;;
760;0.963720333;8.7;0.699483333;0.16435;288.49;415.1417515;0.740458812;24025.54878;0.713595213;48.86062088;;0.926766151;0.686232163;;;;;
758;0.711633;18.63333333;0.513283333;0.43415;308.73;418.0882076;0.696723216;25860.12341;0.495811232;36.0797931;;0.684345192;0.476799183;;;;;
757;0.824984333;4.966666667;0.292883333;0.562716667;260.97;415.7786049;0.747880296;11614.41799;0.616989527;41.82670568;;0.79335003;0.593330855;;;;;
755;0.766675;22.9;0.48035;0.235283333;255.61;415.794652;0.736504569;20862.13461;0.56465964;38.8704225;;0.737276588;0.543007576;;;;;
754;0.910689;39.5;0.192183333;0.53675;264.05;415.5935151;0.753755269;6831.071887;0.686436632;46.1719323;;0.875768322;0.660114987;;;;;
748;0.767680333;30.76666667;0.30745;0.30115;265.45;415.8227525;0.733599528;13386.48036;0.56316993;38.92139288;;0.738243371;0.541574989;;;;;
746;0.669409;26.7;0.15355;0.427183333;254.33;417.1274549;0.689850574;8248.133726;0.461792183;33.9390363;;0.643740285;0.444084605;;;;;
743;0.868465;99.43333333;0.443616667;0.48545;295.25;416.4912464;0.72048216;17501.2828;0.625713539;44.0311755;;0.835163416;0.601720342;;;;;
742;0.738274333;56.76666667;0.487316667;0.449983333;286.01;417.2748337;0.710507841;22976.45503;0.524549702;37.43050868;;0.709964954;0.504435667;;;;;
738;0.800102333;49.1;0.08705;0.27075;275.05;415.6460887;0.73745652;3603.298003;0.590040682;40.56518828;;0.769422138;0.567415373;;;;;
737;0.728975;99.96666667;0.49935;0.470883333;264.25;417.2078153;0.71576487;23624.29328;0.521774696;36.9590325;;0.701022207;0.501767069;;;;;
734;0.991618333;90.83333333;0.377116667;0.26315;272.81;415.4559982;0.74328161;12536.58987;0.737051671;50.27504948;;0.953594393;0.708789175;;;;;
733;0.781252333;56.43333333;0.544316667;0.326483333;255.05;415.8769879;0.739721976;23089.50846;0.57790952;39.60949328;;0.751294948;0.555749384;;;;;
731;0.970757667;57.5;0.446783333;0.100383333;259.85;414.1846584;0.753093733;14916.50057;0.731071515;49.21741372;;0.933533636;0.703038331;;;;;
730;0.893347;71.16666667;0.205483333;0.235916667;300.77;415.9221217;0.719433308;7886.718122;0.642703587;45.2926929;;0.859091307;0.618058901;;;;;
729;0.838053667;84.76666667;0.555083333;0.199816667;262.05;414.9228942;0.748935446;21623.34097;0.627648097;42.48932092;;0.805918216;0.603580718;;;;;
728;0.691023667;45.5;0.553183333;0.129516667;264.93;418.200196;0.702410601;28203.48497;0.485382349;35.03489992;;0.664526131;0.466770199;;;;;
727;0.963217667;14.16666667;0.164316667;0.33915;263.09;415.2924327;0.752768219;5526.444942;0.725079648;48.83513572;;0.92628276;0.697276223;;;;;
720;0.833278333;32.9;0.111116667;0.254283333;311.29;415.8848668;0.720642099;4585.49648;0.600495447;42.24721148;;0.801325993;0.577469246;;;;;
718;0.971009;36.43333333;0.221316667;0.31255;273.17;415.363761;0.746415174;7465.111942;0.724775852;49.2301563;;0.933775331;0.696984077;;;;;
717;0.770696333;10.76666667;0.632983333;0.290383333;295.13;416.5478559;0.723424117;27978.35661;0.557540314;39.07430408;;0.741143721;0.536161242;;;;;
715;0.689013;73.03333333;0.513916667;0.240983333;267.73;418.2956364;0.698442714;26473.43134;0.48123611;34.9329591;;0.662592563;0.462782948;;;;;
712;0.823225;73.1;0.60195;0.38285;263.29;415.677276;0.745519463;24020.40301;0.61373026;41.7375075;;0.791658159;0.590196566;;;;;
711;0.931801;46.23333333;0.391683333;0.154216667;277.13;414.8834402;0.745029184;13805.38667;0.694218939;47.2423107;;0.896070776;0.667598879;;;;;
709;0.857657667;63.1;0.26945;0.319516667;269.85;415.3399254;0.747431087;10279.18026;0.641040002;43.48324372;;0.824770494;0.616459107;;;;;
708;0.719173;33.43333333;0.116183333;0.880016667;265.17;416.4349657;0.710165956;5608.743888;0.510732181;36.4620711;;0.691596068;0.491147983;;;;;
705;0.734001667;61.7;0.246016667;0.71345;272.09;416.6976184;0.714340648;11579.44046;0.524327226;37.21388452;;0.705856125;0.504221722;;;;;
703;0.926774333;18.56666667;0.06425;0.337883333;313.13;415.9096273;0.727444432;2359.840579;0.674176828;46.98745868;;0.891236858;0.64832529;;;;;
700;0.944367667;33.3;0.223216667;0.61845;266.37;415.7147053;0.753019293;7666.719711;0.711127073;47.87944072;;0.908155569;0.683858665;;;;;
699;0.976035667;63.9;0.06045;0.90535;270.53;416.0591782;0.749066831;2015.63387;0.731115944;49.48500832;;0.938609249;0.703081056;;;;;
697;0.806134333;79.3;0.331516667;0.39425;300.61;416.6572598;0.711118637;14322.30606;0.573257148;40.87101068;;0.775222839;0.551275409;;;;;
694;0.984832333;95.96666667;0.60005;0.32585;305.05;417.3310569;0.701443952;21622.56253;0.690804684;49.93099928;;0.947068604;0.664315544;;;;;
693;0.777733667;54.23333333;0.563316667;0.191583333;261.73;415.6115431;0.737303877;24079.68918;0.573426048;39.43109692;;0.747911206;0.551437832;;;;;
692;0.988351;72.3;0.184583333;0.22705;312.01;416.5014426;0.697248859;6684.265041;0.689126607;50.1093957;;0.950452347;0.662701814;;;;;
691;1.033591;22.43333333;0.094016667;0.879383333;299.73;416.1142037;0.727207615;3075.005685;0.751635246;52.4030637;;0.993957604;0.722813538;;;;;
687;0.758129667;55.5;0.175716667;0.48735;262.33;416.103483;0.730082282;7788.257911;0.553497037;38.43717412;;0.729058929;0.532273006;;;;;
686;0.927277;26.3;0.33595;0.61655;281.69;415.8340661;0.745070404;11910.62174;0.690886649;47.0129439;;0.89172025;0.664394367;;;;;
685;0.957939667;79.1;0.39865;0.44175;289.13;416.051887;0.731477625;13989.99568;0.700711433;48.56754112;;0.921207146;0.673842416;;;;;
683;0.768937;75.83333333;0.206116667;0.377783333;260.17;415.8652264;0.73481169;8936.195668;0.565023896;38.9851059;;0.739451851;0.543357864;;;;;
678;0.733750333;7.7;0.260583333;0.703316667;275.81;416.6810517;0.715891646;12240.14134;0.525285734;37.20114188;;0.705614428;0.505143475;;;;;
676;0.898373667;65.63333333;0.534816667;0.365116667;256.85;415.0438366;0.756885232;19201.87437;0.679965761;45.54754492;;0.863925225;0.653892244;;;;;
674;0.866454333;73.3;0.444883333;0.463283333;312.21;417.14534;0.703545094;18263.30152;0.609589695;43.92923468;;0.833229849;0.586214772;;;;;
673;1.012479;66.96666667;0.309983333;0.121283333;295.57;415.8349743;0.719090143;10488.24423;0.728063669;51.3326853;;0.97365515;0.700145821;;;;;
669;0.776225667;4.566666667;0.71785;0.203616667;305.17;416.4306705;0.725087917;31540.32044;0.562831852;39.35464132;;0.746461031;0.541249874;;;;;
661;0.972517;90.43333333;0.427783333;0.455683333;266.33;415.5879794;0.750632029;14340.37283;0.730002409;49.3066119;;0.935225507;0.70201022;;;;;
659;0.846850333;68.63333333;0.623483333;0.324583333;277.21;415.7174273;0.741079158;24369.84787;0.627583132;42.93531188;;0.814377571;0.603518244;;;;;
657;0.979554333;98.1;0.462616667;0.18715;260.49;414.7903114;0.752422143;15335.29007;0.73703837;49.66340468;;0.941992991;0.708776385;;;;;
656;0.971260333;39.16666667;0.072483333;0.55575;311.97;416.1050418;0.715507146;2589.271167;0.694943709;49.24289888;;0.934017027;0.668295857;;;;;
655;1.015997667;66.5;0.739383333;0.159283333;268.21;415.1746072;0.746236061;23880.45312;0.758174097;51.51108172;;0.977038893;0.729101655;;;;;
653;1.003933667;48.56666667;0.37965;0.265683333;281.21;415.5590566;0.738221278;12566.7595;0.741125195;50.89943692;;0.965437491;0.712706498;;;;;
652;0.789043667;39.03333333;0.10035;0.81415;272.25;416.1398167;0.733263735;4249.156918;0.578577106;40.00451392;;0.758787521;0.556391372;;;;;
648;0.828251667;32.16666667;0.13075;0.296716667;309.37;415.9384305;0.721794244;5414.200472;0.597827286;41.99235952;;0.796492077;0.574903396;;;;;
646;0.918983;63.56666667;0.12695;0.444916667;256.49;415.5080013;0.756785417;4443.27905;0.695472933;46.5924381;;0.883744286;0.668804788;;;;;
642;0.795578333;81.23333333;0.36635;0.323316667;300.29;416.7788233;0.709416473;16078.8475;0.564396375;40.33582148;;0.765071613;0.542754405;;;;;
641;0.973773667;89.9;0.358116667;0.224516667;270.93;415.2387515;0.745694214;12072.36841;0.726137389;49.37032492;;0.936433986;0.698293405;;;;;
638;0.987345667;37.7;0.07375;0.707116667;275.21;415.9926838;0.745621099;2445.758677;0.736185761;50.05842532;;0.949485563;0.707956469;;;;;
637;0.701831;95.5;0.20485;0.682416667;294.05;417.2268593;0.682694496;10651.99454;0.479136161;35.5828317;;0.674919053;0.460763523;;;;;
628;1.024040333;61.16666667;0.570916667;0.205516667;262.97;414.8759185;0.748439343;18211.16848;0.766432074;51.91884488;;0.98477316;0.737042977;;;;;
627;0.694793667;60.03333333;0.35495;0.152316667;259.41;417.4589197;0.706188132;17865.42098;0.490655042;35.22603892;;0.668151569;0.471840708;;;;;
620;0.745060333;2.1;0.270716667;0.413883333;305.81;416.4651704;0.717526943;12539.37939;0.534600863;37.77455888;;0.716490743;0.514101412;;;;;
617;0.674687;40.56666667;0.556983333;0.33345;282.57;419.0708248;0.685661343;29988.57839;0.462606795;34.2066309;;0.648815899;0.444867981;;;;;
608;0.842577667;10.36666667;0.239683333;0.36955;283.01;415.4528288;0.741867918;9380.257705;0.62508134;42.71868772;;0.810268741;0.601112384;;;;;
607;0.853636333;38.23333333;0.512016667;0.435416667;291.01;415.9979679;0.734618606;20061.5371;0.627097133;43.27936208;;0.820903359;0.603050881;;;;;
605;0.953667;17.76666667;0.061716667;0.260616667;261.45;415.4421521;0.753055084;2088.040707;0.718163783;48.3509169;;0.917098316;0.69062555;;;;;
604;0.749835667;52.83333333;0.59625;0.110516667;282.53;416.6815219;0.719630684;27228.49911;0.539604754;38.01666832;;0.721082965;0.518913427;;;;;
601;0.791054333;92.83333333;0.256783333;0.394883333;307.05;416.9667063;0.695872203;11632.53529;0.550472721;40.10645468;;0.760721087;0.529364659;;;;;
598;1.017505667;15.56666667;0.08135;0.75905;285.81;416.0164247;0.738219485;2648.014793;0.751142509;51.58753732;;0.978489068;0.722339696;;;;;
594;1.018008333;1.833333333;0.23715;0.537383333;272.85;415.6885251;0.745901556;7641.372651;0.759334;51.61302248;;0.978972459;0.730217081;;;;;
593;1.034345;44.1;0.238416667;0.414516667;256.41;415.3839589;0.751609185;7486.675651;0.777423202;52.4412915;;0.994682691;0.747612647;;;;;
589;0.717916333;57.3;0.711516667;0.207416667;268.57;417.6807966;0.712297934;34369.36612;0.511370321;36.39835808;;0.690387588;0.491761653;;;;;
585;0.796081;74.76666667;0.382816667;0.23085;282.13;415.8989518;0.729886135;16192.45083;0.581048484;40.3613067;;0.765555005;0.558767984;;;;;
580;0.726964333;44.76666667;0.619683333;0.32395;290.97;417.8043513;0.705085273;29942.34661;0.512571845;36.85709168;;0.69908864;0.492917104;;;;;
576;0.888571667;28.5;0.109216667;0.69445;271.97;415.8941043;0.749215537;4002.856694;0.665731699;45.05058352;;0.854499086;0.640203992;;;;;
575;0.760894333;57.1;0.218783333;0.258083333;264.65;415.7409165;0.731853201;9627.295457;0.556862953;38.57734268;;0.731717582;0.535509855;;;;;
571;1.029569667;88.23333333;0.639316667;0.13205;276.85;415.4737782;0.736519778;20688.90128;0.758298423;52.19918212;;0.99009047;0.729221213;;;;;
567;0.891336333;64.56666667;0.089583333;0.13585;288.41;415.199691;0.734136246;3345.501722;0.654362309;45.19075208;;0.85715774;0.629270565;;;;;
565;0.703339;42.83333333;0.38155;0.463916667;267.77;417.4157422;0.705153195;19038.79587;0.495961743;35.6592873;;0.676369228;0.476943922;;;;;
563;0.690018333;16.63333333;0.507583333;0.340416667;293.65;418.3250585;0.692792776;26378.43788;0.478039716;34.98392948;;0.663559347;0.459709122;;;;;
559;0.732242333;67.83333333;0.178883333;0.59185;301.25;416.8391254;0.69384343;8754.473652;0.508061532;37.12468628;;0.704164253;0.488579741;;;;;
554;0.769942333;29.36666667;0.543683333;0.351183333;286.93;416.5807624;0.723787254;24033.29577;0.557274447;39.03607628;;0.740418634;0.53590557;;;;;
553;0.685997;79.76666667;0.263116667;0.605783333;253.61;417.3369813;0.696641946;13652.08578;0.477894285;34.7800479;;0.659692213;0.459569267;;;;;
551;0.998153;74.5;0.32835;0.106083333;265.53;414.6185138;0.747173288;10758.52601;0.745793259;50.6063571;;0.959878486;0.717195564;;;;;
549;1.012730333;4.033333333;0.394216667;0.38665;282.25;415.4956074;0.740899032;12873.25314;0.750330923;51.34542788;;0.973896846;0.72155923;;;;;
548;0.934565667;20.3;0.31885;0.168783333;300.65;415.3955823;0.732095307;11462.91384;0.684191139;47.38247932;;0.89872943;0.657955598;;;;;
546;0.969752333;75.56666667;0.359383333;0.600716667;281.45;415.9913103;0.739798242;12291.70839;0.717421071;49.16644328;;0.932566852;0.689911318;;;;;
544;1.030575;67.76666667;0.373316667;0.22895;257.77;414.8287841;0.750176766;11794.72213;0.773113421;52.2501525;;0.991057253;0.743468125;;;;;
540;0.988099667;0.766666667;0.085783333;0.60325;288.25;415.9134227;0.739858482;2868.297369;0.73105392;50.09665312;;0.950210651;0.70302141;;;;;
539;0.929539;56.5;0.501883333;0.195383333;279.49;415.1798021;0.743168256;17801.03529;0.690803878;47.1276273;;0.893895513;0.664314769;;;;;
538;0.775220333;76.43333333;0.232716667;0.641883333;283.65;416.4172756;0.721280221;10253.45858;0.559151093;39.30367088;;0.745494247;0.537710255;;;;;
537;0.841823667;96.23333333;0.057283333;0.695716667;291.49;416.0973579;0.724378755;2302.877387;0.60979918;42.68045992;;0.809543654;0.586416224;;;;;
535;0.931549667;98.5;0.056016667;0.13015;305.01;415.8327312;0.702814235;2112.259833;0.654706367;47.22956812;;0.89582908;0.62960143;;;;;
533;0.741290333;91.16666667;0.114283333;0.724216667;264.97;416.3014963;0.719960085;5265.75081;0.533699451;37.58341988;;0.712865304;0.513234565;;;;;
530;0.669157667;21.7;0.10415;0.52535;280.65;416.7634867;0.685478544;5634.824923;0.458693223;33.92629372;;0.64349859;0.441104476;;;;;
528;0.748327667;46.9;0.31505;0.193483333;282.29;416.3008271;0.720274159;14386.91769;0.539001081;37.94021272;;0.71963279;0.518332902;;;;;
525;1.036607;23.3;0.156716667;0.453783333;258.49;415.5553915;0.750262113;4916.81276;0.777726958;52.5559749;;0.996857954;0.747904755;;;;;
522;0.773461;11.43333333;0.718483333;0.220083333;304.17;416.7236869;0.721725583;31845.72023;0.558226591;39.2144727;;0.743802376;0.536821204;;;;;
521;0.870475667;51.56666667;0.287816667;0.34105;255.17;415.0215668;0.755815103;10666.7197;0.657918656;44.13311632;;0.837096983;0.632690543;;;;;
520;0.962966333;12.56666667;0.154183333;0.307483333;273.13;415.3003534;0.747279385;5228.717719;0.719604889;48.82239308;;0.926041063;0.692011396;;;;;
518;0.786279;89.43333333;0.11175;0.800216667;304.13;416.41264;0.697931423;5058.311084;0.548768821;39.8643453;;0.756128866;0.527726095;;;;;
517;0.876507667;61.03333333;0.09085;0.135216667;287.21;415.1556471;0.735631697;3441.833034;0.644786823;44.43893872;;0.842897684;0.620062254;;;;;
515;0.998655667;73.7;0.063616667;0.334716667;309.09;416.1002798;0.699669532;2258.989877;0.698728943;50.63184232;;0.960361878;0.671935946;;;;;
514;0.861427667;8.633333333;0.183316667;0.677983333;265.25;415.83018;0.751047303;6922.041899;0.646972926;43.67438272;;0.828395932;0.62216453;;;;;
513;0.885555667;37.83333333;0.219416667;0.12825;308.13;415.6664034;0.72219776;8487.407945;0.639546319;44.89767232;;0.851598735;0.615022699;;;;;
512;0.990613;9.833333333;0.367616667;0.192216667;264.49;414.7675226;0.75059994;12084.39216;0.743554058;50.2240791;;0.952627609;0.715042227;;;;;
506;0.852882333;33.56666667;0.16115;0.577283333;307.09;416.1401287;0.724447382;6454.385158;0.617868373;43.24113428;;0.820178271;0.594176002;;;;;
505;1.020019;7.033333333;0.551283333;0.24225;300.73;415.6415695;0.729833383;18232.24711;0.744443917;51.7149633;;0.980906026;0.715897964;;;;;
504;0.890079667;9.633333333;0.261216667;0.180183333;309.73;415.3769176;0.734045798;9880.310969;0.653359239;45.12703912;;0.855949261;0.628305958;;;;;
502;0.909432333;94.56666667;0.726083333;0.23655;270.61;415.236083;0.748355425;26119.99906;0.68057862;46.10821928;;0.874559843;0.654481603;;;;;
501;0.772204333;21.5;0.078816667;0.226416667;270.33;415.5329475;0.734497858;3389.982992;0.567182429;39.15075968;;0.742593897;0.545433626;;;;;
500;0.763659;66.03333333;0.631083333;0.14535;263.25;415.9417284;0.732484296;27693.3665;0.559368225;38.7175113;;0.734376237;0.537919061;;;;;
498;0.786027667;8.5;0.11745;0.797683333;287.05;416.1633115;0.72866073;5031.781676;0.572747494;39.85160272;;0.75588717;0.550785297;;;;;
495;1.029067;88.96666667;0.08325;0.79515;299.29;416.1865235;0.711128082;2806.706504;0.731798442;52.1736969;;0.989607078;0.703737383;;;;;
494;0.749333;71.43333333;0.139616667;0.20235;289.21;416.1393142;0.713751414;6423.630022;0.534837488;37.9911831;;0.720599573;0.514328964;;;;;
490;0.812417667;40.9;0.204216667;0.24415;299.41;415.8511597;0.724065149;8547.167565;0.588243319;41.18957572;;0.781265237;0.56568693;;;;;
489;0.907421667;83.96666667;0.42905;0.410083333;303.41;416.6854463;0.712369468;16464.39792;0.64641949;46.00627852;;0.872626276;0.621632316;;;;;
482;0.925015;61.36666667;0.698216667;0.29355;286.81;415.7802142;0.737299197;25140.72095;0.682012817;46.8982605;;0.889544987;0.655860805;;;;;
477;0.825738333;60.23333333;0.220683333;0.37715;309.69;416.4776554;0.708272074;9391.778784;0.584847402;41.86493348;;0.794075117;0.56242123;;;;;
476;0.856903667;29.1;0.20865;0.757783333;275.17;415.9779862;0.745081084;7997.541476;0.638462713;43.44501592;;0.824045406;0.613980644;;;;;
474;1.032083;80.23333333;0.777383333;0.20805;299.33;417.0464626;0.711533753;26212.99227;0.73436189;52.3266081;;0.992507428;0.706202535;;;;;
471;0.991115667;13.63333333;0.60575;0.215016667;259.49;414.8737811;0.754218132;19813.17486;0.747517407;50.24956432;;0.953111002;0.718853599;;;;;
469;0.889828333;86.96666667;0.222583333;0.177016667;306.05;416.3779726;0.705957972;8796.056398;0.628181405;45.11429648;;0.855707565;0.604093577;;;;;
459;0.945624333;87.36666667;0.066783333;0.49685;263.77;415.8286535;0.752268102;2285.689048;0.711363022;47.94315368;;0.909364048;0.684085567;;;;;
450;0.708365667;5.633333333;0.34545;0.277716667;273.97;417.0965335;0.709660346;16978.41516;0.502699024;35.91413932;;0.681203146;0.48342286;;;;;
449;0.956180333;52.5;0.749516667;0.115583333;256.21;414.3509767;0.756857859;25285.42904;0.7236926;48.47834288;;0.919515275;0.695942362;;;;;
440;0.702082333;7.3;0.11365;0.155483333;262.77;416.2483425;0.711650837;5591.670751;0.49963748;35.59557428;;0.675160748;0.480478712;;;;;
439;0.872235;44.63333333;0.697583333;0.170683333;271.89;414.9222055;0.748105843;26156.19328;0.6525241;44.2223145;;0.838788854;0.627502843;;;;;
436;0.987094333;20.5;0.152916667;0.831883333;297.37;416.0987483;0.733547969;5188.047574;0.724081043;50.04568268;;0.949243867;0.696315911;;;;;
430;0.666141667;16.36666667;0.15165;0.586783333;263.93;417.069379;0.68532834;8254.250393;0.456525763;33.77338252;;0.640598239;0.439020128;;;;;
425;0.921999;46.43333333;0.107316667;0.870516667;297.61;416.1206766;0.73011196;3917.004873;0.673162497;46.7453493;;0.886644637;0.647349853;;;;;
423;0.749584333;43.3;0.475916667;0.43035;259.77;416.5933649;0.7273245;21474.38239;0.54519105;38.00392568;;0.720841268;0.524285515;;;;;
421;0.775471667;93.7;0.59245;0.256183333;281.37;416.6024797;0.723324898;26023.69159;0.560917964;39.31641352;;0.745735944;0.539409375;;;;;
416;0.814679667;99.03333333;0.097183333;0.286583333;266.61;415.5770322;0.742867676;3918.346649;0.605199191;41.30425912;;0.7834405;0.581992623;;;;;
414;0.970003667;86.5;0.217516667;0.763483333;274.69;415.9995001;0.745148209;7369.934752;0.722796495;49.17918592;;0.932808548;0.695080619;;;;;
409;0.931047;94.76666667;0.14215;0.423383333;276.01;415.712869;0.743341914;5023.303529;0.692086259;47.2040829;;0.895345688;0.665547977;;;;;
408;0.811161;46.56666667;0.061083333;0.788183333;275.57;416.0891433;0.73690308;2497.574737;0.597747039;41.1258627;;0.780056757;0.574826227;;;;;
406;0.725456333;55.96666667;0.437916667;0.42085;292.37;417.5569264;0.701767238;21323.52682;0.509101487;36.78063608;;0.697638465;0.489579818;;;;;
402;0.705349667;97.36666667;0.070583333;0.85215;259.37;416.3500774;0.704381002;3502.060669;0.496834905;35.76122812;;0.678302795;0.477783603;;;;;
399;0.764413;82.83333333;0.860983333;0.12255;291.33;417.5276652;0.71210881;38637.2195;0.544345232;38.7557391;;0.735101325;0.52347213;;;;;
398;0.803621;21.9;0.113016667;0.343583333;256.17;415.5284315;0.746222629;4594.164249;0.599680175;40.7435847;;0.772805881;0.576685236;;;;;
394;0.727467;49.83333333;0.074383333;0.821116667;288.09;416.3213671;0.704417459;3580.315163;0.512440456;36.8825769;;0.699572032;0.492790753;;;;;
392;0.697558333;10.3;0.529116667;0.161183333;307.61;418.3042789;0.697024844;27117.96685;0.486215488;35.36620748;;0.670810223;0.467571391;;;;;
391;0.690772333;67.5;0.15925;0.530416667;256.61;416.8015486;0.700770369;8135.742664;0.484072783;35.02215728;;0.664284434;0.465510848;;;;;
387;1.019516333;53.1;0.87365;0.121916667;260.61;414.7891689;0.750982077;27900.15036;0.765638493;51.68947808;;0.980422634;0.736279826;;;;;
386;0.717665;88.56666667;0.413216667;0.405016667;299.61;418.2236677;0.685708579;20945.68695;0.492109047;36.3856155;;0.690145893;0.473238959;;;;;
385;0.892341667;22.03333333;0.490483333;0.359416667;277.73;415.3331441;0.747103388;18006.76944;0.666671483;45.24172252;;0.858124524;0.641107739;;;;;
384;0.990110333;28.96666667;0.31315;0.588683333;281.01;415.8889314;0.742686223;10437.9855;0.735341304;50.19859388;;0.952144217;0.707144393;;;;;
383;0.995137;19.16666667;0.436016667;0.30685;290.13;415.6514548;0.7358881;14612.71795;0.732309476;50.4534459;;0.956978135;0.704228822;;;;;
382;0.919737;19.76666667;0.422716667;0.171316667;284.81;414.9472806;0.742722859;15149.9737;0.683109694;46.6306659;;0.884469374;0.656915622;;;;;
381;0.988602333;99.16666667;0.141516667;0.73435;274.49;415.9997513;0.743299129;4713.698486;0.734827253;50.12213828;;0.950694042;0.706650053;;;;;
380;0.730734333;18.7;0.252983333;0.382216667;270.13;416.4682733;0.719149126;11852.8913;0.525506957;37.04823068;;0.702714078;0.505356215;;;;;
378;0.737520333;46.83333333;0.28845;0.389816667;255.93;416.4009979;0.724913831;13267.076;0.53463869;37.39228088;;0.709239866;0.514137789;;;;;
377;0.978046333;8.1;0.53925;0.16815;267.53;414.7272507;0.750436208;17969.16788;0.733961381;49.58694908;;0.940542816;0.705817384;;;;;
374;0.734755667;79.63333333;0.192816667;0.451883333;259.73;416.3373907;0.722153459;8935.274854;0.530606346;37.25211232;;0.706581212;0.510260067;;;;;
371;0.804877667;71.1;0.147216667;0.76855;268.41;416.1089349;0.737978468;6071.627143;0.593982388;40.80729772;;0.774014361;0.571205932;;;;;
370;0.946378333;60.5;0.224483333;0.67925;277.77;415.9305736;0.74478435;7800.832047;0.704847772;47.98138148;;0.910089136;0.677820145;;;;;
369;0.909683667;82.63333333;0.403083333;0.400583333;301.13;416.4920027;0.716347052;15309.23765;0.651649213;46.12096192;;0.874801539;0.626661504;;;;;
365;0.798594333;87.76666667;0.658316667;0.139016667;272.29;415.6993354;0.736162109;27480.82676;0.587894888;40.48873268;;0.767971963;0.56535186;;;;;
297;0.922501667;7.166666667;0.12505;0.39615;265.61;415.4642413;0.753079492;4386.286037;0.694717087;46.77083452;;0.887128029;0.668077925;;;;;
291;0.747573667;51.7;0.230183333;0.621616667;261.93;416.4051075;0.725016378;10444.98861;0.542003152;37.90198492;;0.718907702;0.521219858;;;;;
290;0.687002333;50.83333333;0.160516667;0.262516667;276.61;416.9928857;0.697018966;8291.884256;0.478853656;34.83101828;;0.660658996;0.46049185;;;;;
287;0.896865667;85.9;0.366983333;0.480383333;258.57;415.3736718;0.755741997;13219.12745;0.67779905;45.47108932;;0.86247505;0.651808616;;;;;
282;0.793065;12.16666667;0.53165;0.184616667;274.17;415.3776618;0.737669156;22273.42473;0.585019589;40.2083955;;0.762654654;0.562586815;;;;;
281;0.797337667;6.366666667;0.057916667;0.93195;278.73;416.1272935;0.73390362;2419.524572;0.585169;40.42501972;;0.766763484;0.562730497;;;;;
273;0.697307;20.9;0.093383333;0.113683333;271.33;416.202329;0.707695912;4650.216943;0.493481313;35.3534649;;0.670568527;0.474558605;;;;;
272;0.808899;81.76666667;0.194716667;0.58045;271.93;416.0193498;0.737488542;8001.670539;0.596553744;41.0111793;;0.777881494;0.573678689;;;;;
270;1.038617667;53.83333333;0.15545;0.117483333;310.25;416.2905024;0.70021797;5336.287764;0.727258754;52.65791572;;0.998791521;0.699371771;;;;;
269;0.921747667;26.36666667;0.426516667;0.268216667;282.21;415.2540013;0.744045518;15233.52668;0.68582222;46.73260672;;0.886402941;0.659524135;;;;;
264;0.779493;16.56666667;0.420816667;0.220716667;280.97;415.7218235;0.731847621;18105.00839;0.570470098;39.5202951;;0.749603077;0.548595229;;;;;
262;1.006949667;7.433333333;0.524683333;0.14725;280.33;414.8337741;0.740928211;17217.38111;0.746077415;51.05234812;;0.968337841;0.717468825;;;;;
259;1.024543;99.3;0.290983333;0.698883333;264.73;415.919161;0.749128799;9280.368131;0.767514667;51.9443301;;0.985256552;0.738084058;;;;;
256;1.008457667;21.63333333;0.549383333;0.218816667;262.13;414.9254401;0.751151686;17734.681;0.757504677;51.12880372;;0.969788017;0.728457904;;;;;
255;0.957688333;65.43333333;0.316316667;0.250483333;296.05;415.9455415;0.724442443;11230.24098;0.693790076;48.55479848;;0.92096545;0.66718646;;;;;
254;0.934314333;8.433333333;0.392316667;0.23465;280.93;414.947333;0.745471809;13777.14481;0.696504996;47.36973668;;0.898487734;0.669797276;;;;;
246;0.975030333;46.16666667;0.270083333;0.676716667;298.45;416.2173436;0.727205711;9388.133249;0.709047627;49.43403788;;0.937642465;0.681858956;;;;;
244;0.817695667;45.76666667;0.715316667;0.140283333;295.97;416.1761966;0.7258195;29692.80302;0.59349946;41.45717032;;0.78634085;0.570741523;;;;;
243;0.700574333;54.03333333;0.351783333;0.25175;311.77;418.7842028;0.677247357;18636.12957;0.474462115;35.51911868;;0.673710573;0.456268705;;;;;
241;0.803118333;81.36666667;0.399283333;0.12445;288.21;415.8229531;0.725691793;16847.56627;0.582816383;40.71809948;;0.772322489;0.560468092;;;;;
240;0.675943667;66.3;0.734316667;0.249216667;293.01;420.2720692;0.677313007;40071.58042;0.457825438;34.27034392;;0.650024378;0.440269966;;;;;
238;0.982570333;90.23333333;0.073116667;0.114316667;292.73;415.4740243;0.720229109;2532.225215;0.707675755;49.81631588;;0.944893341;0.680539689;;;;;
236;0.863438333;9.433333333;0.401183333;0.27265;266.73;414.8869022;0.751027031;15113.4132;0.648465528;43.77632348;;0.830329498;0.623599898;;;;;
234;0.890331;34.9;0.67225;0.211216667;286.09;415.3745685;0.740717716;24997.69402;0.659483945;45.1397817;;0.856190957;0.63419581;;;;;
233;0.752097667;77.03333333;0.180783333;0.318883333;310.57;417.0138257;0.688220551;8734.377997;0.517609071;38.13135172;;0.723258228;0.497761176;;;;;
231;1.015243667;90.63333333;0.41385;0.158016667;287.61;415.7952888;0.725808511;13813.10081;0.736872494;51.47285392;;0.976313805;0.708616869;;;;;
229;0.792311;44.43333333;0.432216667;0.232116667;267.25;415.4317068;0.739170837;18076.53953;0.585653185;40.1701677;;0.761929567;0.563196116;;;;;
224;0.846599;93.36666667;0.385983333;0.534216667;269.25;415.8431137;0.74497371;14992.27991;0.630693998;42.9225693;;0.814135875;0.606509823;;;;;
222;0.722691667;11.3;0.065516667;0.66405;289.53;416.2597308;0.708683059;3149.47234;0.512159341;36.64046752;;0.694979811;0.492520418;;;;;
217;0.773963667;49.96666667;0.234616667;0.183983333;260.45;415.2094013;0.737742598;10045.67933;0.570985966;39.23995792;;0.744285768;0.549091316;;;;;
214;1.017003;36.76666667;0.344816667;0.254916667;276.53;415.3472799;0.740782687;11210.45399;0.753378215;51.5620521;;0.978005676;0.724489673;;;;;
207;0.826743667;29.16666667;0.49745;0.40185;306.69;416.4753644;0.723882008;20600.17957;0.598464866;41.91590392;;0.795041901;0.575516528;;;;;
204;0.962212333;36.03333333;0.293516667;0.573483333;254.49;415.5674836;0.758804606;9813.740533;0.73013115;48.78416528;;0.925315976;0.702134024;;;;;
202;0.712135667;38.76666667;0.357483333;0.126983333;276.73;417.0327742;0.710336298;17435.52434;0.505855813;36.10527832;;0.684828584;0.486458601;;;;;
201;1.011473667;70.16666667;0.100983333;0.22515;292.29;415.7096034;0.722115077;3391.714078;0.730400385;51.28171492;;0.972688367;0.702392935;;;;;
198;0.977292333;74.83333333;0.21055;0.62035;271.25;415.8665058;0.747429387;7053.473561;0.730457009;49.54872128;;0.939817728;0.702447388;;;;;
193;0.953164333;94.43333333;0.05665;0.623516667;257.97;415.915259;0.755858949;1911.608823;0.720457791;48.32543168;;0.916614924;0.692831593;;;;;
190;0.667901;32.1;0.479083333;0.429083333;277.89;418.8251923;0.683412459;26156.90589;0.456451865;33.8625807;;0.64229011;0.438949064;;;;;
187;0.843331667;66.56666667;0.55825;0.243516667;295.73;416.2203259;0.724708229;22517.90882;0.611169399;42.75691552;;0.810993829;0.587733902;;;;;
175;0.896363;26.56666667;0.135183333;0.234016667;289.45;415.3697285;0.738685159;4992.357282;0.662130045;45.4456041;;0.861991658;0.636740445;;;;;
173;0.885304333;4.9;0.11555;0.72295;306.81;416.0248811;0.737603321;4362.018596;0.653003416;44.88492968;;0.851357039;0.627963779;;;;;
165;0.813674333;26.96666667;0.281483333;0.689383333;274.25;416.0944659;0.739138306;11476.77499;0.601417868;41.25328868;;0.782473716;0.578356297;;;;;
164;1.039623;89.5;0.572183333;0.311283333;257.89;415.1516789;0.750619481;17924.05059;0.780361277;52.7088861;;0.999758304;0.75043806;;;;;
162;0.746819667;98.7;0.059183333;0.69635;309.53;416.3356761;0.685333951;2885.508929;0.511820873;37.86375712;;0.718182614;0.492194929;;;;;
161;0.682729667;60.83333333;0.080083333;0.467716667;302.93;416.6824693;0.676351852;4320.628741;0.461765475;34.61439412;;0.656550167;0.444058921;;;;;
159;0.769439667;71.3;0.635516667;0.259983333;268.01;416.3140959;0.731043067;27768.85341;0.562493534;39.01059112;;0.739935243;0.540924529;;;;;
154;0.869219;63.23333333;0.10225;0.49495;273.85;415.811105;0.74557156;3852.822073;0.648064966;44.0694033;;0.835888503;0.623214696;;;;;
152;0.907170333;41.96666667;0.342916667;0.261883333;312.93;416.4155247;0.715627144;13164.46359;0.649195715;45.99353588;;0.87238458;0.624302085;;;;;
151;0.783765667;30.1;0.521516667;0.233383333;295.21;416.3223304;0.723325774;22665.26085;0.566917908;39.73691932;;0.753711907;0.545179249;;;;;
146;0.685494333;11.56666667;0.22195;0.30305;273.09;417.2071515;0.69868584;11470.24296;0.478945184;34.75456268;;0.659208821;0.460579869;;;;;
145;0.882539667;42.36666667;0.053483333;0.887616667;311.45;416.1554591;0.719076493;2089.004623;0.634613529;44.74476112;;0.848698385;0.610279058;;;;;
143;0.932303667;68.16666667;0.09465;0.146616667;274.09;415.0504249;0.744757649;3323.536744;0.694340287;47.26779592;;0.896554168;0.667715574;;;;;
139;0.759135;34.83333333;0.29605;0.22135;301.53;416.5253338;0.713292063;13517.7783;0.54148497;38.4881445;;0.730025712;0.520721546;;;;;
135;0.984329667;46.96666667;0.080716667;0.14345;295.65;415.4817286;0.724729793;2772.740201;0.713373036;49.90551412;;0.946585213;0.686018505;;;;;
131;0.996142333;32.56666667;0.190916667;0.793883333;293.09;416.1052234;0.73339625;6416.188492;0.730567051;50.50441628;;0.957944918;0.702553211;;;;;
130;0.888069;78.43333333;0.606383333;0.32965;259.57;415.0307478;0.754892366;22093.60376;0.670396509;45.0250983;;0.854015694;0.644689928;;;;;
127;0.732745;64.76666667;0.41955;0.132683333;285.77;416.9920833;0.711213492;19874.58919;0.52113813;37.1501715;;0.704647645;0.501154912;;;;;
122;0.693788333;19.36666667;0.78435;0.104816667;298.33;419.110479;0.693543001;40513.10346;0.481172043;35.17506848;;0.667184785;0.462721338;;;;;
117;0.710125;0.833333333;0.19725;0.65265;306.57;416.7725803;0.703293955;9823.560585;0.49942662;36.0033375;;0.682895017;0.480275937;;;;;
116;0.887315;62.9;0.144683333;0.325216667;276.57;415.5040947;0.744551712;5351.169545;0.660651902;44.9868705;;0.853290606;0.635318982;;;;;
115;0.762905;83.83333333;0.179516667;0.61085;305.25;416.7726979;0.693084921;8460.118074;0.528757952;38.6792835;;0.73365115;0.508482549;;;;;
109;0.799097;3.166666667;0.56585;0.167516667;308.29;415.7461628;0.730980197;23955.44549;0.584124082;40.5142179;;0.768455355;0.561725647;;;;;
108;1.020773;12.03333333;0.101616667;0.49115;312.41;416.002431;0.723534021;3411.740249;0.738563993;51.7531911;;0.981631114;0.710243507;;;;;
107;0.757627;95.16666667;0.24095;0.601983333;294.81;416.8227453;0.702984832;11209.36859;0.532600289;38.4116889;;0.728575536;0.512177551;;;;;
106;0.996896333;3.566666667;0.389783333;0.496216667;267.17;415.5959546;0.75121096;12736.98669;0.748879451;50.54264408;;0.958670006;0.720163415;;;;;
105;1.006447;50.1;0.403716667;0.21375;256.93;414.7936219;0.753009851;13008.58276;0.757864506;51.0268629;;0.967854449;0.728803935;;;;;
103;0.984581;48.96666667;0.788783333;0.106716667;302.49;416.4609633;0.719967752;27524.09822;0.708866569;49.9182567;;0.946826909;0.681684841;;;;;
102;0.906667667;7.5;0.47845;0.28595;304.85;415.5889539;0.736544831;17665.1947;0.667801384;45.96805072;;0.871901189;0.642194314;;;;;
101;1.014489667;86.3;0.304916667;0.330283333;294.53;416.2109832;0.71824785;10323.00931;0.728655022;51.43462612;;0.975588718;0.700714499;;;;;
99;0.779744333;7.1;0.069316667;0.543083333;284.21;416.0082156;0.730250988;2978.199341;0.56940907;39.53303768;;0.749844773;0.547574886;;;;;
98;0.862181667;59.96666667;0.368883333;0.626683333;288.89;416.1572014;0.733702677;14330.89448;0.632584997;43.71261052;;0.829121019;0.608328311;;;;;
97;0.672173667;23.36666667;0.34925;0.47975;291.09;418.1850432;0.682541704;18966.67217;0.45878656;34.07920492;;0.64639894;0.441194234;;;;;
94;0.872486333;1.166666667;0.594983333;0.18145;302.21;415.1574383;0.738844066;22706.88038;0.64463135;44.23505708;;0.839030549;0.619912743;;;;;
92;0.932806333;13.43333333;0.200416667;0.361316667;267.81;415.2730376;0.751811415;6973.556493;0.701294449;47.29328108;;0.897037559;0.674403076;;;;;
87;0.782509;57.7;0.23335;0.701416667;256.25;416.1688472;0.737811928;9908.614641;0.577344474;39.6732063;;0.752503428;0.555206005;;;;;
83;0.985837667;15.83333333;0.387883333;0.328383333;279.09;415.372999;0.743777426;12952.30836;0.733243802;49.98196972;;0.948035388;0.705127321;;;;;
79;0.843080333;72.43333333;0.095916667;0.12635;312.97;415.9971934;0.702564319;4029.978292;0.59231816;42.74417288;;0.810752132;0.56960552;;;;;
74;0.888320333;43.43333333;0.536083333;0.35245;254.25;414.9835305;0.757793354;19439.86314;0.673163245;45.03784088;;0.854257389;0.647350572;;;;;
73;0.879523667;3.633333333;0.19915;0.31065;261.97;415.0579649;0.753942447;7320.842396;0.663110226;44.59184992;;0.845798035;0.63768304;;;;;
69;0.745814333;19.7;0.202316667;0.351816667;304.65;416.4717959;0.712052148;9433.8267;0.531058698;37.81278668;;0.71721583;0.510695072;;;;;
67;1.020521667;80.83333333;0.166216667;0.687483333;306.85;416.4548851;0.701193762;5779.38397;0.715583427;51.74044852;;0.981389419;0.688144138;;;;;
66;0.950148333;83.1;0.240316667;0.652016667;277.45;415.9309551;0.743419815;8335.218407;0.706359098;48.17252048;;0.913714574;0.679273519;;;;;
65;0.857155;44.03333333;0.13265;0.27455;271.21;415.2802944;0.74704421;5051.834179;0.64033268;43.4577585;;0.824287102;0.615778907;;;;;
61;0.785273667;61.1;0.365716667;0.58615;254.21;416.1422793;0.739782463;15435.84804;0.580931688;39.81337492;;0.755162083;0.558655665;;;;;
56;0.773712333;73.76666667;0.114916667;0.176383333;272.33;415.5294986;0.732257544;4961.84041;0.566556693;39.22721528;;0.744044072;0.544831885;;;;;
53;0.700825667;12.76666667;0.468316667;0.269483333;278.89;417.6618991;0.704273014;23480.85737;0.493572605;35.53186132;;0.67395227;0.474646396;;;;;
50;0.787284333;47.96666667;0.642483333;0.311916667;285.49;416.4707301;0.726889199;27639.41898;0.572268478;39.91531568;;0.757095649;0.55032465;;;;;
48;0.682478333;90.3;0.325183333;0.66975;290.25;418.0696779;0.677158041;17578.77641;0.462145691;34.60165148;;0.65630847;0.444424558;;;;;
47;0.937581667;93.76666667;0.618416667;0.33155;270.29;415.420164;0.748663213;21571.7299;0.701932903;47.53539052;;0.901629781;0.675017049;;;;;
44;0.785776333;74.43333333;0.05475;0.299883333;305.45;416.0812023;0.704932672;2442.083913;0.55391941;39.83886008;;0.755645474;0.532679183;;;;;
43;0.781001;93.83333333;0.384716667;0.23845;273.01;415.9275932;0.731559816;16535.74809;0.571348948;39.5967507;;0.751053253;0.549440379;;;;;
42;0.794321667;47.9;0.18015;0.688116667;264.33;416.0707856;0.738500345;7522.842245;0.586606825;40.27210852;;0.763863134;0.564113188;;;;;
39;0.966233667;21.1;0.135816667;0.372716667;292.25;415.7427835;0.73541349;4682.582664;0.710581273;48.98804692;;0.92918311;0.683333794;;;;;
36;0.839059;10.83333333;0.449316667;0.187783333;260.93;414.611384;0.750881666;17420.49839;0.63003402;42.5402913;;0.806884999;0.605875152;;;;;
33;0.965228333;67.43333333;0.323283333;0.508883333;296.53;416.2315302;0.724373099;11399.14355;0.699185439;48.93707648;;0.928216326;0.672374937;;;;;
32;0.782257667;14.5;0.253616667;0.37905;312.13;416.3119037;0.721453372;11172.17703;0.564362432;39.66046372;;0.752261732;0.542721763;;;;;
31;0.918731667;31.83333333;0.509483333;0.432883333;281.85;415.6317226;0.744386753;18256.13573;0.683891682;46.57969552;;0.883502591;0.657667625;;;;;
29;0.743049667;49.63333333;0.415116667;0.524716667;270.97;416.8216826;0.7201524;19125.18322;0.535109001;37.67261812;;0.714557176;0.514590065;;;;;
24;0.788792333;60.3;0.06615;0.228316667;280.05;415.6994796;0.732066744;2798.7862;0.577448635;39.99177128;;0.758545824;0.555306172;;;;;
22;0.824481667;29.96666667;0.515816667;0.310016667;263.01;415.2973788;0.747086108;20486.23924;0.6159588;41.80122052;;0.792866639;0.592339651;;;;;
21;0.770445;91.3;0.245383333;0.539916667;294.65;416.6874347;0.707889656;11131.08317;0.545390046;39.0615615;;0.740902026;0.52447688;;;;;
18;0.815433667;59.5;0.794483333;0.119383333;257.13;414.8953984;0.747547336;31870.30166;0.609575265;41.34248692;;0.784165587;0.586200896;;;;;
16;1.014238333;14.76666667;0.328983333;0.644416667;266.13;415.7915676;0.750808784;10569.08327;0.761499049;51.42188348;;0.975347021;0.732299111;;;;;
11;0.690521;96.9;0.103516667;0.843283333;261.89;416.5609479;0.695382758;5335.497346;0.480176397;35.0094147;;0.664042739;0.461763871;;;;;
6;0.720429667;97.03333333;0.236516667;0.412616667;294.93;417.2522574;0.691731856;11789.3618;0.498344151;36.52578412;;0.692804548;0.479234976;;;;;
4;0.952913;43.36666667;0.719116667;0.17385;310.65;416.8387385;0.715615968;26255.72825;0.681919759;48.3126891;;0.916373229;0.655771315;;;;;
1;0.732996333;12.23333333;0.30935;0.180816667;272.73;416.2202248;0.721246576;14389.06647;0.528671095;37.16291408;;0.704889341;0.508399023;;;;;
