SOC_init;eta_sp;soc_loss;t_sp;soc_loss_spec;soc_loss_spec_hourly;soc_retained_spec_hourly;;;
0.829285714;0.99999999;8.67E-09;1296;6.69E-12;2.41E-08;8.29E-01;;;
0.976428571;0.999998185;1.77E-06;2160;8.21E-10;2.96E-06;9.76E-01;;;
0.816428571;0.999997832;1.77E-06;3024;5.85E-10;2.11E-06;8.16E-01;;;
0.553571429;0.999996608;1.88E-06;432;4.35E-09;1.57E-05;5.54E-01;;;
0.269285714;0.999982087;4.82E-06;4752;1.02E-09;3.67E-06;2.69E-01;;;
0.396428571;0.999981965;7.15E-06;6480;1.10E-09;3.96E-06;3.96E-01;;;
0.362142857;0.999980244;7.15E-06;5616;1.27E-09;4.57E-06;3.62E-01;;;
0.965;0.999977772;2.15E-05;10800;1.99E-09;7.16E-06;9.65E-01;;;
0.563571429;0.999975174;1.40E-05;9072;1.54E-09;5.54E-06;5.64E-01;;;
0.623571429;0.999974473;1.59E-05;9936;1.60E-09;5.76E-06;6.24E-01;;;
0.117857143;0.999972403;3.25E-06;3888;8.37E-10;3.01E-06;1.18E-01;;;
0.383571429;0.99996955;1.17E-05;8208;1.42E-09;5.11E-06;3.84E-01;;;
0.627857143;0.999944975;3.45E-05;14256;2.42E-09;8.71E-06;6.28E-01;;;
0.947857143;0.999943092;5.39E-05;18576;2.90E-09;1.04E-05;9.48E-01;;;
0.557857143;0.999941531;3.26E-05;13392;2.44E-09;8.78E-06;5.58E-01;;;
0.706428571;0.999930375;4.92E-05;17712;2.78E-09;1.00E-05;7.06E-01;;;
0.836428571;0.999922416;6.49E-05;21168;3.07E-09;1.11E-05;8.36E-01;;;
0.662142857;0.999904331;6.33E-05;20304;3.12E-09;1.12E-05;6.62E-01;;;
0.249285714;0.999903738;2.40E-05;11664;2.06E-09;7.42E-06;2.49E-01;;;
0.936428571;0.999899657;9.40E-05;26352;3.57E-09;1.29E-05;9.36E-01;;;
0.875;0.999899105;8.83E-05;24624;3.59E-09;1.29E-05;8.75E-01;;;
0.407857143;0.999895382;4.27E-05;15984;2.67E-09;9.61E-06;4.08E-01;;;
0.647857143;0.999881927;7.65E-05;22896;3.34E-09;1.20E-05;6.48E-01;;;
0.769285714;0.999857992;0.000109245;28944;3.77E-09;1.36E-05;7.69E-01;;;
0.996428571;0.999854539;0.000144942;34128;4.25E-09;1.53E-05;9.96E-01;;;
0.315;0.9998536;4.61E-05;16848;2.74E-09;9.86E-06;3.15E-01;;;
0.065;0.99984628;9.99E-06;7344;1.36E-09;4.90E-06;6.50E-02;;;
0.587857143;0.999831841;9.89E-05;27216;3.63E-09;1.31E-05;5.88E-01;;;
0.886428571;0.999829703;0.000150956;35856;4.21E-09;1.52E-05;8.86E-01;;;
0.410714286;0.99982383;7.24E-05;22032;3.28E-09;1.18E-05;4.11E-01;;;
0.126428571;0.999787349;2.69E-05;12528;2.15E-09;7.74E-06;1.26E-01;;;
0.759285714;0.999786481;0.000162122;37584;4.31E-09;1.55E-05;7.59E-01;;;
0.856428571;0.99978345;0.000185459;41040;4.52E-09;1.63E-05;8.56E-01;;;
0.806428571;0.999781496;0.000176208;39312;4.48E-09;1.61E-05;8.06E-01;;;
0.919285714;0.999760406;0.000220255;46224;4.76E-09;1.71E-05;9.19E-01;;;
0.817857143;0.999758429;0.000197571;42768;4.62E-09;1.66E-05;8.18E-01;;;
0.416428571;0.999746445;0.000105588;28080;3.76E-09;1.35E-05;4.16E-01;;;
0.699285714;0.999740598;0.000181396;40176;4.52E-09;1.63E-05;6.99E-01;;;
0.460714286;0.999738808;0.000120335;30672;3.92E-09;1.41E-05;4.61E-01;;;
0.900714286;0.999736998;0.00023689;48816;4.85E-09;1.75E-05;9.01E-01;;;
0.885;0.999685725;0.000278134;54864;5.07E-09;1.83E-05;8.85E-01;;;
0.596428571;0.999680628;0.000190483;41904;4.55E-09;1.64E-05;5.96E-01;;;
0.446428571;0.999671943;0.000146454;34992;4.19E-09;1.51E-05;4.46E-01;;;
0.849285714;0.999664893;0.000284602;55728;5.11E-09;1.84E-05;8.49E-01;;;
0.927857143;0.999616984;0.000355384;66096;5.38E-09;1.94E-05;9.28E-01;;;
0.839285714;0.999612952;0.000324844;61776;5.26E-09;1.89E-05;8.39E-01;;;
0.345;0.999607123;0.000135543;33264;4.07E-09;1.47E-05;3.45E-01;;;
0.737857143;0.999599515;0.000295501;57456;5.14E-09;1.85E-05;7.38E-01;;;
0.793571429;0.999575476;0.00033689;63504;5.31E-09;1.91E-05;7.94E-01;;;
0.562142857;0.999558624;0.000248116;50544;4.91E-09;1.77E-05;5.62E-01;;;
0.903571429;0.999554117;0.000402887;73008;5.52E-09;1.99E-05;9.04E-01;;;
0.805;0.999552183;0.000360492;66960;5.38E-09;1.94E-05;8.05E-01;;;
0.080714286;0.999551458;3.62E-05;15120;2.39E-09;8.60E-06;8.07E-02;;;
0.592142857;0.999551398;0.000265637;53136;5.00E-09;1.80E-05;5.92E-01;;;
0.957857143;0.999530047;0.000450148;79920;5.63E-09;2.03E-05;9.58E-01;;;
0.665;0.999529872;0.000312635;60048;5.21E-09;1.88E-05;6.65E-01;;;
0.182142857;0.999512769;8.87E-05;25488;3.48E-09;1.25E-05;1.82E-01;;;
0.113571429;0.999504894;5.62E-05;19440;2.89E-09;1.04E-05;1.14E-01;;;
0.795;0.999478259;0.000414784;74736;5.55E-09;2.00E-05;7.95E-01;;;
0.766428571;0.999467852;0.000407854;73872;5.52E-09;1.99E-05;7.66E-01;;;
0.930714286;0.999463804;0.000499045;86832;5.75E-09;2.07E-05;9.31E-01;;;
0.415;0.999459675;0.000224235;47088;4.76E-09;1.71E-05;4.15E-01;;;
0.890714286;0.999455056;0.00048539;85104;5.70E-09;2.05E-05;8.91E-01;;;
0.960714286;0.999444361;0.00053381;92016;5.80E-09;2.09E-05;9.61E-01;;;
0.400714286;0.99942709;0.000229573;47952;4.79E-09;1.72E-05;4.01E-01;;;
0.970714286;0.999424849;0.000558307;95472;5.85E-09;2.11E-05;9.71E-01;;;
0.800714286;0.999408587;0.000473553;83376;5.68E-09;2.04E-05;8.01E-01;;;
0.932142857;0.999395937;0.000563073;96336;5.84E-09;2.10E-05;9.32E-01;;;
0.537857143;0.999385984;0.000330253;62640;5.27E-09;1.90E-05;5.38E-01;;;
0.686428571;0.999355787;0.000442206;79056;5.59E-09;2.01E-05;6.86E-01;;;
0.386428571;0.999332853;0.000257805;52272;4.93E-09;1.77E-05;3.86E-01;;;
0.543571429;0.999274152;0.00039455;72144;5.47E-09;1.97E-05;5.44E-01;;;
0.672142857;0.999226596;0.000519838;90288;5.76E-09;2.07E-05;6.72E-01;;;
0.145;0.999224227;0.000112487;29808;3.77E-09;1.36E-05;1.45E-01;;;
0.599285714;0.999218649;0.000468252;82512;5.67E-09;2.04E-05;5.99E-01;;;
0.726428571;0.999216681;0.000569025;97200;5.85E-09;2.11E-05;7.26E-01;;;
0.785;0.99921019;0.000620001;104112;5.96E-09;2.15E-05;7.85E-01;;;
0.530714286;0.99918868;0.000430579;77328;5.57E-09;2.01E-05;5.31E-01;;;
0.873571429;0.999178539;0.000717604;117936;6.08E-09;2.19E-05;8.74E-01;;;
0.799285714;0.999172627;0.000661307;110160;6.00E-09;2.16E-05;7.99E-01;;;
0.247857143;0.9991718;0.000205275;44496;4.61E-09;1.66E-05;2.48E-01;;;
0.729285714;0.999165777;0.000608387;103248;5.89E-09;2.12E-05;7.29E-01;;;
0.756428571;0.999152429;0.000641127;107568;5.96E-09;2.15E-05;7.56E-01;;;
0.445;0.999142418;0.000381624;70416;5.42E-09;1.95E-05;4.45E-01;;;
0.426428571;0.999135359;0.000368708;68688;5.37E-09;1.93E-05;4.26E-01;;;
0.485;0.999134972;0.000419539;75600;5.55E-09;2.00E-05;4.85E-01;;;
0.516428571;0.9991173;0.000455851;80784;5.64E-09;2.03E-05;5.16E-01;;;
0.625;0.999116187;0.000552383;94608;5.84E-09;2.10E-05;6.25E-01;;;
0.617857143;0.999114654;0.000547017;93744;5.84E-09;2.10E-05;6.18E-01;;;
0.576428571;0.999109939;0.000513057;89424;5.74E-09;2.07E-05;5.76E-01;;;
0.792142857;0.999048413;0.000753793;123120;6.12E-09;2.20E-05;7.92E-01;;;
0.597857143;0.999035916;0.000576385;98064;5.88E-09;2.12E-05;5.98E-01;;;
0.753571429;0.999023729;0.00073569;120528;6.10E-09;2.20E-05;7.54E-01;;;
0.669285714;0.999021152;0.000655129;109296;5.99E-09;2.16E-05;6.69E-01;;;
0.992142857;0.999008027;0.000984179;156816;6.28E-09;2.26E-05;9.92E-01;;;
0.837857143;0.999007356;0.000831694;135216;6.15E-09;2.21E-05;8.38E-01;;;
0.739285714;0.999004784;0.000735749;121392;6.06E-09;2.18E-05;7.39E-01;;;
0.283571429;0.998995833;0.000284753;56592;5.03E-09;1.81E-05;2.84E-01;;;
0.310714286;0.998990758;0.000313586;60912;5.15E-09;1.85E-05;3.11E-01;;;
0.522142857;0.998990652;0.000527024;91152;5.78E-09;2.08E-05;5.22E-01;;;
0.959285714;0.998988567;0.000970253;154224;6.29E-09;2.26E-05;9.59E-01;;;
0.675;0.998975353;0.000691636;114480;6.04E-09;2.17E-05;6.75E-01;;;
0.507857143;0.998943589;0.000536506;92880;5.78E-09;2.08E-05;5.08E-01;;;
0.645;0.998920331;0.000696386;115344;6.04E-09;2.17E-05;6.45E-01;;;
0.697857143;0.998920126;0.000753598;123984;6.08E-09;2.19E-05;6.98E-01;;;
0.767857143;0.998916216;0.000832191;134352;6.19E-09;2.23E-05;7.68E-01;;;
0.673571429;0.998900319;0.000740713;122256;6.06E-09;2.18E-05;6.74E-01;;;
0.646428571;0.998884769;0.000720917;118800;6.07E-09;2.19E-05;6.46E-01;;;
0.763571429;0.998853358;0.000875543;141264;6.20E-09;2.23E-05;7.64E-01;;;
0.619285714;0.998835791;0.000720978;119664;6.03E-09;2.17E-05;6.19E-01;;;
0.857857143;0.99882433;0.001008557;159408;6.33E-09;2.28E-05;8.58E-01;;;
0.935;0.998811366;0.001111372;174096;6.38E-09;2.30E-05;9.35E-01;;;
0.683571429;0.998805382;0.000816607;133488;6.12E-09;2.20E-05;6.84E-01;;;
0.826428571;0.998764516;0.001021039;161136;6.34E-09;2.28E-05;8.26E-01;;;
0.600714286;0.998731328;0.000762109;124848;6.10E-09;2.20E-05;6.01E-01;;;
0.796428571;0.998712493;0.001025408;163728;6.26E-09;2.25E-05;7.96E-01;;;
0.865;0.998708123;0.001117474;175824;6.36E-09;2.29E-05;8.65E-01;;;
0.366428571;0.998699379;0.000476585;84240;5.66E-09;2.04E-05;3.66E-01;;;
0.456428571;0.998691394;0.000597285;101520;5.88E-09;2.12E-05;4.56E-01;;;
0.963571429;0.998685649;0.001266471;197424;6.41E-09;2.31E-05;9.64E-01;;;
0.535;0.998684891;0.000703584;116208;6.05E-09;2.18E-05;5.35E-01;;;
0.929285714;0.998674655;0.001231624;192240;6.41E-09;2.31E-05;9.29E-01;;;
0.740714286;0.998644647;0.001003929;160272;6.26E-09;2.25E-05;7.41E-01;;;
0.893571429;0.998638017;0.001217029;189648;6.42E-09;2.31E-05;8.94E-01;;;
0.847857143;0.998633599;0.001158513;181872;6.37E-09;2.29E-05;8.48E-01;;;
0.307857143;0.998625245;0.000423228;76464;5.53E-09;1.99E-05;3.08E-01;;;
0.510714286;0.998619708;0.000704935;117072;6.02E-09;2.17E-05;5.11E-01;;;
0.797857143;0.998614402;0.001105509;174960;6.32E-09;2.28E-05;7.98E-01;;;
0.435;0.998569848;0.000622116;105840;5.88E-09;2.12E-05;4.35E-01;;;
0.895;0.998559134;0.001289575;200016;6.45E-09;2.32E-05;8.95E-01;;;
0.779285714;0.99855392;0.00112691;178416;6.32E-09;2.28E-05;7.79E-01;;;
0.880714286;0.998528245;0.001296196;200880;6.45E-09;2.32E-05;8.81E-01;;;
0.909285714;0.998519221;0.001346451;208656;6.45E-09;2.32E-05;9.09E-01;;;
0.577857143;0.998518025;0.00085637;139536;6.14E-09;2.21E-05;5.78E-01;;;
0.226428571;0.998505365;0.000338428;64368;5.26E-09;1.89E-05;2.26E-01;;;
0.177857143;0.998496635;0.000267384;54000;4.95E-09;1.78E-05;1.78E-01;;;
0.165;0.998491236;0.000248946;51408;4.84E-09;1.74E-05;1.65E-01;;;
0.872142857;0.998482594;0.001323395;205200;6.45E-09;2.32E-05;8.72E-01;;;
0.513571429;0.998478236;0.000781534;127440;6.13E-09;2.21E-05;5.14E-01;;;
0.602142857;0.998473064;0.000919434;148176;6.21E-09;2.24E-05;6.02E-01;;;
0.855;0.998442672;0.001331516;207792;6.41E-09;2.31E-05;8.55E-01;;;
0.925;0.998430936;0.001451384;225072;6.45E-09;2.32E-05;9.25E-01;;;
0.997857143;0.998407044;0.001589543;244080;6.51E-09;2.34E-05;9.98E-01;;;
0.517857143;0.998389134;0.000834198;136080;6.13E-09;2.21E-05;5.18E-01;;;
0.846428571;0.998387793;0.001364618;212112;6.43E-09;2.31E-05;8.46E-01;;;
0.870714286;0.998386022;0.001405314;218160;6.44E-09;2.32E-05;8.71E-01;;;
0.649285714;0.998385892;0.001048017;166320;6.30E-09;2.27E-05;6.49E-01;;;
0.229285714;0.998376875;0.000372159;69552;5.35E-09;1.93E-05;2.29E-01;;;
0.232142857;0.998357435;0.00038131;71280;5.35E-09;1.93E-05;2.32E-01;;;
0.953571429;0.998349646;0.001573731;242352;6.49E-09;2.34E-05;9.54E-01;;;
0.736428571;0.998331903;0.001228434;191376;6.42E-09;2.31E-05;7.36E-01;;;
0.690714286;0.998331158;0.001152693;181008;6.37E-09;2.29E-05;6.91E-01;;;
0.360714286;0.998324747;0.000604288;102384;5.90E-09;2.12E-05;3.61E-01;;;
0.635;0.99832007;0.001066755;168048;6.35E-09;2.29E-05;6.35E-01;;;
0.820714286;0.99831079;0.001386359;215568;6.43E-09;2.31E-05;8.21E-01;;;
0.913571429;0.998277969;0.001573198;243216;6.47E-09;2.33E-05;9.14E-01;;;
0.830714286;0.99826826;0.001438581;223344;6.44E-09;2.32E-05;8.31E-01;;;
0.832142857;0.998263121;0.001445332;224208;6.45E-09;2.32E-05;8.32E-01;;;
0.980714286;0.998256045;0.001710322;263088;6.50E-09;2.34E-05;9.81E-01;;;
0.907857143;0.998241907;0.001596098;246672;6.47E-09;2.33E-05;9.08E-01;;;
0.605;0.998228803;0.001071574;169776;6.31E-09;2.27E-05;6.05E-01;;;
0.776428571;0.998220769;0.001381445;213840;6.46E-09;2.33E-05;7.76E-01;;;
0.923571429;0.998190858;0.001670872;256176;6.52E-09;2.35E-05;9.24E-01;;;
0.937857143;0.998190566;0.001696991;260496;6.51E-09;2.34E-05;9.38E-01;;;
0.910714286;0.998183663;0.001654164;254448;6.50E-09;2.34E-05;9.11E-01;;;
0.905;0.998179623;0.001647442;250992;6.56E-09;2.36E-05;9.05E-01;;;
0.727857143;0.998171465;0.001330912;206064;6.46E-09;2.33E-05;7.28E-01;;;
0.962142857;0.998159765;0.001770569;271728;6.52E-09;2.35E-05;9.62E-01;;;
0.812142857;0.998147208;0.001504732;231120;6.51E-09;2.34E-05;8.12E-01;;;
0.755;0.998137745;0.001406002;216432;6.50E-09;2.34E-05;7.55E-01;;;
0.803571429;0.998134739;0.00149887;230256;6.51E-09;2.34E-05;8.04E-01;;;
0.405;0.998130704;0.000757065;125712;6.02E-09;2.17E-05;4.05E-01;;;
0.159285714;0.998113231;0.000300535;59184;5.08E-09;1.83E-05;1.59E-01;;;
0.666428571;0.998109903;0.001259615;198288;6.35E-09;2.29E-05;6.66E-01;;;
0.463571429;0.998108778;0.000876716;142992;6.13E-09;2.21E-05;4.64E-01;;;
0.652142857;0.998079882;0.001252191;195696;6.40E-09;2.30E-05;6.52E-01;;;
0.580714286;0.998044769;0.001135431;179280;6.33E-09;2.28E-05;5.81E-01;;;
0.433571429;0.998042129;0.000848877;138672;6.12E-09;2.20E-05;4.34E-01;;;
0.660714286;0.998027615;0.001303183;204336;6.38E-09;2.30E-05;6.61E-01;;;
0.312142857;0.998023388;0.000616985;104976;5.88E-09;2.12E-05;3.12E-01;;;
0.590714286;0.998021489;0.001168735;184464;6.34E-09;2.28E-05;5.91E-01;;;
0.745;0.998001734;0.001488708;229392;6.49E-09;2.34E-05;7.45E-01;;;
0.760714286;0.997999543;0.001521776;233712;6.51E-09;2.34E-05;7.61E-01;;;
0.807857143;0.997983489;0.001629053;250128;6.51E-09;2.34E-05;8.08E-01;;;
0.902142857;0.997976097;0.00182585;279504;6.53E-09;2.35E-05;9.02E-01;;;
0.572142857;0.997971647;0.001160508;182736;6.35E-09;2.29E-05;5.72E-01;;;
0.569285714;0.997957849;0.001162567;183600;6.33E-09;2.28E-05;5.69E-01;;;
0.986428571;0.997930451;0.002041462;309744;6.59E-09;2.37E-05;9.86E-01;;;
0.437857143;0.997924104;0.000908946;147312;6.17E-09;2.22E-05;4.38E-01;;;
0.815;0.997918374;0.001696526;259632;6.53E-09;2.35E-05;8.15E-01;;;
0.425;0.99790142;0.000891897;143856;6.20E-09;2.23E-05;4.25E-01;;;
0.852142857;0.997866041;0.001818438;275184;6.61E-09;2.38E-05;8.52E-01;;;
0.692142857;0.997861937;0.001479845;228528;6.48E-09;2.33E-05;6.92E-01;;;
0.359285714;0.997784599;0.000795962;130032;6.12E-09;2.20E-05;3.59E-01;;;
0.876428571;0.997780086;0.001945596;295920;6.57E-09;2.37E-05;8.76E-01;;;
0.559285714;0.997771169;0.001246554;196560;6.34E-09;2.28E-05;5.59E-01;;;
0.887857143;0.997738712;0.0020077;303696;6.61E-09;2.38E-05;8.88E-01;;;
0.943571429;0.997736609;0.002135671;322704;6.62E-09;2.38E-05;9.44E-01;;;
0.149285714;0.997734878;0.00033815;65232;5.18E-09;1.86E-05;1.49E-01;;;
0.819285714;0.997733245;0.00185712;282960;6.56E-09;2.36E-05;8.19E-01;;;
0.667857143;0.997732553;0.001514331;231984;6.53E-09;2.35E-05;6.68E-01;;;
0.406428571;0.9977267;0.000923934;149040;6.20E-09;2.23E-05;4.06E-01;;;
0.949285714;0.997724208;0.002160376;327024;6.61E-09;2.38E-05;9.49E-01;;;
0.969285714;0.997722153;0.002207885;335664;6.58E-09;2.37E-05;9.69E-01;;;
0.523571429;0.997694219;0.001207241;190512;6.34E-09;2.28E-05;5.24E-01;;;
0.845;0.99767286;0.001966433;296784;6.63E-09;2.39E-05;8.45E-01;;;
0.967857143;0.997629693;0.002294119;346032;6.63E-09;2.39E-05;9.68E-01;;;
0.375;0.997629427;0.000888965;144720;6.14E-09;2.21E-05;3.75E-01;;;
0.712142857;0.997626939;0.001689959;257040;6.57E-09;2.37E-05;7.12E-01;;;
0.499285714;0.997614486;0.001191053;188784;6.31E-09;2.27E-05;4.99E-01;;;
0.772142857;0.997603222;0.001850655;282096;6.56E-09;2.36E-05;7.72E-01;;;
0.085;0.997600305;0.000203974;45360;4.50E-09;1.62E-05;8.50E-02;;;
0.863571429;0.997572599;0.002096234;314928;6.66E-09;2.40E-05;8.64E-01;;;
0.917857143;0.997552876;0.002246111;338256;6.64E-09;2.39E-05;9.18E-01;;;
0.379285714;0.99755262;0.000928256;149904;6.19E-09;2.23E-05;3.79E-01;;;
0.955;0.99755103;0.002338767;352944;6.63E-09;2.39E-05;9.55E-01;;;
0.489285714;0.997549519;0.001198986;187920;6.38E-09;2.30E-05;4.89E-01;;;
0.506428571;0.997546796;0.001242372;194832;6.38E-09;2.30E-05;5.06E-01;;;
0.542142857;0.997543948;0.001331531;206928;6.43E-09;2.31E-05;5.42E-01;;;
0.063571429;0.997541898;0.000156265;38448;4.06E-09;1.46E-05;6.36E-02;;;
0.956428571;0.997520231;0.002371721;358992;6.61E-09;2.38E-05;9.56E-01;;;
0.883571429;0.99751239;0.002197981;330480;6.65E-09;2.39E-05;8.84E-01;;;
0.357857143;0.997491421;0.000897713;146448;6.13E-09;2.21E-05;3.58E-01;;;
0.789285714;0.997490111;0.00198102;301968;6.56E-09;2.36E-05;7.89E-01;;;
0.169285714;0.997482772;0.000426131;78192;5.45E-09;1.96E-05;1.69E-01;;;
0.896428571;0.997477363;0.002261364;339984;6.65E-09;2.39E-05;8.96E-01;;;
0.685;0.997475773;0.001729095;263952;6.55E-09;2.36E-05;6.85E-01;;;
0.777857143;0.997472894;0.001965728;300240;6.55E-09;2.36E-05;7.78E-01;;;
0.257857143;0.997463436;0.000654071;111024;5.89E-09;2.12E-05;2.58E-01;;;
0.972142857;0.997430767;0.002497661;378000;6.61E-09;2.38E-05;9.72E-01;;;
0.859285714;0.997419886;0.002217055;334800;6.62E-09;2.38E-05;8.59E-01;;;
0.975;0.997366853;0.002567318;388368;6.61E-09;2.38E-05;9.75E-01;;;
0.752142857;0.997331007;0.002007464;305424;6.57E-09;2.37E-05;7.52E-01;;;
0.952142857;0.997324986;0.002546996;380592;6.69E-09;2.41E-05;9.52E-01;;;
0.679285714;0.997314963;0.001823908;276912;6.59E-09;2.37E-05;6.79E-01;;;
0.575;0.997313125;0.001544953;237168;6.51E-09;2.34E-05;5.75E-01;;;
0.790714286;0.99730935;0.002127536;321840;6.61E-09;2.38E-05;7.91E-01;;;
0.850714286;0.997294796;0.002301355;346896;6.63E-09;2.39E-05;8.51E-01;;;
0.640714286;0.99728399;0.001740186;266544;6.53E-09;2.35E-05;6.41E-01;;;
0.585;0.997271113;0.001596399;244944;6.52E-09;2.35E-05;5.85E-01;;;
0.595;0.997270158;0.001624256;248400;6.54E-09;2.35E-05;5.95E-01;;;
0.717857143;0.997238971;0.001982025;301104;6.58E-09;2.37E-05;7.18E-01;;;
0.999285714;0.997203459;0.002794544;418608;6.68E-09;2.40E-05;9.99E-01;;;
0.417857143;0.997202306;0.001169036;185328;6.31E-09;2.27E-05;4.18E-01;;;
0.615;0.997187597;0.001729628;265680;6.51E-09;2.34E-05;6.15E-01;;;
0.233571429;0.997157916;0.00066383;112752;5.89E-09;2.12E-05;2.34E-01;;;
0.783571429;0.997157249;0.002227499;337392;6.60E-09;2.38E-05;7.84E-01;;;
0.882142857;0.99713325;0.002528883;381456;6.63E-09;2.39E-05;8.82E-01;;;
0.687857143;0.997131335;0.001973232;302832;6.52E-09;2.35E-05;6.88E-01;;;
0.477857143;0.997130428;0.001371246;212976;6.44E-09;2.32E-05;4.78E-01;;;
0.966428571;0.997127913;0.002775667;416016;6.67E-09;2.40E-05;9.66E-01;;;
0.993571429;0.99711183;0.002869603;426384;6.73E-09;2.42E-05;9.94E-01;;;
0.196428571;0.997110216;0.000567636;98928;5.74E-09;2.07E-05;1.96E-01;;;
0.376428571;0.99710836;0.001088496;172368;6.31E-09;2.27E-05;3.76E-01;;;
0.317857143;0.9970932;0.000923947;150768;6.13E-09;2.21E-05;3.18E-01;;;
0.939285714;0.997091075;0.002732312;410832;6.65E-09;2.39E-05;9.39E-01;;;
0.716428571;0.997085668;0.002087911;319248;6.54E-09;2.35E-05;7.16E-01;;;
0.502142857;0.997074744;0.001468897;226800;6.48E-09;2.33E-05;5.02E-01;;;
0.330714286;0.997069136;0.000969279;155952;6.22E-09;2.24E-05;3.31E-01;;;
0.835;0.997065303;0.002450472;369360;6.63E-09;2.39E-05;8.35E-01;;;
0.916428571;0.99706051;0.002693832;400464;6.73E-09;2.42E-05;9.16E-01;;;
0.589285714;0.997059535;0.001732774;268272;6.46E-09;2.33E-05;5.89E-01;;;
0.215;0.997045702;0.000635174;108432;5.86E-09;2.11E-05;2.15E-01;;;
0.586428571;0.997022621;0.00174602;270000;6.47E-09;2.33E-05;5.86E-01;;;
0.527857143;0.997020788;0.001572599;241488;6.51E-09;2.34E-05;5.28E-01;;;
0.637857143;0.997011159;0.001906454;291600;6.54E-09;2.35E-05;6.38E-01;;;
0.710714286;0.997010736;0.002124513;324432;6.55E-09;2.36E-05;7.11E-01;;;
0.486428571;0.996975935;0.001470992;227664;6.46E-09;2.33E-05;4.86E-01;;;
0.250714286;0.996947672;0.000765262;126576;6.05E-09;2.18E-05;2.51E-01;;;
0.676428571;0.996935082;0.002073198;316656;6.55E-09;2.36E-05;6.76E-01;;;
0.879285714;0.996923797;0.002704861;404784;6.68E-09;2.40E-05;8.79E-01;;;
0.459285714;0.996922282;0.001413552;219024;6.45E-09;2.32E-05;4.59E-01;;;
0.327857143;0.996917324;0.001010678;162864;6.21E-09;2.24E-05;3.28E-01;;;
0.277857143;0.996909338;0.000858763;140400;6.12E-09;2.20E-05;2.78E-01;;;
0.289285714;0.996899217;0.000897012;145584;6.16E-09;2.22E-05;2.89E-01;;;
0.573571429;0.996896358;0.00178016;273456;6.51E-09;2.34E-05;5.74E-01;;;
0.427857143;0.99688176;0.001334161;210384;6.34E-09;2.28E-05;4.28E-01;;;
0.695;0.996881446;0.002167395;327888;6.61E-09;2.38E-05;6.95E-01;;;
0.912142857;0.996879134;0.002846676;422928;6.73E-09;2.42E-05;9.12E-01;;;
0.606428571;0.996857402;0.001905761;290736;6.55E-09;2.36E-05;6.06E-01;;;
0.452142857;0.996830879;0.001432895;221616;6.47E-09;2.33E-05;4.52E-01;;;
0.982142857;0.996830861;0.003112547;467856;6.65E-09;2.39E-05;9.82E-01;;;
0.950714286;0.996824966;0.00301855;447120;6.75E-09;2.43E-05;9.51E-01;;;
0.612142857;0.99681826;0.00194768;295056;6.60E-09;2.38E-05;6.12E-01;;;
0.140714286;0.996815297;0.000448133;81648;5.49E-09;1.98E-05;1.41E-01;;;
0.897857143;0.996809221;0.002864864;428112;6.69E-09;2.41E-05;8.98E-01;;;
0.636428571;0.996806351;0.002032529;308016;6.60E-09;2.38E-05;6.36E-01;;;
0.239285714;0.996798697;0.000766026;128304;5.97E-09;2.15E-05;2.39E-01;;;
0.300714286;0.996775686;0.000969597;157680;6.15E-09;2.21E-05;3.01E-01;;;
0.436428571;0.99675204;0.001417502;219888;6.45E-09;2.32E-05;4.36E-01;;;
0.106428571;0.996733885;0.000347608;67824;5.13E-09;1.85E-05;1.06E-01;;;
0.862142857;0.996718288;0.002829305;427248;6.62E-09;2.38E-05;8.62E-01;;;
0.985;0.996716657;0.003234093;485136;6.67E-09;2.40E-05;9.85E-01;;;
0.920714286;0.996696348;0.00304172;454896;6.69E-09;2.41E-05;9.21E-01;;;
0.622142857;0.996688589;0.002060171;311472;6.61E-09;2.38E-05;6.22E-01;;;
0.933571429;0.996674168;0.003104902;466992;6.65E-09;2.39E-05;9.34E-01;;;
0.757857143;0.996657364;0.002533241;382320;6.63E-09;2.39E-05;7.58E-01;;;
0.906428571;0.996654439;0.003032512;451440;6.72E-09;2.42E-05;9.06E-01;;;
0.200714286;0.99665409;0.000671572;113616;5.91E-09;2.13E-05;2.01E-01;;;
0.762142857;0.996652967;0.002550918;386640;6.60E-09;2.38E-05;7.62E-01;;;
0.810714286;0.996644403;0.002720431;409968;6.64E-09;2.39E-05;8.11E-01;;;
0.867857143;0.996638772;0.002917066;438480;6.65E-09;2.39E-05;8.68E-01;;;
0.333571429;0.996638612;0.001121263;180144;6.22E-09;2.24E-05;3.34E-01;;;
0.725;0.996633407;0.00244078;365904;6.67E-09;2.40E-05;7.25E-01;;;
0.809285714;0.996633341;0.002724589;408240;6.67E-09;2.40E-05;8.09E-01;;;
0.703571429;0.996630609;0.002370607;357264;6.64E-09;2.39E-05;7.04E-01;;;
0.782142857;0.996595695;0.002662653;399600;6.66E-09;2.40E-05;7.82E-01;;;
0.032142857;0.996556538;0.000110683;31536;3.51E-09;1.26E-05;3.21E-02;;;
0.299285714;0.996551437;0.001032106;165456;6.24E-09;2.25E-05;2.99E-01;;;
0.682142857;0.996545453;0.002356494;353808;6.66E-09;2.40E-05;6.82E-01;;;
0.397857143;0.996539019;0.001376976;214704;6.41E-09;2.31E-05;3.98E-01;;;
0.272142857;0.996532538;0.000943645;153360;6.15E-09;2.21E-05;2.72E-01;;;
0.493571429;0.996528265;0.001713549;262224;6.53E-09;2.35E-05;4.94E-01;;;
0.973571429;0.996514693;0.003393195;509328;6.66E-09;2.40E-05;9.74E-01;;;
0.442142857;0.996514147;0.001541245;240624;6.41E-09;2.31E-05;4.42E-01;;;
0.677857143;0.99650738;0.002367498;356400;6.64E-09;2.39E-05;6.78E-01;;;
0.892142857;0.996504066;0.003118872;461808;6.75E-09;2.43E-05;8.92E-01;;;
0.223571429;0.996503356;0.00078175;130896;5.97E-09;2.15E-05;2.24E-01;;;
0.915;0.996492216;0.003209623;481680;6.66E-09;2.40E-05;9.15E-01;;;
0.642142857;0.996487641;0.002255436;341712;6.60E-09;2.38E-05;6.42E-01;;;
0.942142857;0.996485091;0.003311546;492048;6.73E-09;2.42E-05;9.42E-01;;;
0.822142857;0.99646472;0.002906505;434160;6.69E-09;2.41E-05;8.22E-01;;;
0.853571429;0.996431745;0.003045761;453168;6.72E-09;2.42E-05;8.54E-01;;;
0.017857143;0.996421637;6.39E-05;23760;2.69E-09;9.68E-06;1.78E-02;;;
0.720714286;0.996406251;0.002590066;392688;6.60E-09;2.38E-05;7.21E-01;;;
0.295;0.996380476;0.00106776;171504;6.23E-09;2.24E-05;2.95E-01;;;
0.490714286;0.996379812;0.001776478;270864;6.56E-09;2.36E-05;4.91E-01;;;
0.749285714;0.996378576;0.002713481;406512;6.68E-09;2.40E-05;7.49E-01;;;
0.827857143;0.996350761;0.003021049;452304;6.68E-09;2.40E-05;8.28E-01;;;
0.256428571;0.996348617;0.000936319;152496;6.14E-09;2.21E-05;2.56E-01;;;
0.643571429;0.996312614;0.002373096;361584;6.56E-09;2.36E-05;6.44E-01;;;
0.989285714;0.996290338;0.003669916;543024;6.76E-09;2.43E-05;9.89E-01;;;
0.926428571;0.996272736;0.003453044;517968;6.67E-09;2.40E-05;9.26E-01;;;
0.547857143;0.996260691;0.002048607;313200;6.54E-09;2.35E-05;5.48E-01;;;
0.657857143;0.996255744;0.002463185;371088;6.64E-09;2.39E-05;6.58E-01;;;
0.733571429;0.996254199;0.002747813;414288;6.63E-09;2.39E-05;7.34E-01;;;
0.990714286;0.996252528;0.003712674;553392;6.71E-09;2.42E-05;9.91E-01;;;
0.689285714;0.996227146;0.002600574;395280;6.58E-09;2.37E-05;6.89E-01;;;
0.462142857;0.996220779;0.00174654;269136;6.49E-09;2.34E-05;4.62E-01;;;
0.987857143;0.99621671;0.00373735;554256;6.74E-09;2.43E-05;9.88E-01;;;
0.373571429;0.996194518;0.001421619;220752;6.44E-09;2.32E-05;3.74E-01;;;
0.620714286;0.996172737;0.002375637;362448;6.55E-09;2.36E-05;6.21E-01;;;
0.073571429;0.996165484;0.000282111;58320;4.84E-09;1.74E-05;7.36E-02;;;
0.286428571;0.996151216;0.001102402;176688;6.24E-09;2.25E-05;2.86E-01;;;
0.413571429;0.996144903;0.001594358;247536;6.44E-09;2.32E-05;4.14E-01;;;
0.719285714;0.996142093;0.002774937;413424;6.71E-09;2.42E-05;7.19E-01;;;
0.945;0.996135245;0.003652194;543888;6.71E-09;2.42E-05;9.45E-01;;;
0.746428571;0.996128507;0.002889793;433296;6.67E-09;2.40E-05;7.46E-01;;;
0.583571429;0.996121562;0.002263346;344304;6.57E-09;2.37E-05;5.84E-01;;;
0.869285714;0.996087785;0.003400832;506736;6.71E-09;2.42E-05;8.69E-01;;;
0.840714286;0.996073659;0.003300931;491184;6.72E-09;2.42E-05;8.41E-01;;;
0.730714286;0.996071366;0.002870709;429840;6.68E-09;2.40E-05;7.31E-01;;;
0.742142857;0.996063775;0.002921241;437616;6.68E-09;2.40E-05;7.42E-01;;;
0.979285714;0.996050499;0.00386769;576720;6.71E-09;2.42E-05;9.79E-01;;;
0.983571429;0.996037251;0.003897647;577584;6.75E-09;2.43E-05;9.84E-01;;;
0.977857143;0.996027725;0.003884317;574992;6.76E-09;2.43E-05;9.78E-01;;;
0.429285714;0.996026149;0.001705917;261360;6.53E-09;2.35E-05;4.29E-01;;;
0.780714286;0.995991381;0.003129586;465264;6.73E-09;2.42E-05;7.81E-01;;;
0.940714286;0.99598518;0.003776798;559440;6.75E-09;2.43E-05;9.41E-01;;;
0.603571429;0.995961782;0.002437353;366768;6.65E-09;2.39E-05;6.04E-01;;;
0.593571429;0.99593603;0.002412256;368496;6.55E-09;2.36E-05;5.94E-01;;;
0.843571429;0.995933629;0.003430274;510192;6.72E-09;2.42E-05;8.44E-01;;;
0.995;0.995925938;0.004053691;599184;6.77E-09;2.44E-05;9.95E-01;;;
0.722142857;0.995902841;0.002958734;444528;6.66E-09;2.40E-05;7.22E-01;;;
0.713571429;0.995902634;0.002923763;442800;6.60E-09;2.38E-05;7.14E-01;;;
0.266428571;0.995876093;0.001098727;177552;6.19E-09;2.23E-05;2.66E-01;;;
0.519285714;0.995867522;0.002145937;325296;6.60E-09;2.38E-05;5.19E-01;;;
0.802142857;0.995864265;0.00331745;497232;6.67E-09;2.40E-05;8.02E-01;;;
0.566428571;0.995863806;0.002342859;358128;6.54E-09;2.35E-05;5.66E-01;;;
0.866428571;0.995854079;0.003592145;536976;6.69E-09;2.41E-05;8.66E-01;;;
0.467857143;0.99585355;0.001939946;297648;6.52E-09;2.35E-05;4.68E-01;;;
0.773571429;0.995821295;0.003232527;479952;6.74E-09;2.43E-05;7.74E-01;;;
0.946428571;0.995818921;0.003957092;593136;6.67E-09;2.40E-05;9.46E-01;;;
0.707857143;0.995816245;0.002961501;445392;6.65E-09;2.39E-05;7.08E-01;;;
0.700714286;0.995814911;0.002932551;436752;6.71E-09;2.42E-05;7.01E-01;;;
0.630714286;0.995806976;0.0026446;402192;6.58E-09;2.37E-05;6.31E-01;;;
0.877857143;0.995801518;0.003685668;551664;6.68E-09;2.40E-05;8.78E-01;;;
0.833571429;0.995797164;0.003503364;524016;6.69E-09;2.41E-05;8.34E-01;;;
0.607857143;0.99578301;0.002563327;387504;6.61E-09;2.38E-05;6.08E-01;;;
0.529285714;0.995778546;0.002234355;339120;6.59E-09;2.37E-05;5.29E-01;;;
0.579285714;0.99576853;0.00245123;372816;6.57E-09;2.37E-05;5.79E-01;;;
0.515;0.995763175;0.002181965;331344;6.59E-09;2.37E-05;5.15E-01;;;
0.860714286;0.995749433;0.003658524;545616;6.71E-09;2.42E-05;8.61E-01;;;
0.899285714;0.995737599;0.003833117;569808;6.73E-09;2.42E-05;8.99E-01;;;
0.653571429;0.99571376;0.002801364;421200;6.65E-09;2.39E-05;6.54E-01;;;
0.430714286;0.99571351;0.001846253;286416;6.45E-09;2.32E-05;4.31E-01;;;
0.743571429;0.995712339;0.003188182;473904;6.73E-09;2.42E-05;7.44E-01;;;
0.813571429;0.995665187;0.00352668;530064;6.65E-09;2.39E-05;8.14E-01;;;
0.723571429;0.995663648;0.003137661;472176;6.65E-09;2.39E-05;7.24E-01;;;
0.889285714;0.99565928;0.00386014;568944;6.78E-09;2.44E-05;8.89E-01;;;
0.696428571;0.99563125;0.003042522;459216;6.63E-09;2.39E-05;6.96E-01;;;
0.453571429;0.995628555;0.001982763;304560;6.51E-09;2.34E-05;4.54E-01;;;
0.922142857;0.995624658;0.004034691;594000;6.79E-09;2.44E-05;9.22E-01;;;
0.613571429;0.995610679;0.002693162;403056;6.68E-09;2.40E-05;6.14E-01;;;
0.235;0.99558049;0.001038585;168912;6.15E-09;2.21E-05;2.35E-01;;;
0.423571429;0.995546264;0.001886475;292464;6.45E-09;2.32E-05;4.24E-01;;;
0.487857143;0.995530854;0.002180305;333936;6.53E-09;2.35E-05;4.88E-01;;;
0.567857143;0.995513278;0.002547817;384048;6.63E-09;2.39E-05;5.68E-01;;;
0.340714286;0.995508808;0.001530213;239760;6.38E-09;2.30E-05;3.41E-01;;;
0.786428571;0.995502665;0.003536833;525744;6.73E-09;2.42E-05;7.86E-01;;;
0.629285714;0.995495529;0.002834599;424656;6.68E-09;2.40E-05;6.29E-01;;;
0.823571429;0.995495391;0.003709868;555984;6.67E-09;2.40E-05;8.24E-01;;;
0.107857143;0.995494558;0.000485944;88560;5.49E-09;1.98E-05;1.08E-01;;;
0.103571429;0.995488882;0.000467223;85968;5.43E-09;1.95E-05;1.04E-01;;;
0.639285714;0.995488543;0.00288411;432432;6.67E-09;2.40E-05;6.39E-01;;;
0.750714286;0.995465456;0.003404147;507600;6.71E-09;2.42E-05;7.51E-01;;;
0.775;0.995457061;0.003520778;523152;6.73E-09;2.42E-05;7.75E-01;;;
0.825;0.995435025;0.003766104;556848;6.76E-09;2.43E-05;8.25E-01;;;
0.709285714;0.995430357;0.003241183;484272;6.69E-09;2.41E-05;7.09E-01;;;
0.029285714;0.995397341;0.000134792;36720;3.67E-09;1.32E-05;2.93E-02;;;
0.842142857;0.995356602;0.003910404;586224;6.67E-09;2.40E-05;8.42E-01;;;
0.702142857;0.995356308;0.003260535;492912;6.61E-09;2.38E-05;7.02E-01;;;
0.023571429;0.995329151;0.000110099;32400;3.40E-09;1.22E-05;2.36E-02;;;
0.556428571;0.995323008;0.002602412;390096;6.67E-09;2.40E-05;5.56E-01;;;
0.287857143;0.995316473;0.001348187;211248;6.38E-09;2.30E-05;2.88E-01;;;
0.392142857;0.995312928;0.001838002;281232;6.54E-09;2.35E-05;3.92E-01;;;
0.626428571;0.995300276;0.002944041;443664;6.64E-09;2.39E-05;6.26E-01;;;
0.765;0.995288058;0.003604635;538704;6.69E-09;2.41E-05;7.65E-01;;;
0.770714286;0.99526777;0.003647197;546480;6.67E-09;2.40E-05;7.71E-01;;;
0.787857143;0.995229833;0.00375821;564624;6.66E-09;2.40E-05;7.88E-01;;;
0.525;0.99521643;0.002511374;378864;6.63E-09;2.39E-05;5.25E-01;;;
0.495;0.995214164;0.002368989;360720;6.57E-09;2.37E-05;4.95E-01;;;
0.243571429;0.995204757;0.001167984;186192;6.27E-09;2.26E-05;2.44E-01;;;
0.539285714;0.995142017;0.002619841;398736;6.57E-09;2.37E-05;5.39E-01;;;
0.336428571;0.995140186;0.00163498;255312;6.40E-09;2.30E-05;3.36E-01;;;
0.455;0.995137956;0.00221223;340848;6.49E-09;2.34E-05;4.55E-01;;;
0.335;0.995124159;0.001633407;253584;6.44E-09;2.32E-05;3.35E-01;;;
0.207857143;0.99512154;0.001014023;164592;6.16E-09;2.22E-05;2.08E-01;;;
0.329285714;0.995088306;0.001617351;252720;6.40E-09;2.30E-05;3.29E-01;;;
0.536428571;0.995075766;0.0026415;401328;6.58E-09;2.37E-05;5.36E-01;;;
0.693571429;0.995068145;0.003420593;514512;6.65E-09;2.39E-05;6.94E-01;;;
0.276428571;0.995023149;0.001375744;217296;6.33E-09;2.28E-05;2.76E-01;;;
0.372142857;0.995004908;0.001858888;287280;6.47E-09;2.33E-05;3.72E-01;;;
0.399285714;0.995002024;0.001995621;307152;6.50E-09;2.34E-05;3.99E-01;;;
0.293571429;0.994944287;0.001484213;234576;6.33E-09;2.28E-05;2.94E-01;;;
0.656428571;0.994935392;0.003324554;498960;6.66E-09;2.40E-05;6.56E-01;;;
0.369285714;0.994888513;0.001887599;289872;6.51E-09;2.34E-05;3.69E-01;;;
0.449285714;0.994873331;0.002303339;351216;6.56E-09;2.36E-05;4.49E-01;;;
0.390714286;0.994870124;0.002004316;308880;6.49E-09;2.34E-05;3.91E-01;;;
0.705;0.994869135;0.00361726;540432;6.69E-09;2.41E-05;7.05E-01;;;
0.469285714;0.994868801;0.002407998;367632;6.55E-09;2.36E-05;4.69E-01;;;
0.680714286;0.994858817;0.003499676;521424;6.71E-09;2.42E-05;6.81E-01;;;
0.439285714;0.994854703;0.002260256;345168;6.55E-09;2.36E-05;4.39E-01;;;
0.447857143;0.994851475;0.002305804;352080;6.55E-09;2.36E-05;4.48E-01;;;
0.650714286;0.994848387;0.003352228;498096;6.73E-09;2.42E-05;6.51E-01;;;
0.440714286;0.994819645;0.002283056;348624;6.55E-09;2.36E-05;4.41E-01;;;
0.616428571;0.994805601;0.003201976;477360;6.71E-09;2.42E-05;6.16E-01;;;
0.659285714;0.994794466;0.003431934;518832;6.61E-09;2.38E-05;6.59E-01;;;
0.349285714;0.994772262;0.001825974;280368;6.51E-09;2.34E-05;3.49E-01;;;
0.480714286;0.994742242;0.002527479;385776;6.55E-09;2.36E-05;4.81E-01;;;
0.732142857;0.994715593;0.003868941;572400;6.76E-09;2.43E-05;7.32E-01;;;
0.747857143;0.994666957;0.003988354;590544;6.75E-09;2.43E-05;7.48E-01;;;
0.385;0.99464531;0.002061556;314064;6.56E-09;2.36E-05;3.85E-01;;;
0.555;0.994633161;0.002978596;449712;6.62E-09;2.38E-05;5.55E-01;;;
0.509285714;0.99458319;0.002758704;420336;6.56E-09;2.36E-05;5.09E-01;;;
0.273571429;0.99453916;0.00149393;236304;6.32E-09;2.28E-05;2.74E-01;;;
0.570714286;0.994487777;0.003145905;471312;6.67E-09;2.40E-05;5.71E-01;;;
0.500714286;0.994484934;0.002761472;416880;6.62E-09;2.38E-05;5.01E-01;;;
0.735;0.99447098;0.004063829;603504;6.73E-09;2.42E-05;7.35E-01;;;
0.382142857;0.994451355;0.002120375;326160;6.50E-09;2.34E-05;3.82E-01;;;
0.715;0.994448328;0.003969446;587952;6.75E-09;2.43E-05;7.15E-01;;;
0.187857143;0.994404387;0.001051176;170640;6.16E-09;2.22E-05;1.88E-01;;;
0.227857143;0.994401504;0.001275657;202608;6.30E-09;2.27E-05;2.28E-01;;;
0.560714286;0.99435748;0.003163842;479088;6.60E-09;2.38E-05;5.61E-01;;;
0.280714286;0.994309244;0.001597476;251856;6.34E-09;2.28E-05;2.81E-01;;;
0.367857143;0.99429452;0.002098801;320976;6.54E-09;2.35E-05;3.68E-01;;;
0.655;0.994290655;0.003739621;557712;6.71E-09;2.42E-05;6.55E-01;;;
0.546428571;0.994267044;0.003132651;475632;6.59E-09;2.37E-05;5.46E-01;;;
0.663571429;0.994263119;0.00380683;574128;6.63E-09;2.39E-05;6.64E-01;;;
0.105;0.9942505;0.000603697;106704;5.66E-09;2.04E-05;1.05E-01;;;
0.325;0.994245653;0.001870163;288144;6.49E-09;2.34E-05;3.25E-01;;;
0.465;0.994228556;0.002683721;407376;6.59E-09;2.37E-05;4.65E-01;;;
0.609285714;0.994217011;0.003523493;533520;6.60E-09;2.38E-05;6.09E-01;;;
0.380714286;0.994131747;0.002234128;343440;6.51E-09;2.34E-05;3.81E-01;;;
0.179285714;0.994123395;0.001053591;173232;6.08E-09;2.19E-05;1.79E-01;;;
0.475;0.994112973;0.002796338;422064;6.63E-09;2.39E-05;4.75E-01;;;
0.582142857;0.994082413;0.003444881;513648;6.71E-09;2.42E-05;5.82E-01;;;
0.443571429;0.994077644;0.002626988;397872;6.60E-09;2.38E-05;4.44E-01;;;
0.670714286;0.994057927;0.003985433;591408;6.74E-09;2.43E-05;6.71E-01;;;
0.466428571;0.994055126;0.002772859;417744;6.64E-09;2.39E-05;4.66E-01;;;
0.409285714;0.994053254;0.002433918;370224;6.57E-09;2.37E-05;4.09E-01;;;
0.213571429;0.994043586;0.00127212;201744;6.31E-09;2.27E-05;2.14E-01;;;
0.412142857;0.99400729;0.002469853;373680;6.61E-09;2.38E-05;4.12E-01;;;
0.633571429;0.993998081;0.003802645;573264;6.63E-09;2.39E-05;6.34E-01;;;
0.533571429;0.993948799;0.003228748;488592;6.61E-09;2.38E-05;5.34E-01;;;
0.363571429;0.993947169;0.002200636;336528;6.54E-09;2.35E-05;3.64E-01;;;
0.483571429;0.993921746;0.00293927;448848;6.55E-09;2.36E-05;4.84E-01;;;
0.520714286;0.993896423;0.00317822;476496;6.67E-09;2.40E-05;5.21E-01;;;
0.549285714;0.993887833;0.003357326;503280;6.67E-09;2.40E-05;5.49E-01;;;
0.552142857;0.993864979;0.003387408;511920;6.62E-09;2.38E-05;5.52E-01;;;
0.610714286;0.993831639;0.003767106;562032;6.70E-09;2.41E-05;6.11E-01;;;
0.150714286;0.993823693;0.000930858;155088;6.00E-09;2.16E-05;1.51E-01;;;
0.503571429;0.99381555;0.003114312;469584;6.63E-09;2.39E-05;5.04E-01;;;
0.305;0.993799987;0.001891004;293328;6.45E-09;2.32E-05;3.05E-01;;;
0.565;0.993779832;0.003514395;526608;6.67E-09;2.40E-05;5.65E-01;;;
0.282142857;0.993772629;0.001757008;274320;6.40E-09;2.30E-05;2.82E-01;;;
0.130714286;0.993760546;0.000815586;137808;5.92E-09;2.13E-05;1.31E-01;;;
0.337857143;0.993744226;0.002113558;323568;6.53E-09;2.35E-05;3.38E-01;;;
0.526428571;0.993715599;0.003308288;499824;6.62E-09;2.38E-05;5.26E-01;;;
0.420714286;0.993690139;0.002654648;405648;6.54E-09;2.35E-05;4.21E-01;;;
0.323571429;0.993660178;0.002051385;315792;6.50E-09;2.34E-05;3.24E-01;;;
0.632142857;0.993658508;0.004008729;596592;6.72E-09;2.42E-05;6.32E-01;;;
0.132142857;0.99365203;0.000838839;142128;5.90E-09;2.12E-05;1.32E-01;;;
0.550714286;0.99362691;0.003509752;532656;6.59E-09;2.37E-05;5.51E-01;;;
0.377857143;0.993447255;0.002476001;376272;6.58E-09;2.37E-05;3.78E-01;;;
0.457857143;0.993431664;0.00300736;454032;6.62E-09;2.38E-05;4.58E-01;;;
0.180714286;0.993414289;0.001190132;193104;6.16E-09;2.22E-05;1.81E-01;;;
0.230714286;0.993410883;0.001520203;238896;6.36E-09;2.29E-05;2.31E-01;;;
0.540714286;0.99339048;0.003573862;536112;6.67E-09;2.40E-05;5.41E-01;;;
0.365;0.993260256;0.002460007;374544;6.57E-09;2.37E-05;3.65E-01;;;
0.025;0.993260163;0.000168496;43632;3.86E-09;1.39E-05;2.50E-02;;;
0.133571429;0.993243468;0.00090248;151632;5.95E-09;2.14E-05;1.34E-01;;;
0.472142857;0.993173903;0.003222893;490320;6.57E-09;2.37E-05;4.72E-01;;;
0.370714286;0.993041866;0.00257948;393552;6.55E-09;2.36E-05;3.71E-01;;;
0.512142857;0.993034158;0.003567506;534384;6.68E-09;2.40E-05;5.12E-01;;;
0.320714286;0.993033319;0.002234314;342576;6.52E-09;2.35E-05;3.21E-01;;;
0.492142857;0.993022107;0.00343412;517104;6.64E-09;2.39E-05;4.92E-01;;;
0.476428571;0.992891233;0.00338682;511056;6.63E-09;2.39E-05;4.76E-01;;;
0.209285714;0.992826733;0.001501262;238032;6.31E-09;2.27E-05;2.09E-01;;;
0.532142857;0.992754033;0.00385589;581904;6.63E-09;2.39E-05;5.32E-01;;;
0.027857143;0.992651236;0.000204716;49680;4.12E-09;1.48E-05;2.78E-02;;;
0.545;0.992612982;0.004025925;601776;6.69E-09;2.41E-05;5.45E-01;;;
0.496428571;0.992418885;0.003763482;571536;6.58E-09;2.37E-05;4.96E-01;;;
0.195;0.992415613;0.001478955;235440;6.28E-09;2.26E-05;1.95E-01;;;
0.242142857;0.992411801;0.001837428;289008;6.36E-09;2.29E-05;2.42E-01;;;
0.253571429;0.992386665;0.001930524;299376;6.45E-09;2.32E-05;2.54E-01;;;
0.470714286;0.992358008;0.003597195;542160;6.63E-09;2.39E-05;4.71E-01;;;
0.422142857;0.992343759;0.003232027;489456;6.60E-09;2.38E-05;4.22E-01;;;
0.450714286;0.992326439;0.003458583;524880;6.59E-09;2.37E-05;4.51E-01;;;
0.306428571;0.992302912;0.002358608;365040;6.46E-09;2.33E-05;3.06E-01;;;
0.473571429;0.992290977;0.003650773;555120;6.58E-09;2.37E-05;4.74E-01;;;
0.326428571;0.992252353;0.002529053;391824;6.45E-09;2.32E-05;3.26E-01;;;
0.497857143;0.992195873;0.00388534;582768;6.67E-09;2.40E-05;4.98E-01;;;
0.505;0.992134453;0.003972101;597456;6.65E-09;2.39E-05;5.05E-01;;;
0.479285714;0.992056945;0.003806993;578448;6.58E-09;2.37E-05;4.79E-01;;;
0.203571429;0.992054942;0.001617387;257904;6.27E-09;2.26E-05;2.04E-01;;;
0.285;0.99201901;0.002274582;354672;6.41E-09;2.31E-05;2.85E-01;;;
0.482142857;0.99197884;0.003867345;583632;6.63E-09;2.39E-05;4.82E-01;;;
0.095;0.991960423;0.00076376;131760;5.80E-09;2.09E-05;9.50E-02;;;
0.419285714;0.991871116;0.003408325;512784;6.65E-09;2.39E-05;4.19E-01;;;
0.092142857;0.991858469;0.000750184;129168;5.81E-09;2.09E-05;9.21E-02;;;
0.402142857;0.991817074;0.003290705;495504;6.64E-09;2.39E-05;4.02E-01;;;
0.389285714;0.9917939;0.003194517;482544;6.62E-09;2.38E-05;3.89E-01;;;
0.216428571;0.991658832;0.001805267;285552;6.32E-09;2.28E-05;2.16E-01;;;
0.296428571;0.991645829;0.002476415;384912;6.43E-09;2.31E-05;2.96E-01;;;
0.432142857;0.991494913;0.003675413;552528;6.65E-09;2.39E-05;4.32E-01;;;
0.347857143;0.99131344;0.003021682;460944;6.56E-09;2.36E-05;3.48E-01;;;
0.259285714;0.99129236;0.002257767;347760;6.49E-09;2.34E-05;2.59E-01;;;
0.062142857;0.991266667;0.000542714;99792;5.44E-09;1.96E-05;6.21E-02;;;
0.395;0.991193521;0.003478559;527472;6.59E-09;2.37E-05;3.95E-01;;;
0.135;0.991189402;0.001189431;193968;6.13E-09;2.21E-05;1.35E-01;;;
0.222142857;0.991176397;0.0019601;306288;6.40E-09;2.30E-05;2.22E-01;;;
0.356428571;0.991153026;0.003153314;483408;6.52E-09;2.35E-05;3.56E-01;;;
0.339285714;0.990985208;0.00305859;468720;6.53E-09;2.35E-05;3.39E-01;;;
0.153571429;0.990934833;0.001392151;225936;6.16E-09;2.22E-05;1.54E-01;;;
0.316428571;0.990871707;0.002888453;440208;6.56E-09;2.36E-05;3.16E-01;;;
0.246428571;0.990838565;0.002257639;350352;6.44E-09;2.32E-05;2.46E-01;;;
0.049285714;0.990838482;0.000451532;87696;5.15E-09;1.85E-05;4.93E-02;;;
0.319285714;0.990610746;0.002997855;462672;6.48E-09;2.33E-05;3.19E-01;;;
0.119285714;0.990596974;0.001121647;187056;6.00E-09;2.16E-05;1.19E-01;;;
0.322142857;0.990591405;0.003030912;466128;6.50E-09;2.34E-05;3.22E-01;;;
0.355;0.990567521;0.00334853;515376;6.50E-09;2.34E-05;3.55E-01;;;
0.343571429;0.990537035;0.003251204;500688;6.49E-09;2.34E-05;3.44E-01;;;
0.263571429;0.99045824;0.002514935;389232;6.46E-09;2.33E-05;2.64E-01;;;
0.387857143;0.990454462;0.003702305;566352;6.54E-09;2.35E-05;3.88E-01;;;
0.332142857;0.990389792;0.003191962;486864;6.56E-09;2.36E-05;3.32E-01;;;
0.350714286;0.990277832;0.003409703;519696;6.56E-09;2.36E-05;3.51E-01;;;
0.175;0.990265025;0.001703621;272592;6.25E-09;2.25E-05;1.75E-01;;;
0.403571429;0.990188684;0.003959567;602640;6.57E-09;2.37E-05;4.04E-01;;;
0.309285714;0.990095009;0.003063472;473040;6.48E-09;2.33E-05;3.09E-01;;;
0.342142857;0.990046432;0.003405542;522288;6.52E-09;2.35E-05;3.42E-01;;;
0.393571429;0.990016781;0.00392911;600048;6.55E-09;2.36E-05;3.94E-01;;;
0.206428571;0.98988123;0.002088803;329616;6.34E-09;2.28E-05;2.06E-01;;;
0.352142857;0.989823246;0.003583671;544752;6.58E-09;2.37E-05;3.52E-01;;;
0.292142857;0.989783753;0.002984604;460080;6.49E-09;2.34E-05;2.92E-01;;;
0.262142857;0.989764649;0.002683124;415152;6.46E-09;2.33E-05;2.62E-01;;;
0.197857143;0.989688002;0.002040302;320112;6.37E-09;2.29E-05;1.98E-01;;;
0.116428571;0.989552294;0.001216412;199152;6.11E-09;2.20E-05;1.16E-01;;;
0.275;0.989267133;0.002951538;455760;6.48E-09;2.33E-05;2.75E-01;;;
0.240714286;0.989195171;0.002600877;403920;6.44E-09;2.32E-05;2.41E-01;;;
0.185;0.989187983;0.002000223;318384;6.28E-09;2.26E-05;1.85E-01;;;
0.353571429;0.989094638;0.003855824;592272;6.51E-09;2.34E-05;3.54E-01;;;
0.346428571;0.988982592;0.003816745;579312;6.59E-09;2.37E-05;3.46E-01;;;
0.199285714;0.988864413;0.002219163;349488;6.35E-09;2.29E-05;1.99E-01;;;
0.122142857;0.98886151;0.001360487;222480;6.12E-09;2.20E-05;1.22E-01;;;
0.082142857;0.988600051;0.000936424;162000;5.78E-09;2.08E-05;8.21E-02;;;
0.297857143;0.988278349;0.003491378;535248;6.52E-09;2.35E-05;2.98E-01;;;
0.236428571;0.988238513;0.002780752;428976;6.48E-09;2.33E-05;2.36E-01;;;
0.303571429;0.988228374;0.003573529;549072;6.51E-09;2.34E-05;3.04E-01;;;
0.147857143;0.988122453;0.00175618;283824;6.19E-09;2.23E-05;1.48E-01;;;
0.290714286;0.98810857;0.003457009;530928;6.51E-09;2.34E-05;2.91E-01;;;
0.143571429;0.988102786;0.0017081;276048;6.19E-09;2.23E-05;1.44E-01;;;
0.302142857;0.98805577;0.003608864;549936;6.56E-09;2.36E-05;3.02E-01;;;
0.237857143;0.987989178;0.00285686;441072;6.48E-09;2.33E-05;2.38E-01;;;
0.267857143;0.987855059;0.003253109;505008;6.44E-09;2.32E-05;2.68E-01;;;
0.313571429;0.987521906;0.003912774;595728;6.57E-09;2.37E-05;3.14E-01;;;
0.166428571;0.98745544;0.002087773;328752;6.35E-09;2.29E-05;1.66E-01;;;
0.279285714;0.987244631;0.003562392;548208;6.50E-09;2.34E-05;2.79E-01;;;
0.210714286;0.987159873;0.002705598;423792;6.38E-09;2.30E-05;2.11E-01;;;
0.219285714;0.987143142;0.002819325;441936;6.38E-09;2.30E-05;2.19E-01;;;
0.176428571;0.987050979;0.002284577;359856;6.35E-09;2.29E-05;1.76E-01;;;
0.255;0.986959384;0.003325357;516240;6.44E-09;2.32E-05;2.55E-01;;;
0.193571429;0.986880042;0.002539649;397008;6.40E-09;2.30E-05;1.94E-01;;;
0.155;0.986578843;0.002080279;332208;6.26E-09;2.25E-05;1.55E-01;;;
0.056428571;0.98652226;0.00076053;136944;5.55E-09;2.00E-05;5.64E-02;;;
0.037857143;0.986473749;0.000512065;100656;5.09E-09;1.83E-05;3.78E-02;;;
0.270714286;0.986422416;0.003675646;565488;6.50E-09;2.34E-05;2.71E-01;;;
0.260714286;0.986397899;0.003546262;550800;6.44E-09;2.32E-05;2.61E-01;;;
0.109285714;0.986229905;0.001504875;245808;6.12E-09;2.20E-05;1.09E-01;;;
0.265;0.986149671;0.003670337;568080;6.46E-09;2.33E-05;2.65E-01;;;
0.052142857;0.986099311;0.000724822;132624;5.47E-09;1.97E-05;5.21E-02;;;
0.157857143;0.985917579;0.002223011;355536;6.25E-09;2.25E-05;1.58E-01;;;
0.112142857;0.985870236;0.001584552;258768;6.12E-09;2.20E-05;1.12E-01;;;
0.083571429;0.985678014;0.001196909;203472;5.88E-09;2.12E-05;8.36E-02;;;
0.220714286;0.985179678;0.003271057;508464;6.43E-09;2.31E-05;2.21E-01;;;
0.245;0.985003149;0.003674229;575856;6.38E-09;2.30E-05;2.45E-01;;;
0.189285714;0.984865945;0.002864661;450576;6.36E-09;2.29E-05;1.89E-01;;;
0.252142857;0.984801311;0.003832241;598320;6.41E-09;2.31E-05;2.52E-01;;;
0.205;0.984729028;0.003130549;494640;6.33E-09;2.28E-05;2.05E-01;;;
0.125;0.984675318;0.001915585;310608;6.17E-09;2.22E-05;1.25E-01;;;
0.192142857;0.984499659;0.00297828;470448;6.33E-09;2.28E-05;1.92E-01;;;
0.167857143;0.984079532;0.002672364;425520;6.28E-09;2.26E-05;1.68E-01;;;
0.172142857;0.984024949;0.002749991;431568;6.37E-09;2.29E-05;1.72E-01;;;
0.186428571;0.983983522;0.002985929;474768;6.29E-09;2.26E-05;1.86E-01;;;
0.173571429;0.983433519;0.002875468;458352;6.27E-09;2.26E-05;1.74E-01;;;
0.212142857;0.983422915;0.00351671;547344;6.43E-09;2.31E-05;2.12E-01;;;
0.225;0.983342992;0.003747827;587088;6.38E-09;2.30E-05;2.25E-01;;;
0.217857143;0.983146642;0.003671624;570672;6.43E-09;2.31E-05;2.18E-01;;;
0.142142857;0.982842542;0.00243881;394416;6.18E-09;2.22E-05;1.42E-01;;;
0.090714286;0.982560447;0.001582017;264816;5.97E-09;2.15E-05;9.07E-02;;;
0.190714286;0.982196317;0.003395417;531792;6.38E-09;2.30E-05;1.91E-01;;;
0.087857143;0.981763271;0.001602227;267408;5.99E-09;2.16E-05;8.78E-02;;;
0.202142857;0.981443048;0.003751155;585360;6.41E-09;2.31E-05;2.02E-01;;;
0.183571429;0.981390335;0.003416203;537840;6.35E-09;2.29E-05;1.84E-01;;;
0.100714286;0.981068987;0.001906623;317520;6.00E-09;2.16E-05;1.01E-01;;;
0.136428571;0.98052962;0.002656316;430704;6.17E-09;2.22E-05;1.36E-01;;;
0.162142857;0.980407428;0.003176796;502416;6.32E-09;2.28E-05;1.62E-01;;;
0.102142857;0.980160935;0.002026419;333072;6.08E-09;2.19E-05;1.02E-01;;;
0.156428571;0.980130533;0.003108152;493776;6.29E-09;2.26E-05;1.56E-01;;;
0.059285714;0.979650572;0.00120643;209520;5.76E-09;2.07E-05;5.93E-02;;;
0.163571429;0.979351424;0.003377517;539568;6.26E-09;2.25E-05;1.64E-01;;;
0.127857143;0.978826942;0.002707127;435888;6.21E-09;2.24E-05;1.28E-01;;;
0.139285714;0.978700535;0.002966711;478224;6.20E-09;2.23E-05;1.39E-01;;;
0.170714286;0.978219747;0.0037182;594864;6.25E-09;2.25E-05;1.71E-01;;;
0.137857143;0.97816336;0.003010337;487728;6.17E-09;2.22E-05;1.38E-01;;;
0.152142857;0.976887793;0.003516357;560304;6.28E-09;2.26E-05;1.52E-01;;;
0.115;0.976598223;0.002691204;439344;6.13E-09;2.21E-05;1.15E-01;;;
0.160714286;0.976558236;0.003767426;600912;6.27E-09;2.26E-05;1.61E-01;;;
0.129285714;0.976154458;0.003082888;501552;6.15E-09;2.21E-05;1.29E-01;;;
0.146428571;0.976149443;0.003492403;561168;6.22E-09;2.24E-05;1.46E-01;;;
0.089285714;0.975672735;0.002172077;363312;5.98E-09;2.15E-05;8.93E-02;;;
0.072142857;0.975666376;0.001755497;298512;5.88E-09;2.12E-05;7.21E-02;;;
0.097857143;0.975543296;0.002393263;396144;6.04E-09;2.17E-05;9.78E-02;;;
0.057857143;0.975506176;0.001417143;249264;5.69E-09;2.05E-05;5.78E-02;;;
0.099285714;0.975080916;0.002474109;409104;6.05E-09;2.18E-05;9.93E-02;;;
0.096428571;0.974321519;0.002476139;411696;6.01E-09;2.16E-05;9.64E-02;;;
0.120714286;0.972566274;0.003311643;541296;6.12E-09;2.20E-05;1.21E-01;;;
0.123571429;0.971114591;0.003569411;589680;6.05E-09;2.18E-05;1.24E-01;;;
0.053571429;0.970300216;0.00159106;284688;5.59E-09;2.01E-05;5.36E-02;;;
0.110714286;0.969579236;0.003368013;562896;5.98E-09;2.15E-05;1.11E-01;;;
0.079285714;0.969316456;0.002432767;412560;5.90E-09;2.12E-05;7.93E-02;;;
0.069285714;0.968168283;0.002205483;383184;5.76E-09;2.07E-05;6.93E-02;;;
0.046428571;0.967223029;0.001521788;278640;5.46E-09;1.97E-05;4.64E-02;;;
0.013571429;0.966199861;0.000458716;111888;4.10E-09;1.48E-05;1.36E-02;;;
0.060714286;0.964354068;0.002164217;379728;5.70E-09;2.05E-05;6.07E-02;;;
0.076428571;0.963675278;0.002776247;480816;5.77E-09;2.08E-05;7.64E-02;;;
0.055;0.963282;0.00201949;364176;5.55E-09;2.00E-05;5.50E-02;;;
0.075;0.96283028;0.002787729;486000;5.74E-09;2.07E-05;7.50E-02;;;
0.039285714;0.962676317;0.001466288;277776;5.28E-09;1.90E-05;3.93E-02;;;
0.070714286;0.9622866;0.002666876;463536;5.75E-09;2.07E-05;7.07E-02;;;
0.093571429;0.962071193;0.003549053;604368;5.87E-09;2.11E-05;9.36E-02;;;
0.086428571;0.962017649;0.00328276;563760;5.82E-09;2.10E-05;8.64E-02;;;
0.077857143;0.961589348;0.002990544;520560;5.74E-09;2.07E-05;7.78E-02;;;
0.043571429;0.961289077;0.00168669;312336;5.40E-09;1.94E-05;4.36E-02;;;
0.036428571;0.958074138;0.001527299;294192;5.19E-09;1.87E-05;3.64E-02;;;
0.050714286;0.957751825;0.002142586;390960;5.48E-09;1.97E-05;5.07E-02;;;
0.015;0.955280951;0.000670786;158544;4.23E-09;1.52E-05;1.50E-02;;;
0.067857143;0.952569511;0.003218497;584496;5.51E-09;1.98E-05;6.78E-02;;;
0.066428571;0.951166607;0.003243933;588816;5.51E-09;1.98E-05;6.64E-02;;;
0.047857143;0.948965848;0.002442349;456624;5.35E-09;1.93E-05;4.78E-02;;;
0.045;0.947568444;0.00235942;446256;5.29E-09;1.90E-05;4.50E-02;;;
0.042142857;0.943614645;0.00237624;464400;5.12E-09;1.84E-05;4.21E-02;;;
0.030714286;0.940703413;0.001821252;377136;4.83E-09;1.74E-05;3.07E-02;;;
0.040714286;0.938193261;0.002516417;496368;5.07E-09;1.83E-05;4.07E-02;;;
0.009285714;0.936698036;0.000587804;167184;3.52E-09;1.27E-05;9.27E-03;;;
0.033571429;0.935266016;0.002173212;447984;4.85E-09;1.75E-05;3.36E-02;;;
0.012142857;0.927580916;0.000879375;232848;3.78E-09;1.36E-05;1.21E-02;;;
0.035;0.924320485;0.002648783;558576;4.74E-09;1.71E-05;3.50E-02;;;
0.019285714;0.919544161;0.001551648;375408;4.13E-09;1.49E-05;1.93E-02;;;
0.020714286;0.913633482;0.001789021;435024;4.11E-09;1.48E-05;2.07E-02;;;
0.026428571;0.907722747;0.002438756;580176;4.20E-09;1.51E-05;2.64E-02;;;
0.022142857;0.904670153;0.002110875;528336;4.00E-09;1.44E-05;2.21E-02;;;
0.016428571;0.887592196;0.0018467;529200;3.49E-09;1.26E-05;1.64E-02;;;
0.010714286;0.869760511;0.001395423;505872;2.76E-09;9.94E-06;1.07E-02;;;
0.003571429;0.85129824;0.000531078;371952;1.43E-09;5.15E-06;3.57E-03;;;
0.007857143;0.850045911;0.001178211;567216;2.08E-09;7.49E-06;7.85E-03;;;
0.005;0.8431466;0.000784267;504144;1.56E-09;5.62E-06;4.99E-03;;;
0.006428571;0.842372897;0.001013317;581040;1.74E-09;6.26E-06;6.42E-03;;;
0.002142857;0.832747226;0.000358399;457488;7.83E-10;2.82E-06;2.14E-03;;;
0.000714286;0.828388289;0.00012258;419472;2.92E-10;1.05E-06;7.13E-04;;;
