P_in_rel;P_in_stor;eta_in
0.1023;0.0709;0.6928
0.1026;0.0709;0.6906
0.1027;0.071;0.691
0.1029;0.0712;0.6915
0.1032;0.0716;0.6937
0.1035;0.0713;0.6893
0.1037;0.0716;0.6905
0.104;0.0723;0.6955
0.1041;0.0722;0.6939
0.1043;0.0721;0.6916
0.1044;0.0721;0.6904
0.1047;0.0724;0.6915
0.1049;0.0725;0.6907
0.1051;0.0727;0.6915
0.1052;0.073;0.6935
0.1054;0.0728;0.6904
0.1055;0.073;0.6921
0.1057;0.0734;0.6946
0.106;0.0737;0.6953
0.1061;0.074;0.6972
0.1065;0.0741;0.696
0.1066;0.0738;0.6925
0.1069;0.0741;0.6931
0.1075;0.0748;0.6955
0.1079;0.0748;0.6934
0.1086;0.0754;0.6947
0.1088;0.0753;0.6924
0.1094;0.076;0.695
0.1099;0.0767;0.6979
0.1102;0.077;0.6991
0.1107;0.0769;0.6945
0.1111;0.0777;0.6991
0.1113;0.0775;0.6963
0.1114;0.0779;0.6993
0.1116;0.0775;0.6945
0.1117;0.0783;0.7006
0.1119;0.0782;0.6986
0.1124;0.0786;0.6989
0.1125;0.0782;0.6947
0.113;0.0791;0.6998
0.1131;0.0791;0.6994
0.1133;0.0789;0.6966
0.1135;0.079;0.6961
0.1138;0.0792;0.6963
0.1139;0.0797;0.6997
0.1145;0.0802;0.7008
0.1147;0.0804;0.7009
0.115;0.0807;0.7021
0.1152;0.0803;0.6973
0.1155;0.0807;0.6991
0.1161;0.0817;0.7037
0.1167;0.0815;0.6987
0.1169;0.0819;0.7002
0.1172;0.0819;0.6985
0.1177;0.083;0.7048
0.1178;0.0824;0.6994
0.1181;0.0828;0.701
0.1191;0.0835;0.7014
0.1192;0.0835;0.7008
0.1194;0.0842;0.7056
0.1198;0.0843;0.7039
0.12;0.0847;0.7061
0.1201;0.0845;0.7034
0.1206;0.0855;0.7093
0.1209;0.0849;0.7019
0.1211;0.085;0.7019
0.1212;0.0856;0.7063
0.122;0.0858;0.7036
0.1228;0.0863;0.7031
0.1233;0.0871;0.7061
0.1236;0.0872;0.7056
0.1239;0.0872;0.7038
0.1243;0.0876;0.7051
0.1245;0.0876;0.7035
0.1247;0.0877;0.7035
0.125;0.0887;0.7098
0.1251;0.0881;0.704
0.1253;0.0889;0.7094
0.1254;0.0892;0.711
0.1256;0.0892;0.7103
0.1257;0.0884;0.7036
0.1259;0.0894;0.71
0.1261;0.089;0.7055
0.1262;0.0898;0.7114
0.1268;0.0903;0.7121
0.1271;0.0899;0.7074
0.1273;0.0901;0.708
0.1278;0.0911;0.7128
0.1279;0.0906;0.7081
0.1282;0.0907;0.7077
0.1284;0.0914;0.7121
0.1287;0.0909;0.706
0.1289;0.0916;0.711
0.129;0.092;0.7129
0.1295;0.0918;0.7091
0.1299;0.0926;0.7125
0.1301;0.093;0.7152
0.1303;0.0925;0.7096
0.1306;0.0929;0.7112
0.131;0.0929;0.7089
0.1312;0.0934;0.712
0.1315;0.0933;0.7097
0.1318;0.0943;0.7154
0.132;0.0942;0.7138
0.1321;0.0941;0.7125
0.1323;0.0942;0.7117
0.1324;0.094;0.7096
0.1329;0.0951;0.7157
0.1334;0.0951;0.7126
0.1335;0.0951;0.7121
0.1338;0.0955;0.7135
0.134;0.0955;0.7124
0.1345;0.0958;0.7124
0.136;0.0978;0.7191
0.1363;0.0973;0.7139
0.1365;0.0974;0.7132
0.1366;0.0983;0.7199
0.1374;0.0988;0.719
0.1377;0.0986;0.7164
0.1379;0.0992;0.7196
0.138;0.0988;0.7159
0.1383;0.0988;0.7146
0.1385;0.0998;0.7207
0.1387;0.0998;0.7192
0.139;0.1;0.7195
0.1393;0.1004;0.7204
0.1394;0.1001;0.718
0.1396;0.1006;0.7209
0.1397;0.1008;0.7214
0.1399;0.1007;0.7196
0.1401;0.1007;0.7187
0.1402;0.1011;0.721
0.1408;0.1015;0.7211
0.141;0.1012;0.7174
0.1413;0.1019;0.7209
0.1416;0.1025;0.7236
0.1419;0.1018;0.7177
0.1421;0.1021;0.7186
0.1429;0.1026;0.7177
0.143;0.1035;0.7235
0.1435;0.1046;0.7287
0.1439;0.1046;0.7266
0.1444;0.1041;0.7207
0.1446;0.1044;0.722
0.1449;0.1047;0.7224
0.1452;0.1053;0.7249
0.1455;0.1056;0.7255
0.1457;0.1057;0.7253
0.146;0.1054;0.7219
0.1464;0.1054;0.7201
0.1466;0.1065;0.7263
0.1467;0.1058;0.7215
0.1472;0.1069;0.7262
0.1474;0.1067;0.7242
0.1481;0.1071;0.7232
0.1486;0.1081;0.7274
0.1488;0.1076;0.7231
0.1489;0.1091;0.7329
0.1494;0.108;0.7227
0.1495;0.1087;0.7272
0.1497;0.1086;0.7256
0.15;0.1084;0.7224
0.1503;0.1091;0.7258
0.1509;0.1102;0.7303
0.1511;0.1095;0.7246
0.1513;0.1103;0.7287
0.1517;0.111;0.732
0.1523;0.1109;0.728
0.1525;0.1118;0.7333
0.1528;0.1107;0.7242
0.1534;0.1119;0.7297
0.1537;0.1121;0.7292
0.1542;0.1131;0.7336
0.1545;0.1128;0.7298
0.1547;0.1135;0.7338
0.1548;0.1132;0.7314
0.155;0.1132;0.7302
0.1551;0.1128;0.7271
0.1555;0.113;0.7264
0.1556;0.1133;0.7283
0.1562;0.1147;0.7341
0.1564;0.1143;0.7305
0.1567;0.1143;0.7294
0.1569;0.1146;0.7301
0.157;0.1155;0.7356
0.1572;0.1154;0.7341
0.1575;0.1152;0.7313
0.1576;0.1153;0.7317
0.1587;0.1161;0.7315
0.1592;0.1166;0.7327
0.1593;0.1163;0.7302
0.1595;0.1171;0.7341
0.1597;0.1175;0.7358
0.16;0.117;0.7315
0.1606;0.1177;0.7326
0.1609;0.1181;0.7339
0.1611;0.1181;0.7332
0.1612;0.118;0.7321
0.1614;0.1187;0.7353
0.1615;0.1194;0.7395
0.1617;0.1199;0.7417
0.1618;0.1194;0.7382
0.162;0.1189;0.7339
0.1625;0.1197;0.7369
0.1626;0.1197;0.7363
0.1628;0.1199;0.7365
0.1632;0.1204;0.7376
0.1634;0.121;0.7403
0.1637;0.1203;0.7346
0.1639;0.1206;0.7357
0.164;0.121;0.7381
0.1646;0.1216;0.7389
0.1648;0.1213;0.7361
0.1654;0.1226;0.7411
0.1656;0.1224;0.7391
0.1657;0.1231;0.7428
0.1659;0.1226;0.7387
0.1662;0.1232;0.7415
0.1667;0.1243;0.7454
0.1668;0.1249;0.7489
0.1671;0.1248;0.7471
0.1673;0.1248;0.7461
0.1677;0.1248;0.7442
0.1695;0.1255;0.7402
0.1696;0.1272;0.7502
0.1701;0.1256;0.7381
0.1702;0.1274;0.7483
0.1705;0.1277;0.7492
0.1707;0.1282;0.751
0.1712;0.1279;0.7471
0.1713;0.127;0.7415
0.1715;0.1281;0.7472
0.1718;0.1287;0.7492
0.1723;0.1283;0.7444
0.1726;0.1286;0.7449
0.1727;0.1286;0.7449
0.173;0.1289;0.7451
0.1732;0.1284;0.7411
0.1733;0.1287;0.7429
0.1735;0.1299;0.7488
0.1737;0.13;0.7485
0.1741;0.1296;0.7443
0.1743;0.1298;0.7449
0.1744;0.1299;0.7448
0.1747;0.1308;0.7489
0.1749;0.1315;0.752
0.1754;0.1302;0.7424
0.1757;0.1312;0.7468
0.1758;0.1323;0.7525
0.176;0.1325;0.753
0.1763;0.1317;0.7473
0.1765;0.1329;0.7532
0.1772;0.1332;0.7518
0.1777;0.1326;0.746
0.1779;0.1335;0.7505
0.178;0.1331;0.748
0.1786;0.1341;0.751
0.1788;0.1347;0.7536
0.1791;0.1355;0.7565
0.1793;0.1363;0.76
0.1794;0.1347;0.7508
0.1797;0.1363;0.7583
0.18;0.1358;0.7542
0.1807;0.1377;0.7618
0.181;0.1367;0.7551
0.1814;0.1359;0.7494
0.1816;0.1359;0.7483
0.1819;0.137;0.7532
0.1821;0.1368;0.7513
0.1822;0.1383;0.7593
0.1827;0.138;0.7556
0.183;0.1371;0.7493
0.1831;0.1382;0.7549
0.1833;0.1384;0.7552
0.1838;0.1386;0.7542
0.1841;0.1385;0.7522
0.1842;0.1388;0.7536
0.1844;0.1401;0.7595
0.1847;0.14;0.758
0.185;0.1396;0.7545
0.1852;0.1411;0.7619
0.1853;0.1407;0.7593
0.1866;0.1414;0.7579
0.1867;0.1405;0.7526
0.1869;0.1407;0.7527
0.187;0.1415;0.7569
0.1873;0.1421;0.7588
0.1875;0.1414;0.7539
0.1878;0.1429;0.7608
0.1883;0.1421;0.7548
0.1884;0.1437;0.7628
0.1886;0.1437;0.762
0.1891;0.1446;0.7649
0.1894;0.1436;0.758
0.1895;0.1458;0.7694
0.1898;0.1433;0.7549
0.1901;0.1446;0.7608
0.1908;0.1452;0.7609
0.1909;0.1453;0.7609
0.1911;0.1456;0.7619
0.1914;0.1456;0.7608
0.1917;0.146;0.7616
0.192;0.1463;0.7621
0.1923;0.147;0.7646
0.1928;0.1472;0.7634
0.1933;0.1473;0.7619
0.1934;0.1483;0.7668
0.1936;0.1472;0.7603
0.1937;0.1489;0.7687
0.1939;0.1485;0.7658
0.194;0.1471;0.7583
0.1942;0.1474;0.7591
0.1943;0.1482;0.7628
0.1945;0.1484;0.7631
0.1947;0.1492;0.7665
0.1951;0.1495;0.7665
0.1953;0.1516;0.7764
0.1957;0.1489;0.7608
0.1959;0.1507;0.7691
0.1962;0.1498;0.7634
0.1964;0.1495;0.7613
0.1968;0.1512;0.7681
0.197;0.1526;0.7746
0.1975;0.1503;0.7611
0.1976;0.1505;0.7617
0.1978;0.1531;0.7742
0.1979;0.1535;0.7754
0.1981;0.1518;0.7662
0.1984;0.1527;0.7695
0.1985;0.1546;0.7788
0.1993;0.1527;0.7663
0.1995;0.1527;0.7654
0.2001;0.1533;0.7661
0.2004;0.1532;0.7644
0.2006;0.1569;0.7823
0.2007;0.154;0.7672
0.201;0.1547;0.7696
0.2012;0.155;0.7704
0.2017;0.1568;0.7774
0.2018;0.1566;0.776
0.2021;0.1548;0.7661
0.2024;0.1552;0.7668
0.2027;0.157;0.7745
0.2031;0.1568;0.7719
0.2032;0.1562;0.7689
0.204;0.1581;0.7748
0.2045;0.1583;0.7741
0.2046;0.1578;0.7712
0.2049;0.1593;0.7775
0.2069;0.1617;0.7813
0.2071;0.1604;0.7746
0.2074;0.1606;0.7742
0.2076;0.1604;0.7726
0.2082;0.1607;0.7719
0.2085;0.1618;0.7758
0.2087;0.1621;0.7769
0.2088;0.1626;0.7789
0.209;0.1622;0.7759
0.2096;0.1646;0.7854
0.2102;0.163;0.7755
0.2107;0.1632;0.7745
0.2108;0.1663;0.7888
0.211;0.165;0.782
0.2111;0.1647;0.7802
0.2115;0.1656;0.7832
0.2116;0.1649;0.7793
0.2119;0.1652;0.7798
0.2122;0.1662;0.7834
0.2124;0.1643;0.7735
0.2129;0.1665;0.7821
0.2132;0.1669;0.783
0.2133;0.1678;0.7868
0.2144;0.1683;0.785
0.2146;0.1691;0.7882
0.2149;0.1688;0.7854
0.2153;0.1675;0.778
0.2158;0.1696;0.7861
0.216;0.1691;0.7828
0.2163;0.1708;0.7895
0.2167;0.1697;0.783
0.2171;0.1694;0.7801
0.2172;0.1706;0.7856
0.2174;0.1699;0.7816
0.2178;0.1719;0.7893
0.2186;0.172;0.7869
0.2191;0.1735;0.7917
0.2195;0.1749;0.7966
0.2197;0.1728;0.7863
0.2203;0.1731;0.7856
0.2206;0.1764;0.7997
0.2209;0.174;0.7878
0.2213;0.1741;0.7866
0.2216;0.1747;0.7883
0.2219;0.1741;0.7844
0.222;0.1756;0.7911
0.2227;0.1758;0.7893
0.223;0.1772;0.7947
0.2231;0.1757;0.7875
0.2233;0.1755;0.786
0.2234;0.1776;0.7951
0.2241;0.1779;0.7938
0.2242;0.178;0.7938
0.2247;0.1776;0.7903
0.2248;0.1785;0.794
0.225;0.1787;0.7944
0.2251;0.1791;0.7958
0.2255;0.179;0.7939
0.2256;0.1774;0.7862
0.2258;0.1802;0.7982
0.2261;0.1817;0.8037
0.2262;0.1799;0.7951
0.2269;0.1804;0.7949
0.2275;0.18;0.7913
0.2283;0.1826;0.7997
0.2284;0.1805;0.7901
0.2286;0.1808;0.7908
0.2287;0.1831;0.8008
0.2289;0.1812;0.7914
0.229;0.1811;0.791
0.2292;0.1825;0.7963
0.2293;0.1815;0.7917
0.2295;0.1836;0.7998
0.2301;0.1825;0.7933
0.2309;0.1865;0.8075
0.2311;0.1849;0.8001
0.2314;0.1857;0.8026
0.2315;0.1854;0.801
0.2317;0.1835;0.7918
0.2318;0.186;0.8026
0.232;0.1853;0.7989
0.2321;0.1843;0.7939
0.2331;0.1868;0.8013
0.2332;0.1864;0.7993
0.2337;0.1896;0.8113
0.2339;0.1875;0.8016
0.2342;0.1883;0.8042
0.2343;0.1887;0.8055
0.2351;0.1875;0.7976
0.2353;0.1875;0.797
0.236;0.1882;0.7975
0.2362;0.1908;0.8078
0.2365;0.1886;0.7976
0.2367;0.1885;0.7962
0.2368;0.1898;0.8016
0.237;0.1914;0.8078
0.2373;0.19;0.8006
0.2376;0.1895;0.7974
0.2382;0.1907;0.8006
0.2384;0.1916;0.8038
0.2388;0.1924;0.8056
0.2391;0.1924;0.8048
0.2398;0.1943;0.8101
0.2401;0.1941;0.8085
0.2402;0.1921;0.7998
0.2405;0.193;0.8024
0.2407;0.1935;0.8037
0.2412;0.1958;0.8117
0.2419;0.1935;0.7999
0.2421;0.1955;0.8074
0.2423;0.1963;0.8102
0.2424;0.1957;0.8073
0.2426;0.1951;0.8043
0.2429;0.1947;0.8017
0.243;0.1964;0.8081
0.2432;0.1951;0.8022
0.2435;0.1962;0.8058
0.2447;0.1986;0.8115
0.2452;0.1989;0.8111
0.2455;0.1968;0.8017
0.2457;0.198;0.8058
0.246;0.1993;0.8103
0.2468;0.2;0.8104
0.2472;0.1988;0.8042
0.2482;0.201;0.8097
0.2485;0.2028;0.8161
0.2486;0.2006;0.8068
0.2488;0.2027;0.8147
0.2489;0.2015;0.8096
0.2491;0.2036;0.8175
0.2494;0.203;0.8139
0.2497;0.202;0.8088
0.2499;0.2032;0.813
0.25;0.2022;0.8087
0.2507;0.2037;0.8126
0.2513;0.2037;0.8106
0.2517;0.2051;0.8149
0.2525;0.2057;0.8147
0.253;0.2046;0.8087
0.2533;0.2082;0.8221
0.2538;0.2074;0.817
0.2541;0.2078;0.8179
0.2544;0.208;0.8177
0.2545;0.2062;0.8103
0.2547;0.2106;0.827
0.2549;0.2097;0.8225
0.255;0.209;0.8196
0.2553;0.2066;0.8094
0.2555;0.2098;0.8212
0.2558;0.2102;0.8216
0.2561;0.2098;0.8192
0.2562;0.2101;0.8202
0.2566;0.2098;0.8176
0.2567;0.2108;0.8213
0.2573;0.2119;0.8234
0.2575;0.2103;0.8167
0.2578;0.2101;0.8148
0.258;0.2108;0.8172
0.2584;0.2117;0.8194
0.2587;0.2121;0.8198
0.2592;0.2135;0.8236
0.2594;0.213;0.8213
0.2595;0.2157;0.8313
0.2597;0.2116;0.8148
0.26;0.2127;0.8181
0.2603;0.2148;0.8252
0.2604;0.215;0.8256
0.2606;0.214;0.8213
0.2609;0.2138;0.8194
0.2615;0.2171;0.8304
0.2617;0.2137;0.8164
0.2618;0.2135;0.8154
0.2629;0.2181;0.8297
0.2631;0.2189;0.8319
0.2639;0.219;0.83
0.264;0.2173;0.8232
0.2645;0.2211;0.8358
0.265;0.2199;0.8297
0.2653;0.2177;0.8205
0.2659;0.2184;0.8212
0.266;0.2185;0.8214
0.2665;0.222;0.8331
0.2667;0.2194;0.8227
0.267;0.2197;0.8228
0.2674;0.2208;0.8258
0.2678;0.2202;0.8223
0.2681;0.2216;0.8265
0.2682;0.2217;0.8268
0.2685;0.2204;0.821
0.2695;0.2216;0.8222
0.2698;0.2236;0.8286
0.2699;0.224;0.83
0.2707;0.2233;0.8248
0.271;0.2246;0.8288
0.2713;0.2252;0.83
0.2716;0.2254;0.8298
0.2718;0.2274;0.8365
0.2724;0.2275;0.8351
0.2726;0.226;0.8292
0.2727;0.2252;0.8258
0.273;0.2274;0.833
0.2734;0.2251;0.8235
0.2737;0.228;0.833
0.2738;0.2261;0.8259
0.274;0.2256;0.8234
0.2746;0.2281;0.8307
0.2749;0.2268;0.8249
0.2754;0.2278;0.8271
0.2757;0.2311;0.8382
0.2763;0.2283;0.8262
0.2765;0.2317;0.838
0.2768;0.2298;0.8301
0.2769;0.2298;0.83
0.2774;0.2298;0.8284
0.2777;0.2322;0.8363
0.2779;0.2332;0.839
0.2782;0.2338;0.8403
0.2785;0.2308;0.8289
0.2786;0.2322;0.8336
0.2788;0.2344;0.8408
0.2791;0.2308;0.8269
0.2796;0.2336;0.8355
0.2797;0.2322;0.83
0.2799;0.2349;0.8393
0.2802;0.2347;0.8376
0.2805;0.2356;0.84
0.2807;0.2344;0.8352
0.2808;0.2347;0.836
0.2811;0.2353;0.8372
0.2814;0.2349;0.8349
0.2818;0.234;0.8304
0.2819;0.237;0.8409
0.2821;0.2358;0.8359
0.2822;0.2372;0.8404
0.2824;0.2363;0.8367
0.2828;0.2389;0.8449
0.283;0.2359;0.8335
0.2833;0.2365;0.8349
0.2835;0.2381;0.84
0.2836;0.2399;0.8459
0.2839;0.2369;0.8343
0.2841;0.236;0.8308
0.2842;0.2391;0.8414
0.2846;0.2401;0.8438
0.2849;0.2393;0.84
0.2852;0.2381;0.8348
0.2853;0.2371;0.831
0.2858;0.2376;0.8314
0.286;0.2392;0.8362
0.2861;0.2386;0.8341
0.287;0.239;0.8328
0.2872;0.241;0.8391
0.2874;0.2415;0.8404
0.2877;0.2401;0.8347
0.2881;0.2432;0.8441
0.2883;0.2421;0.8397
0.2884;0.2415;0.8374
0.2886;0.2429;0.8418
0.2894;0.2427;0.8388
0.2898;0.2435;0.8403
0.29;0.2465;0.8501
0.2903;0.243;0.837
0.2905;0.2425;0.8349
0.2908;0.2456;0.8444
0.2909;0.2439;0.8383
0.2911;0.245;0.8418
0.2912;0.2434;0.836
0.2914;0.2461;0.8444
0.2917;0.2455;0.8416
0.292;0.2447;0.8381
0.2922;0.2455;0.8401
0.2923;0.248;0.8483
0.2928;0.2447;0.8356
0.2931;0.2457;0.8384
0.2933;0.2453;0.8363
0.2934;0.2487;0.8478
0.2937;0.2457;0.8365
0.2939;0.2481;0.844
0.2947;0.2483;0.8426
0.2951;0.2491;0.8442
0.2953;0.25;0.8465
0.2954;0.2501;0.8468
0.2956;0.2488;0.8418
0.2958;0.2506;0.8472
0.2964;0.2517;0.8493
0.2967;0.2497;0.8415
0.2972;0.2519;0.8475
0.2973;0.2522;0.8484
0.2982;0.2523;0.846
0.2984;0.2536;0.85
0.2986;0.2522;0.8445
0.2987;0.254;0.8505
0.2992;0.2518;0.8415
0.2995;0.255;0.8514
0.2998;0.2549;0.8503
0.3003;0.2544;0.8473
0.3004;0.2535;0.844
0.3009;0.2531;0.8411
0.3012;0.2555;0.8483
0.3014;0.2536;0.8415
0.3015;0.2547;0.8448
0.302;0.2574;0.8524
0.3028;0.2546;0.8409
0.3032;0.2601;0.8577
0.3034;0.2555;0.8422
0.3035;0.2564;0.8448
0.3037;0.2588;0.8523
0.3038;0.2568;0.8453
0.3042;0.2596;0.8534
0.3045;0.2585;0.8489
0.3046;0.2591;0.8506
0.3048;0.2573;0.8443
0.3049;0.2612;0.8566
0.3051;0.2588;0.8484
0.3052;0.2599;0.8517
0.3054;0.26;0.8512
0.3057;0.2588;0.8466
0.3059;0.2597;0.8489
0.3063;0.2605;0.8504
0.3065;0.2603;0.8492
0.3066;0.262;0.8546
0.3071;0.2601;0.8468
0.3076;0.2604;0.8466
0.3079;0.26;0.8445
0.3082;0.2605;0.8452
0.3084;0.2631;0.853
0.3085;0.2639;0.8553
0.3088;0.2633;0.8526
0.3091;0.2628;0.8503
0.3094;0.2617;0.8457
0.3101;0.2624;0.8463
0.3102;0.2635;0.8496
0.3104;0.2626;0.8459
0.3105;0.263;0.847
0.3107;0.2652;0.8535
0.3108;0.2654;0.8538
0.3112;0.2662;0.8553
0.3115;0.2657;0.853
0.3116;0.2662;0.8544
0.3119;0.2666;0.8549
0.3121;0.2645;0.8476
0.3126;0.2684;0.8586
0.3132;0.2654;0.8474
0.3133;0.2656;0.8478
0.3135;0.2664;0.8499
0.3138;0.2685;0.8556
0.314;0.2682;0.854
0.3144;0.2676;0.8511
0.3146;0.2684;0.8532
0.3147;0.2684;0.853
0.3149;0.2678;0.8503
0.3152;0.2685;0.8519
0.3157;0.2706;0.8572
0.3158;0.269;0.8517
0.3163;0.2686;0.8491
0.3164;0.2706;0.8553
0.3166;0.2685;0.8481
0.3169;0.2698;0.8513
0.3171;0.2713;0.8556
0.3174;0.2707;0.8529
0.3175;0.2707;0.8525
0.3178;0.2722;0.8565
0.3185;0.2712;0.8516
0.3188;0.2718;0.8525
0.3189;0.2714;0.8511
0.3191;0.2715;0.8508
0.3192;0.275;0.8616
0.3196;0.2751;0.8609
0.32;0.2723;0.8508
0.3203;0.2739;0.8551
0.3205;0.2746;0.8569
0.3208;0.2756;0.8591
0.3211;0.2752;0.857
0.3213;0.2745;0.8544
0.3217;0.2746;0.8537
0.322;0.2754;0.8554
0.3224;0.2748;0.8524
0.3227;0.275;0.8523
0.3228;0.2768;0.8576
0.323;0.2754;0.8525
0.3234;0.276;0.8535
0.3236;0.2752;0.8503
0.3238;0.2783;0.8595
0.3241;0.2779;0.8576
0.3252;0.2786;0.8567
0.3253;0.2785;0.8561
0.3255;0.2795;0.8586
0.3256;0.278;0.8538
0.3269;0.2791;0.8538
0.3273;0.2816;0.8603
0.3276;0.2816;0.8595
0.328;0.2805;0.8553
0.3281;0.2814;0.8576
0.3286;0.282;0.8582
0.3287;0.2817;0.8569
0.3289;0.283;0.8604
0.3292;0.282;0.8567
0.3295;0.2819;0.8555
0.3297;0.282;0.8553
0.3301;0.2837;0.8595
0.3308;0.2836;0.8573
0.3309;0.2838;0.8578
0.3311;0.2846;0.8595
0.3314;0.2837;0.8561
0.3315;0.284;0.8568
0.3318;0.285;0.8591
0.3322;0.2847;0.8571
0.3323;0.2834;0.8529
0.3325;0.2851;0.8574
0.3331;0.2852;0.8561
0.3332;0.2879;0.864
0.3334;0.2469;0.7405
0.3339;0.2467;0.7388
0.3341;0.2494;0.7464
0.3343;0.2485;0.7432
0.3345;0.2467;0.7374
0.335;0.2486;0.7422
0.3352;0.2494;0.744
0.3359;0.2484;0.7394
0.3363;0.2497;0.7426
0.3365;0.2479;0.7366
0.3368;0.2502;0.743
0.3372;0.2499;0.7412
0.3374;0.2509;0.7437
0.3383;0.2512;0.7426
0.339;0.2526;0.7452
0.3397;0.2515;0.7404
0.3401;0.2513;0.7389
0.3403;0.2534;0.7445
0.3408;0.2556;0.75
0.3412;0.2539;0.744
0.3417;0.2563;0.7501
0.3421;0.2529;0.7393
0.3432;0.2539;0.7398
0.3436;0.2559;0.7447
0.3441;0.2581;0.7502
0.3443;0.256;0.7435
0.345;0.2551;0.7395
0.3454;0.2577;0.746
0.3456;0.258;0.7465
0.3459;0.2558;0.7396
0.3463;0.2613;0.7545
0.3465;0.2582;0.7452
0.3468;0.2581;0.7443
0.3476;0.2583;0.743
0.3485;0.258;0.7402
0.349;0.2601;0.7454
0.3494;0.2592;0.7418
0.3499;0.2618;0.7483
0.3503;0.2625;0.7495
0.3505;0.2604;0.743
0.351;0.261;0.7436
0.3512;0.2603;0.7413
0.3521;0.2638;0.7491
0.3523;0.2613;0.7416
0.3525;0.2616;0.7421
0.3528;0.2639;0.748
0.353;0.2668;0.7557
0.3534;0.2631;0.7445
0.3545;0.2656;0.7493
0.355;0.2641;0.744
0.3554;0.2646;0.7446
0.3563;0.2678;0.7515
0.3565;0.266;0.7462
0.3572;0.2657;0.7439
0.3574;0.2708;0.7576
0.3576;0.2673;0.7474
0.3581;0.2671;0.7458
0.3583;0.2694;0.7518
0.3587;0.2691;0.7501
0.359;0.2704;0.7533
0.3594;0.2697;0.7505
0.3601;0.2687;0.7462
0.3603;0.2693;0.7473
0.3605;0.2706;0.7505
0.3607;0.2697;0.7476
0.361;0.2732;0.7568
0.3614;0.2701;0.7473
0.3616;0.2716;0.7512
0.3619;0.2728;0.7537
0.3625;0.2733;0.754
0.3627;0.2712;0.7478
0.3632;0.2727;0.7508
0.3639;0.2746;0.7547
0.3643;0.2729;0.7491
0.3654;0.2747;0.7518
0.3656;0.2786;0.7619
0.3658;0.2769;0.757
0.3663;0.2748;0.7501
0.3665;0.2782;0.759
0.3667;0.2759;0.7525
0.367;0.2768;0.7542
0.3674;0.2749;0.7483
0.3678;0.2764;0.7514
0.3681;0.2763;0.7505
0.3683;0.2771;0.7524
0.3685;0.2767;0.7508
0.3687;0.2785;0.7553
0.369;0.2815;0.7628
0.3696;0.2766;0.7484
0.3698;0.279;0.7544
0.3701;0.2794;0.7549
0.3705;0.2778;0.7499
0.3707;0.2801;0.7556
0.371;0.2792;0.7526
0.3714;0.2797;0.7531
0.3718;0.2824;0.7595
0.3721;0.2812;0.7558
0.3727;0.2828;0.7588
0.373;0.2836;0.7602
0.3732;0.2823;0.7565
0.3736;0.2823;0.7555
0.3741;0.2857;0.7637
0.3743;0.2839;0.7584
0.375;0.2846;0.7588
0.3758;0.2837;0.7548
0.3761;0.2847;0.757
0.3763;0.2844;0.7557
0.3769;0.2845;0.7548
0.3774;0.2863;0.7587
0.3781;0.285;0.7539
0.3783;0.2859;0.7558
0.3787;0.2871;0.7582
0.3792;0.2861;0.7544
0.3794;0.2867;0.7556
0.3803;0.288;0.7573
0.3805;0.2909;0.7644
0.3809;0.2918;0.766
0.3818;0.2897;0.7588
0.3825;0.2905;0.7595
0.3827;0.2913;0.7613
0.3838;0.29;0.7557
0.3841;0.2916;0.7592
0.3843;0.2908;0.7567
0.3845;0.2919;0.7592
0.3847;0.2904;0.755
0.3849;0.2927;0.7605
0.3852;0.2955;0.7671
0.3863;0.2961;0.7666
0.3865;0.2947;0.7626
0.3872;0.2964;0.7656
0.3874;0.2959;0.7637
0.3885;0.2984;0.7681
0.3887;0.2953;0.7596
0.3894;0.2989;0.7676
0.3896;0.3006;0.7716
0.3898;0.2994;0.768
0.3903;0.2959;0.7581
0.3905;0.2969;0.7603
0.3907;0.2982;0.7632
0.3909;0.2989;0.7647
0.3912;0.3005;0.7682
0.3914;0.2978;0.7608
0.3916;0.2978;0.7604
0.3918;0.2998;0.7652
0.392;0.2981;0.7605
0.3925;0.3024;0.7704
0.3927;0.2986;0.7603
0.3943;0.3024;0.767
0.3945;0.3014;0.7639
0.3952;0.3014;0.7626
0.396;0.3044;0.7687
0.3965;0.3053;0.7699
0.3974;0.3044;0.7661
0.3976;0.3066;0.7711
0.3989;0.3075;0.7709
0.3991;0.3101;0.7769
0.3996;0.3055;0.7646
0.4003;0.3053;0.7627
0.4005;0.3059;0.7639
0.4007;0.3058;0.7632
0.4014;0.3061;0.7627
0.4016;0.3067;0.7638
0.4029;0.31;0.7693
0.4034;0.3096;0.7675
0.4036;0.3104;0.7692
0.4038;0.313;0.7752
0.404;0.3104;0.7684
0.4043;0.3118;0.7711
0.4049;0.3095;0.7644
0.4056;0.3129;0.7714
0.4063;0.3145;0.774
0.4069;0.3138;0.7713
0.4071;0.3183;0.7819
0.4074;0.3126;0.7672
0.4076;0.3148;0.7724
0.4083;0.3143;0.7698
0.4087;0.3144;0.7692
0.4096;0.3146;0.7681
0.4102;0.3169;0.7725
0.4107;0.3181;0.7746
0.4109;0.3153;0.7674
0.4111;0.3182;0.7739
0.4114;0.3168;0.77
0.4118;0.319;0.7746
0.4125;0.3181;0.7711
0.4127;0.3189;0.7728
0.4131;0.3215;0.7783
0.4136;0.3173;0.7671
0.4142;0.3206;0.7741
0.4147;0.3205;0.7728
0.4149;0.319;0.7689
0.4151;0.3213;0.7741
0.4158;0.3242;0.7796
0.416;0.3232;0.777
0.4165;0.3207;0.77
0.4167;0.3217;0.7721
0.4169;0.3211;0.7703
0.4174;0.3227;0.7732
0.4187;0.3262;0.779
0.4189;0.3236;0.7724
0.4202;0.3271;0.7785
0.4218;0.3281;0.7778
0.4222;0.3261;0.7723
0.4225;0.3275;0.7751
0.4233;0.3275;0.7736
0.4242;0.3282;0.7738
0.4249;0.3297;0.776
0.4256;0.3298;0.775
0.4265;0.3325;0.7796
0.4298;0.3371;0.7844
0.43;0.3335;0.7756
0.4302;0.334;0.7763
0.4305;0.3358;0.78
0.4309;0.3354;0.7784
0.4313;0.3354;0.7776
0.4318;0.3397;0.7867
0.4324;0.3387;0.7834
0.4329;0.3381;0.7811
0.4331;0.342;0.7896
0.4344;0.3392;0.7808
0.4356;0.3378;0.7754
0.436;0.3419;0.7842
0.4371;0.3427;0.7841
0.4378;0.3411;0.7791
0.4382;0.3433;0.7835
0.4384;0.3448;0.7866
0.4393;0.3458;0.7872
0.44;0.3462;0.7868
0.4402;0.3463;0.7867
0.4404;0.3451;0.7835
0.4407;0.3472;0.7879
0.4409;0.3439;0.7801
0.442;0.3469;0.7849
0.4424;0.3469;0.7842
0.4429;0.347;0.7835
0.4435;0.3453;0.7785
0.4444;0.3496;0.7867
0.4447;0.3487;0.7842
0.4451;0.3468;0.7792
0.4453;0.352;0.7904
0.4455;0.3477;0.7805
0.4464;0.3519;0.7882
0.4467;0.3503;0.7841
0.4471;0.3521;0.7876
0.4478;0.3532;0.7887
0.4482;0.3547;0.7914
0.4484;0.3545;0.7906
0.4487;0.3541;0.7891
0.4489;0.3513;0.7825
0.4495;0.3525;0.7842
0.45;0.3557;0.7904
0.4504;0.3573;0.7932
0.4513;0.3565;0.7899
0.4515;0.3558;0.788
0.4518;0.3608;0.7986
0.4522;0.3592;0.7944
0.4524;0.3564;0.7878
0.4527;0.3551;0.7845
0.4529;0.3611;0.7973
0.4531;0.3562;0.7862
0.4535;0.3593;0.7923
0.454;0.3606;0.7942
0.4546;0.3595;0.7907
0.4551;0.3598;0.7907
0.4564;0.365;0.7998
0.4569;0.3616;0.7914
0.4571;0.3599;0.7874
0.4573;0.3636;0.7952
0.4578;0.3628;0.7924
0.458;0.3629;0.7924
0.4582;0.3619;0.7899
0.4584;0.3603;0.7861
0.4586;0.3682;0.8029
0.4591;0.3688;0.8034
0.4598;0.3644;0.7925
0.4602;0.3636;0.79
0.4604;0.3662;0.7955
0.4606;0.364;0.7902
0.4611;0.3658;0.7934
0.4613;0.3669;0.7953
0.4622;0.3659;0.7917
0.4624;0.3692;0.7984
0.4626;0.3659;0.7909
0.4629;0.3684;0.7959
0.4631;0.3677;0.7939
0.4633;0.3679;0.7941
0.4635;0.3687;0.7955
0.4638;0.3679;0.7932
0.4642;0.366;0.7885
0.4644;0.3666;0.7894
0.4649;0.3656;0.7863
0.4651;0.3684;0.7921
0.4653;0.3674;0.7896
0.4662;0.3669;0.7871
0.4673;0.3694;0.7905
0.4675;0.3704;0.7924
0.4677;0.372;0.7954
0.468;0.373;0.7971
0.4682;0.371;0.7923
0.4686;0.3713;0.7923
0.4695;0.3765;0.8019
0.4702;0.3713;0.7896
0.4717;0.3765;0.7981
0.472;0.3759;0.7963
0.4724;0.3764;0.7967
0.4726;0.378;0.7999
0.4731;0.3845;0.8128
0.4733;0.3761;0.7947
0.4735;0.3789;0.8003
0.474;0.3777;0.7968
0.4742;0.377;0.7951
0.4744;0.377;0.7946
0.4753;0.3777;0.7947
0.4755;0.3771;0.7931
0.476;0.3794;0.797
0.4762;0.3817;0.8016
0.4764;0.3806;0.7989
0.4768;0.3832;0.8037
0.4775;0.385;0.8063
0.4786;0.3795;0.7929
0.4788;0.3812;0.7962
0.4791;0.3831;0.7996
0.48;0.384;0.8
0.4802;0.3856;0.8031
0.4811;0.3871;0.8047
0.4813;0.3895;0.8093
0.4817;0.3858;0.801
0.482;0.3886;0.8062
0.4831;0.3878;0.8027
0.4837;0.3889;0.804
0.4842;0.3861;0.7973
0.4844;0.3847;0.7942
0.4846;0.3862;0.797
0.4848;0.387;0.7982
0.4853;0.3867;0.7969
0.486;0.3954;0.8135
0.4862;0.3928;0.8079
0.4864;0.3894;0.8006
0.4866;0.3899;0.8012
0.4871;0.3898;0.8002
0.4875;0.3899;0.7997
0.4882;0.3903;0.7995
0.4886;0.3985;0.8155
0.4897;0.3946;0.8058
0.4899;0.3965;0.8094
0.4906;0.3981;0.8114
0.4908;0.3939;0.8026
0.4913;0.3966;0.8073
0.4922;0.3942;0.8009
0.4924;0.3939;0.8
0.4926;0.3964;0.8047
0.4931;0.3964;0.8038
0.4933;0.3944;0.7995
0.4939;0.3964;0.8026
0.4942;0.3979;0.8051
0.4948;0.4001;0.8087
0.4951;0.3973;0.8024
0.4957;0.3987;0.8043
0.4959;0.4022;0.811
0.4962;0.4008;0.8077
0.4968;0.4028;0.8107
0.4973;0.4037;0.8118
0.4975;0.3991;0.8023
0.4979;0.3982;0.7997
0.4984;0.3991;0.8008
0.4988;0.4019;0.8058
0.499;0.4043;0.8103
0.4997;0.402;0.8045
0.5004;0.403;0.8054
0.5006;0.4037;0.8064
0.5013;0.4043;0.8065
0.5015;0.4097;0.817
0.5017;0.4062;0.8096
0.5019;0.4082;0.8134
0.5022;0.4051;0.8066
0.5024;0.4074;0.8109
0.5028;0.4065;0.8084
0.5035;0.4081;0.8105
0.5037;0.4088;0.8116
0.5044;0.4084;0.8096
0.5046;0.4062;0.8049
0.5048;0.4054;0.8031
0.505;0.4053;0.8025
0.5053;0.4099;0.8113
0.5055;0.4064;0.8039
0.5059;0.4096;0.8096
0.5066;0.4116;0.8125
0.5073;0.4089;0.806
0.5075;0.4158;0.8193
0.5084;0.411;0.8085
0.5086;0.4147;0.8154
0.5097;0.41;0.8043
0.5099;0.4112;0.8064
0.5101;0.411;0.8058
0.5104;0.4108;0.8048
0.5113;0.4185;0.8185
0.5117;0.4145;0.81
0.5124;0.4149;0.8097
0.5126;0.4173;0.8141
0.513;0.4176;0.8141
0.5133;0.4153;0.809
0.5139;0.4179;0.8131
0.5141;0.4165;0.8101
0.5144;0.4189;0.8144
0.5146;0.4212;0.8185
0.5148;0.4165;0.809
0.5153;0.4188;0.8128
0.5155;0.4198;0.8143
0.5159;0.4207;0.8155
0.5161;0.4223;0.8183
0.5164;0.4164;0.8064
0.5168;0.4195;0.8117
0.5175;0.4221;0.8156
0.5177;0.4188;0.8089
0.5179;0.422;0.8149
0.5181;0.4211;0.8128
0.5184;0.4224;0.8149
0.5188;0.4196;0.8088
0.519;0.4223;0.8137
0.5195;0.4262;0.8204
0.5197;0.4249;0.8175
0.5201;0.424;0.8152
0.5208;0.4213;0.809
0.5212;0.4272;0.8197
0.5219;0.4286;0.8213
0.5221;0.427;0.8178
0.523;0.4299;0.8219
0.5232;0.4243;0.8109
0.5239;0.429;0.8188
0.5248;0.4295;0.8184
0.525;0.4283;0.8159
0.5255;0.4335;0.8249
0.5257;0.4283;0.8147
0.5261;0.4303;0.8179
0.5264;0.4295;0.816
0.5268;0.4308;0.8177
0.527;0.4301;0.8161
0.5277;0.4314;0.8175
0.5281;0.4288;0.812
0.5286;0.431;0.8154
0.5299;0.4303;0.8121
0.5304;0.4343;0.8188
0.5306;0.4315;0.8132
0.5312;0.4364;0.8215
0.5317;0.435;0.8182
0.5321;0.4365;0.8203
0.5328;0.434;0.8146
0.533;0.4335;0.8134
0.5332;0.433;0.812
0.535;0.4397;0.8219
0.5357;0.4394;0.8203
0.5361;0.4389;0.8186
0.5363;0.4413;0.8228
0.537;0.4431;0.8252
0.5375;0.4405;0.8196
0.5379;0.4435;0.8245
0.5395;0.4397;0.815
0.5397;0.4437;0.8221
0.5401;0.4439;0.8218
0.5406;0.4472;0.8272
0.5408;0.4455;0.8237
0.541;0.4442;0.821
0.5412;0.4484;0.8285
0.5423;0.4453;0.8212
0.5426;0.447;0.8238
0.5439;0.4474;0.8225
0.5441;0.4489;0.8251
0.5443;0.4508;0.8282
0.5446;0.4461;0.8191
0.5448;0.449;0.8241
0.545;0.4497;0.8252
0.5452;0.4501;0.8255
0.5459;0.4517;0.8275
0.5461;0.4515;0.8267
0.5466;0.4503;0.8238
0.5468;0.4564;0.8346
0.5472;0.4497;0.8219
0.5477;0.4488;0.8194
0.5479;0.4529;0.8266
0.5483;0.4528;0.8258
0.5486;0.454;0.8276
0.5488;0.4522;0.824
0.5494;0.452;0.8228
0.5503;0.4506;0.8188
0.5506;0.4528;0.8224
0.5508;0.4535;0.8233
0.551;0.4534;0.8229
0.5521;0.4597;0.8326
0.5528;0.4581;0.8286
0.553;0.4545;0.8218
0.5534;0.4566;0.825
0.5539;0.4561;0.8234
0.5543;0.4584;0.8269
0.5552;0.457;0.8232
0.5559;0.4591;0.8259
0.5563;0.4601;0.8271
0.5565;0.4601;0.8267
0.5572;0.4616;0.8285
0.5579;0.4636;0.8309
0.5583;0.4609;0.8256
0.5585;0.4598;0.8232
0.5588;0.4618;0.8265
0.5592;0.4611;0.8246
0.5601;0.4662;0.8324
0.5603;0.4624;0.8253
0.5608;0.4646;0.8285
0.561;0.4608;0.8214
0.5612;0.4629;0.8249
0.5614;0.4613;0.8217
0.5617;0.4669;0.8313
0.5619;0.4631;0.8241
0.5621;0.4658;0.8286
0.5625;0.4648;0.8263
0.5632;0.4668;0.8288
0.5634;0.4657;0.8266
0.5641;0.4652;0.8246
0.5648;0.4665;0.826
0.565;0.4698;0.8315
0.5656;0.4682;0.8278
0.5659;0.4648;0.8213
0.5665;0.4718;0.8329
0.567;0.472;0.8324
0.5672;0.4719;0.832
0.5674;0.4695;0.8275
0.5676;0.4695;0.8272
0.5679;0.4677;0.8235
0.5688;0.4704;0.827
0.569;0.4743;0.8336
0.5692;0.4717;0.8287
0.5696;0.474;0.8322
0.5703;0.4716;0.8269
0.5705;0.4711;0.8258
0.5708;0.476;0.8339
0.5712;0.4791;0.8387
0.5714;0.4756;0.8324
0.5719;0.4739;0.8286
0.5723;0.4754;0.8306
0.5725;0.4787;0.8362
0.5728;0.4724;0.8248
0.5734;0.4773;0.8324
0.575;0.4786;0.8323
0.5765;0.4814;0.835
0.5772;0.4825;0.8359
0.5776;0.4788;0.8289
0.5779;0.4809;0.8322
0.5787;0.482;0.8329
0.5796;0.4798;0.8278
0.5807;0.4817;0.8295
0.5812;0.4811;0.8278
0.5814;0.4817;0.8286
0.5816;0.4839;0.8321
0.5819;0.4845;0.8327
0.5821;0.4841;0.8316
0.5823;0.4812;0.8264
0.5825;0.4876;0.837
0.5834;0.4818;0.8259
0.5843;0.4864;0.8325
0.585;0.4843;0.8279
0.5856;0.4862;0.8302
0.5861;0.4872;0.8312
0.5865;0.4924;0.8396
0.5867;0.487;0.8301
0.5874;0.4869;0.8289
0.5876;0.4894;0.8328
0.5885;0.4874;0.8282
0.589;0.4943;0.8392
0.5894;0.491;0.8331
0.5896;0.4951;0.8398
0.5898;0.4928;0.8356
0.5903;0.489;0.8284
0.5905;0.4948;0.838
0.5907;0.4971;0.8415
0.5914;0.4949;0.8368
0.5916;0.495;0.8367
0.5918;0.4968;0.8395
0.5921;0.4948;0.8356
0.5934;0.4934;0.8314
0.5938;0.4976;0.838
0.5941;0.5009;0.8432
0.5943;0.4992;0.84
0.5945;0.4935;0.8301
0.595;0.4983;0.8375
0.5956;0.4988;0.8374
0.5958;0.5029;0.844
0.5961;0.4973;0.8343
0.5963;0.4992;0.8372
0.5965;0.496;0.8315
0.597;0.4997;0.8371
0.5972;0.499;0.8355
0.5978;0.4968;0.831
0.5981;0.4983;0.8331
0.5985;0.4982;0.8324
0.5989;0.4979;0.8313
0.5992;0.4993;0.8333
0.5994;0.5049;0.8424
0.5996;0.5014;0.8362
0.5998;0.5031;0.8387
0.6001;0.5023;0.837
0.6007;0.5015;0.8349
0.6009;0.5051;0.8405
0.6012;0.503;0.8367
0.6025;0.5039;0.8364
0.6027;0.5004;0.8303
0.6029;0.5043;0.8365
0.6034;0.505;0.8369
0.6036;0.5039;0.8349
0.6038;0.5044;0.8354
0.6041;0.5033;0.8332
0.6043;0.5023;0.8312
0.6045;0.5061;0.8373
0.6047;0.5081;0.8402
0.6052;0.505;0.8344
0.6058;0.5058;0.8349
0.6065;0.5078;0.8372
0.6072;0.5056;0.8326
0.6076;0.5124;0.8434
0.6087;0.5117;0.8407
0.6089;0.5113;0.8397
0.6098;0.514;0.8429
0.6103;0.5169;0.847
0.6105;0.5109;0.8368
0.6112;0.5102;0.8347
0.6114;0.5109;0.8356
0.6116;0.5126;0.8381
0.6118;0.5135;0.8393
0.612;0.5139;0.8397
0.6123;0.5164;0.8434
0.6125;0.5117;0.8354
0.6136;0.5169;0.8424
0.6138;0.518;0.8439
0.614;0.5177;0.8431
0.6147;0.5146;0.8371
0.6152;0.5162;0.839
0.6156;0.5171;0.84
0.6158;0.5201;0.8446
0.6165;0.5182;0.8405
0.6178;0.519;0.84
0.6185;0.5191;0.8393
0.6189;0.5183;0.8375
0.6194;0.5217;0.8422
0.6196;0.5252;0.8477
0.62;0.5197;0.8383
0.6216;0.5233;0.8418
0.6218;0.5241;0.8428
0.6223;0.521;0.8372
0.6225;0.5217;0.8381
0.6227;0.5248;0.8428
0.6229;0.5248;0.8425
0.6231;0.5243;0.8415
0.6234;0.5266;0.8448
0.6238;0.5264;0.8438
0.6251;0.5238;0.8379
0.6256;0.5273;0.8429
0.6263;0.5275;0.8422
0.6269;0.5274;0.8413
0.6271;0.5288;0.8433
0.6274;0.5284;0.8422
0.6283;0.5295;0.8428
0.6285;0.5278;0.8397
0.6291;0.53;0.8425
0.6294;0.5297;0.8416
0.6296;0.5323;0.8455
0.63;0.5338;0.8473
0.6303;0.5282;0.838
0.6305;0.5296;0.84
0.6307;0.5316;0.8428
0.6314;0.53;0.8394
0.6318;0.5375;0.8507
0.632;0.5287;0.8366
0.6322;0.5378;0.8507
0.6327;0.5334;0.843
0.6331;0.5353;0.8455
0.6334;0.5319;0.8398
0.6336;0.533;0.8412
0.634;0.5355;0.8446
0.6351;0.5387;0.8482
0.6354;0.5359;0.8434
0.6356;0.5383;0.8469
0.6358;0.5337;0.8394
0.636;0.5365;0.8435
0.6362;0.537;0.844
0.6369;0.5353;0.8405
0.6376;0.542;0.85
0.6378;0.537;0.842
0.6382;0.538;0.843
0.6385;0.5413;0.8478
0.6387;0.5407;0.8466
0.6394;0.5388;0.8426
0.6407;0.5406;0.8438
0.6411;0.5352;0.8348
0.6418;0.5394;0.8405
0.6425;0.5421;0.8438
0.6427;0.5422;0.8437
0.6429;0.5413;0.8419
0.6431;0.5428;0.8441
0.6433;0.5453;0.8477
0.6436;0.5404;0.8397
0.6438;0.5464;0.8487
0.644;0.5475;0.8501
0.6445;0.5419;0.8408
0.6451;0.5429;0.8416
0.6462;0.5484;0.8486
0.6469;0.5464;0.8447
0.6471;0.5466;0.8447
0.6478;0.5433;0.8387
0.6482;0.549;0.8469
0.6489;0.5481;0.8446
0.6493;0.5498;0.8467
0.6496;0.5481;0.8437
0.6505;0.5518;0.8482
0.6507;0.5518;0.848
0.6516;0.5497;0.8436
0.6518;0.5482;0.8411
0.652;0.5506;0.8445
0.6522;0.5517;0.8459
0.6527;0.5523;0.8462
0.6531;0.5515;0.8444
0.6538;0.5505;0.842
0.6542;0.5527;0.8449
0.6544;0.552;0.8435
0.6549;0.5565;0.8498
0.6558;0.5529;0.8431
0.656;0.5562;0.8478
0.6567;0.5568;0.8479
0.6582;0.5605;0.8516
0.6584;0.5582;0.8478
0.6587;0.5558;0.8438
0.6596;0.5612;0.8508
0.66;0.5573;0.8444
0.6604;0.558;0.8449
0.6609;0.5563;0.8417
0.6611;0.5595;0.8463
0.6613;0.5599;0.8467
0.6616;0.5608;0.8476
0.6618;0.5588;0.8444
0.662;0.5633;0.8509
0.6624;0.5601;0.8456
0.6629;0.5587;0.8428
0.6633;0.5618;0.847
0.664;0.5643;0.8499
0.6651;0.5651;0.8496
0.6655;0.5664;0.8511
0.6658;0.5672;0.8519
0.666;0.5658;0.8496
0.6669;0.517;0.7752
0.6673;0.5207;0.7803
0.6678;0.5183;0.7761
0.668;0.5242;0.7847
0.6682;0.5236;0.7836
0.6687;0.5193;0.7766
0.6691;0.5254;0.7852
0.6693;0.5219;0.7797
0.6702;0.5195;0.7751
0.6704;0.5223;0.7791
0.6707;0.5198;0.775
0.6709;0.5201;0.7753
0.6711;0.5253;0.7828
0.6713;0.5207;0.7756
0.6722;0.5236;0.779
0.6727;0.5255;0.7812
0.6729;0.5277;0.7842
0.6733;0.531;0.7886
0.6738;0.5218;0.7744
0.674;0.5222;0.7748
0.6744;0.5268;0.7811
0.6747;0.5239;0.7765
0.6749;0.5261;0.7795
0.6751;0.5261;0.7793
0.6756;0.5291;0.7832
0.6764;0.525;0.7762
0.6767;0.5318;0.7858
0.6773;0.5313;0.7845
0.6775;0.5303;0.7827
0.6778;0.5269;0.7774
0.678;0.5267;0.7768
0.6784;0.5286;0.7792
0.6791;0.5351;0.788
0.6793;0.5305;0.7809
0.6795;0.5356;0.7883
0.68;0.528;0.7764
0.6802;0.5306;0.78
0.6807;0.5316;0.781
0.6809;0.5319;0.7811
0.6813;0.5303;0.7784
0.6818;0.533;0.7817
0.682;0.5332;0.7818
0.6822;0.5314;0.779
0.6824;0.5343;0.7829
0.684;0.535;0.7822
0.6847;0.5397;0.7882
0.6851;0.5367;0.7834
0.6853;0.538;0.785
0.6855;0.5384;0.7854
0.6858;0.5377;0.7841
0.686;0.5391;0.7859
0.6862;0.5373;0.783
0.6867;0.5402;0.7867
0.6871;0.5381;0.7832
0.6884;0.5398;0.7841
0.6887;0.5362;0.7786
0.6889;0.5382;0.7813
0.6893;0.5395;0.7827
0.6895;0.5389;0.7816
0.6904;0.5443;0.7884
0.6907;0.543;0.7862
0.6909;0.5425;0.7852
0.6913;0.549;0.7942
0.6918;0.5398;0.7803
0.692;0.5443;0.7865
0.6922;0.5405;0.7808
0.6942;0.543;0.7822
0.6949;0.5426;0.7809
0.6953;0.5445;0.7831
0.6958;0.5439;0.7817
0.696;0.5464;0.785
0.6962;0.5498;0.7897
0.6964;0.5483;0.7874
0.6971;0.5483;0.7866
0.6975;0.5493;0.7875
0.6978;0.5486;0.7862
0.698;0.5524;0.7914
0.6989;0.5563;0.796
0.6991;0.5492;0.7856
0.6995;0.5473;0.7824
0.7002;0.549;0.784
0.7004;0.5528;0.7892
0.7011;0.5502;0.7847
0.7015;0.5573;0.7945
0.702;0.5498;0.7832
0.7022;0.5551;0.7905
0.7024;0.5532;0.7876
0.7027;0.5503;0.7831
0.7029;0.5557;0.7906
0.7031;0.5549;0.7892
0.7035;0.5575;0.7924
0.7044;0.5526;0.7845
0.7051;0.5515;0.7821
0.7053;0.5546;0.7864
0.7055;0.5561;0.7883
0.706;0.5567;0.7885
0.7062;0.5591;0.7917
0.7064;0.5566;0.7879
0.7069;0.556;0.7865
0.7071;0.5579;0.789
0.7073;0.5578;0.7886
0.708;0.5577;0.7877
0.7087;0.5587;0.7884
0.7089;0.5637;0.7952
0.7091;0.5577;0.7865
0.7093;0.56;0.7895
0.7095;0.5572;0.7853
0.7098;0.5556;0.7827
0.71;0.5654;0.7964
0.7102;0.564;0.7942
0.7107;0.5647;0.7946
0.7111;0.5596;0.7869
0.7118;0.5639;0.7922
0.7124;0.5604;0.7867
0.7126;0.5612;0.7876
0.7129;0.5606;0.7863
0.7131;0.5631;0.7897
0.7133;0.5618;0.7876
0.7138;0.5636;0.7896
0.714;0.5628;0.7883
0.7155;0.5655;0.7904
0.7169;0.5624;0.7845
0.7171;0.5659;0.7891
0.7173;0.567;0.7904
0.7175;0.5716;0.7966
0.7178;0.5661;0.7886
0.718;0.5679;0.7909
0.7182;0.5732;0.7981
0.7189;0.5676;0.7896
0.7193;0.5689;0.7909
0.7204;0.5735;0.7961
0.7206;0.5719;0.7936
0.7211;0.573;0.7946
0.7213;0.5716;0.7924
0.7215;0.5708;0.7911
0.7218;0.5746;0.7961
0.7222;0.5767;0.7985
0.7224;0.5758;0.7971
0.7233;0.5702;0.7883
0.7242;0.5767;0.7963
0.7246;0.5763;0.7954
0.7249;0.5738;0.7916
0.7253;0.5787;0.7979
0.7255;0.576;0.7939
0.726;0.5791;0.7976
0.7262;0.5747;0.7914
0.7269;0.5779;0.795
0.7275;0.572;0.7863
0.7278;0.5747;0.7897
0.7282;0.5791;0.7953
0.7293;0.5756;0.7892
0.7295;0.5785;0.793
0.7298;0.5768;0.7903
0.7306;0.5778;0.7909
0.7309;0.5763;0.7885
0.7315;0.577;0.7888
0.7318;0.5833;0.7971
0.732;0.5816;0.7945
0.7322;0.5787;0.7903
0.7326;0.5811;0.7932
0.7329;0.5817;0.7937
0.7331;0.5837;0.7962
0.7333;0.5787;0.7892
0.7335;0.5839;0.796
0.7342;0.5824;0.7932
0.7344;0.5882;0.8009
0.7346;0.5824;0.7928
0.7349;0.5797;0.7888
0.7353;0.5864;0.7975
0.7355;0.5834;0.7932
0.7358;0.5806;0.7891
0.7362;0.5865;0.7966
0.7366;0.5875;0.7976
0.7369;0.5878;0.7977
0.7375;0.5834;0.7911
0.7378;0.5922;0.8026
0.7382;0.5891;0.798
0.7391;0.5857;0.7925
0.7395;0.5858;0.7921
0.7406;0.5866;0.7921
0.7413;0.5883;0.7936
0.7418;0.5905;0.7961
0.742;0.5897;0.7948
0.7424;0.5876;0.7915
0.7426;0.588;0.7918
0.7429;0.5925;0.7976
0.7431;0.593;0.798
0.7435;0.5906;0.7944
0.744;0.5921;0.7958
0.7442;0.5981;0.8037
0.7444;0.5887;0.7909
0.7449;0.5916;0.7942
0.7453;0.5905;0.7923
0.7455;0.5963;0.7998
0.7457;0.592;0.7939
0.746;0.5926;0.7944
0.7462;0.5897;0.7903
0.7464;0.5935;0.7952
0.7469;0.5934;0.7945
0.7473;0.5943;0.7953
0.7477;0.5955;0.7964
0.748;0.5959;0.7967
0.7482;0.595;0.7952
0.7484;0.5945;0.7943
0.7489;0.5999;0.8011
0.7491;0.5953;0.7947
0.75;0.598;0.7973
0.7502;0.6004;0.8003
0.7511;0.6021;0.8016
0.7515;0.6017;0.8007
0.752;0.5979;0.7951
0.7526;0.6009;0.7984
0.7529;0.5982;0.7945
0.7546;0.6059;0.803
0.7549;0.5996;0.7943
0.7551;0.6019;0.7971
0.7553;0.6008;0.7955
0.7555;0.6023;0.7972
0.7564;0.6019;0.7957
0.7584;0.6033;0.7955
0.7586;0.6079;0.8014
0.7589;0.6081;0.8013
0.7591;0.6054;0.7975
0.7593;0.6039;0.7954
0.7595;0.6126;0.8066
0.7597;0.6091;0.8018
0.76;0.6113;0.8044
0.7604;0.6068;0.798
0.7606;0.6153;0.809
0.7611;0.6102;0.8017
0.7615;0.6089;0.7996
0.7622;0.6107;0.8012
0.7629;0.6078;0.7967
0.7631;0.6168;0.8083
0.7637;0.6132;0.8029
0.764;0.6107;0.7994
0.7644;0.611;0.7993
0.7649;0.6187;0.8089
0.7651;0.6125;0.8005
0.7653;0.6093;0.7962
0.766;0.6135;0.8009
0.7662;0.6115;0.7981
0.7664;0.6186;0.8071
0.7666;0.612;0.7983
0.7669;0.6163;0.8036
0.7673;0.6122;0.7978
0.7686;0.6119;0.7961
0.7693;0.6163;0.8011
0.7695;0.6198;0.8055
0.7697;0.6136;0.7972
0.77;0.6167;0.8009
0.7702;0.6125;0.7952
0.7711;0.6196;0.8035
0.7713;0.6224;0.807
0.7715;0.6144;0.7964
0.7722;0.6172;0.7993
0.7724;0.6151;0.7964
0.7726;0.6225;0.8057
0.7731;0.6238;0.8069
0.7733;0.6191;0.8006
0.7735;0.6218;0.8039
0.7737;0.6216;0.8034
0.774;0.6186;0.7992
0.7742;0.6228;0.8044
0.7744;0.6264;0.8089
0.7746;0.624;0.8056
0.7749;0.6187;0.7984
0.7753;0.6269;0.8086
0.7755;0.6223;0.8024
0.7757;0.6203;0.7997
0.776;0.6249;0.8053
0.7764;0.6241;0.8038
0.7766;0.6207;0.7993
0.7769;0.6213;0.7997
0.7771;0.6279;0.808
0.7775;0.624;0.8026
0.7786;0.6207;0.7972
0.7791;0.6244;0.8014
0.7793;0.6283;0.8062
0.7795;0.629;0.8069
0.7802;0.6234;0.799
0.7804;0.6343;0.8128
0.7806;0.6264;0.8024
0.7808;0.6329;0.8106
0.7811;0.6253;0.8005
0.7815;0.6254;0.8002
0.7817;0.6278;0.8031
0.782;0.6358;0.8131
0.7828;0.6312;0.8063
0.7833;0.6266;0.8
0.7837;0.6304;0.8044
0.7842;0.6299;0.8033
0.7851;0.6311;0.8038
0.7862;0.6294;0.8005
0.7868;0.6354;0.8076
0.7875;0.6299;0.7999
0.7888;0.6374;0.808
0.7891;0.6345;0.8041
0.7893;0.6345;0.8039
0.7897;0.6365;0.806
0.79;0.6352;0.8041
0.7904;0.6378;0.8069
0.7908;0.639;0.8081
0.7911;0.6383;0.8069
0.7913;0.6365;0.8044
0.7915;0.6355;0.8029
0.7917;0.6439;0.8133
0.792;0.6357;0.8027
0.7926;0.643;0.8112
0.7928;0.6415;0.8092
0.7931;0.6406;0.8077
0.7935;0.6382;0.8043
0.7948;0.6389;0.8039
0.7953;0.6465;0.8129
0.7962;0.6452;0.8104
0.7964;0.6422;0.8064
0.7966;0.6445;0.8091
0.7975;0.6421;0.8052
0.7984;0.6426;0.8049
0.7988;0.6409;0.8023
0.7991;0.6473;0.81
0.7995;0.6465;0.8086
0.7997;0.6428;0.8038
0.8002;0.6432;0.8038
0.8004;0.6418;0.8018
0.8013;0.6462;0.8064
0.802;0.6481;0.8081
0.8024;0.6467;0.806
0.8031;0.6497;0.809
0.8033;0.6489;0.8078
0.8037;0.6517;0.8109
0.804;0.6493;0.8076
0.8055;0.6483;0.8048
0.8057;0.6467;0.8027
0.8062;0.6507;0.8071
0.8066;0.6519;0.8082
0.8068;0.6521;0.8083
0.8073;0.655;0.8113
0.8075;0.6533;0.8091
0.8077;0.6561;0.8123
0.808;0.6566;0.8126
0.8082;0.654;0.8092
0.8093;0.6552;0.8096
0.81;0.6574;0.8116
0.8102;0.658;0.8122
0.8104;0.6578;0.8117
0.8106;0.6587;0.8126
0.8113;0.6599;0.8134
0.8115;0.6559;0.8082
0.8117;0.6576;0.8102
0.812;0.6581;0.8105
0.8122;0.6589;0.8112
0.8124;0.6604;0.8129
0.8126;0.6588;0.8107
0.8131;0.6542;0.8046
0.8135;0.6617;0.8134
0.8139;0.6646;0.8166
0.8142;0.6575;0.8076
0.8144;0.6592;0.8094
0.8151;0.6631;0.8135
0.8153;0.6638;0.8142
0.8168;0.6607;0.8089
0.8171;0.6653;0.8142
0.8173;0.6601;0.8076
0.8177;0.6643;0.8124
0.8186;0.6599;0.8061
0.8191;0.6625;0.8088
0.8193;0.6653;0.812
0.8195;0.6641;0.8104
0.8197;0.6643;0.8104
0.8199;0.6657;0.8119
0.8202;0.6665;0.8126
0.8204;0.6633;0.8085
0.8206;0.6658;0.8114
0.8208;0.6606;0.8048
0.8213;0.6641;0.8086
0.8215;0.6667;0.8116
0.8217;0.6699;0.8153
0.8219;0.6618;0.8052
0.8224;0.664;0.8074
0.8226;0.6684;0.8126
0.8233;0.6712;0.8153
0.8237;0.669;0.8122
0.8244;0.6746;0.8183
0.8253;0.6723;0.8146
0.8262;0.6685;0.8091
0.8277;0.6769;0.8178
0.8282;0.6751;0.8152
0.8284;0.6729;0.8123
0.8288;0.6714;0.8101
0.8291;0.6743;0.8133
0.8293;0.6746;0.8134
0.8295;0.6726;0.8108
0.8302;0.6794;0.8184
0.8304;0.6723;0.8096
0.8306;0.6746;0.8122
0.8311;0.6774;0.8151
0.8315;0.6707;0.8066
0.8326;0.6782;0.8146
0.8331;0.6772;0.8129
0.8335;0.6731;0.8076
0.8342;0.675;0.8092
0.8353;0.6742;0.8071
0.8362;0.6832;0.817
0.8364;0.677;0.8094
0.8373;0.6817;0.8142
0.8375;0.6842;0.817
0.8379;0.685;0.8175
0.8382;0.6825;0.8143
0.8384;0.6812;0.8125
0.8386;0.6814;0.8125
0.8388;0.6882;0.8205
0.8391;0.6878;0.8197
0.8397;0.6859;0.8168
0.8404;0.6823;0.8119
0.8406;0.6804;0.8094
0.8411;0.682;0.8109
0.8415;0.6841;0.8129
0.8424;0.6852;0.8134
0.8428;0.6875;0.8157
0.8431;0.6818;0.8087
0.8451;0.685;0.8105
0.8468;0.6872;0.8115
0.8471;0.69;0.8145
0.8473;0.6932;0.8181
0.8482;0.69;0.8135
0.8486;0.697;0.8214
0.849;0.6894;0.812
0.8497;0.6955;0.8185
0.8499;0.6932;0.8156
0.8513;0.6928;0.8138
0.8519;0.6932;0.8137
0.8528;0.701;0.822
0.8535;0.702;0.8225
0.8537;0.7013;0.8215
0.8539;0.694;0.8127
0.8542;0.6952;0.8139
0.8544;0.7004;0.8197
0.8548;0.7;0.8189
0.8553;0.6995;0.8179
0.857;0.6974;0.8138
0.8575;0.6984;0.8145
0.8579;0.6984;0.8141
0.8582;0.7025;0.8186
0.8595;0.7062;0.8216
0.8599;0.7005;0.8146
0.8606;0.6994;0.8127
0.861;0.708;0.8223
0.8622;0.7023;0.8145
0.8626;0.7056;0.818
0.8628;0.7108;0.8238
0.8633;0.7027;0.814
0.8639;0.7032;0.814
0.8642;0.7109;0.8226
0.8644;0.706;0.8168
0.8648;0.706;0.8164
0.8655;0.7031;0.8124
0.8666;0.7083;0.8173
0.8675;0.7117;0.8204
0.8679;0.7107;0.8189
0.8682;0.7136;0.8219
0.8693;0.7118;0.8188
0.8697;0.7089;0.8151
0.8702;0.7141;0.8206
0.8708;0.7192;0.8259
0.8715;0.7179;0.8237
0.8717;0.7151;0.8204
0.8719;0.7123;0.817
0.8724;0.7177;0.8227
0.8726;0.7179;0.8227
0.873;0.7148;0.8188
0.8733;0.7132;0.8167
0.8737;0.7205;0.8247
0.8739;0.7172;0.8207
0.8742;0.7133;0.8159
0.8744;0.7159;0.8187
0.8746;0.7173;0.8202
0.875;0.7198;0.8226
0.8753;0.7179;0.8202
0.8755;0.7169;0.8188
0.8766;0.7173;0.8183
0.8773;0.7166;0.8168
0.8777;0.7213;0.8218
0.8779;0.7208;0.821
0.8788;0.7235;0.8233
0.8795;0.7203;0.819
0.8799;0.7235;0.8223
0.8804;0.7218;0.8198
0.8806;0.7231;0.8212
0.8808;0.7193;0.8167
0.8817;0.722;0.8189
0.8819;0.7218;0.8185
0.8824;0.7231;0.8195
0.883;0.7291;0.8257
0.8833;0.7201;0.8152
0.8837;0.728;0.8238
0.8846;0.7243;0.8188
0.885;0.7247;0.8189
0.8853;0.7265;0.8206
0.8861;0.7281;0.8217
0.8877;0.7289;0.8211
0.8881;0.7252;0.8166
0.8884;0.7304;0.8221
0.8886;0.7278;0.819
0.8888;0.7261;0.817
0.8893;0.7322;0.8233
0.8895;0.7268;0.8171
0.8897;0.737;0.8284
0.8899;0.7338;0.8246
0.8901;0.7333;0.8238
0.8904;0.7288;0.8185
0.8908;0.7314;0.8211
0.891;0.7309;0.8203
0.8913;0.7308;0.8199
0.8921;0.7346;0.8234
0.8924;0.7294;0.8174
0.8926;0.7318;0.8199
0.8935;0.7358;0.8235
0.8946;0.7389;0.8259
0.895;0.7364;0.8228
0.8953;0.7322;0.8178
0.8955;0.7391;0.8254
0.8957;0.7344;0.8199
0.8961;0.737;0.8224
0.8966;0.7357;0.8206
0.8968;0.7412;0.8265
0.897;0.7391;0.824
0.8977;0.7409;0.8253
0.8979;0.738;0.8219
0.8981;0.738;0.8217
0.8984;0.7404;0.8241
0.899;0.734;0.8165
0.8997;0.7382;0.8205
0.9001;0.7375;0.8193
0.9006;0.7374;0.8188
0.9008;0.7376;0.8188
0.9017;0.7394;0.82
0.9021;0.7417;0.8222
0.9028;0.745;0.8252
0.903;0.7468;0.827
0.9035;0.7444;0.8239
0.9039;0.741;0.8198
0.9041;0.748;0.8273
0.9046;0.7456;0.8242
0.9053;0.7472;0.8254
0.9055;0.7423;0.8198
0.9057;0.7475;0.8253
0.9059;0.7415;0.8185
0.9064;0.7475;0.8247
0.9068;0.7469;0.8237
0.9073;0.7461;0.8223
0.9075;0.7492;0.8256
0.9079;0.7482;0.8241
0.9086;0.7476;0.8228
0.909;0.753;0.8284
0.9093;0.7455;0.8199
0.9101;0.7502;0.8243
0.911;0.7525;0.826
0.9115;0.7486;0.8213
0.9117;0.7505;0.8232
0.9121;0.7513;0.8237
0.913;0.7472;0.8184
0.9137;0.7533;0.8245
0.9139;0.7556;0.8268
0.9141;0.7511;0.8217
0.915;0.7521;0.822
0.9153;0.7505;0.82
0.9161;0.757;0.8263
0.9175;0.7546;0.8224
0.9181;0.7582;0.8258
0.9186;0.7567;0.8238
0.919;0.7562;0.8229
0.9192;0.7599;0.8267
0.9197;0.7545;0.8204
0.9199;0.7609;0.8272
0.9201;0.7621;0.8283
0.9204;0.7565;0.8219
0.9206;0.7612;0.8268
0.9208;0.7575;0.8226
0.921;0.7591;0.8242
0.9212;0.756;0.8207
0.9215;0.7604;0.8252
0.9224;0.762;0.8261
0.923;0.7599;0.8233
0.9244;0.7628;0.8252
0.9246;0.7646;0.8269
0.9248;0.7637;0.8258
0.9252;0.7621;0.8237
0.9259;0.7601;0.8209
0.9261;0.7689;0.8303
0.9264;0.7662;0.8271
0.9266;0.7633;0.8238
0.9268;0.7678;0.8284
0.927;0.7664;0.8267
0.9272;0.7686;0.8289
0.9281;0.7689;0.8285
0.9284;0.7678;0.827
0.9292;0.7702;0.8289
0.9295;0.7676;0.8258
0.9297;0.7689;0.827
0.9306;0.7735;0.8312
0.9308;0.7711;0.8284
0.9312;0.7696;0.8265
0.9324;0.7696;0.8254
0.933;0.7723;0.8278
0.9335;0.7704;0.8253
0.9341;0.7741;0.8287
0.9344;0.7738;0.8281
0.9346;0.7782;0.8327
0.9352;0.7727;0.8262
0.9357;0.7713;0.8243
0.9359;0.7689;0.8216
0.9361;0.7756;0.8285
0.9364;0.7733;0.8258
0.9366;0.7734;0.8257
0.937;0.7772;0.8295
0.9372;0.7809;0.8332
0.9375;0.7735;0.8251
0.9379;0.7722;0.8233
0.9381;0.7761;0.8273
0.9386;0.7719;0.8224
0.9388;0.7781;0.8288
0.939;0.7822;0.833
0.9392;0.7772;0.8275
0.9395;0.7812;0.8315
0.9399;0.7835;0.8336
0.9406;0.7764;0.8254
0.9415;0.7777;0.826
0.9417;0.7838;0.8323
0.9421;0.781;0.829
0.9424;0.7776;0.8251
0.9432;0.783;0.8301
0.9441;0.7817;0.828
0.9444;0.7817;0.8277
0.9448;0.7794;0.8249
0.9459;0.7807;0.8253
0.9461;0.7821;0.8267
0.9464;0.7875;0.8321
0.947;0.7844;0.8283
0.9477;0.785;0.8283
0.9479;0.7883;0.8316
0.9481;0.7847;0.8277
0.9488;0.789;0.8316
0.9501;0.788;0.8294
0.9503;0.7816;0.8225
0.9506;0.7865;0.8274
0.9508;0.7891;0.8299
0.951;0.79;0.8307
0.9515;0.7885;0.8287
0.9517;0.7838;0.8236
0.9523;0.7887;0.8282
0.9528;0.7892;0.8283
0.9537;0.7915;0.8299
0.9548;0.7874;0.8247
0.955;0.7927;0.8301
0.9557;0.7929;0.8297
0.9559;0.7929;0.8295
0.9561;0.7897;0.826
0.9568;0.7937;0.8295
0.9572;0.7934;0.8289
0.9579;0.792;0.8268
0.9586;0.7938;0.8281
0.9588;0.7962;0.8304
0.959;0.797;0.8311
0.9592;0.7936;0.8274
0.9595;0.7929;0.8264
0.9603;0.7941;0.8269
0.9606;0.8001;0.8329
0.9617;0.7966;0.8283
0.9619;0.7984;0.83
0.9621;0.8012;0.8328
0.9628;0.801;0.8319
0.9632;0.796;0.8264
0.9637;0.7956;0.8256
0.9639;0.7952;0.825
0.9641;0.7918;0.8213
0.9648;0.7974;0.8265
0.965;0.8043;0.8335
0.9652;0.802;0.8309
0.9657;0.8003;0.8287
0.9659;0.8027;0.831
0.9661;0.8001;0.8282
0.9666;0.8056;0.8334
0.9668;0.803;0.8306
0.9675;0.8041;0.8311
0.9679;0.8012;0.8278
0.9681;0.8026;0.829
0.9683;0.7989;0.8251
0.969;0.8013;0.8269
0.9692;0.8026;0.8281
0.9695;0.803;0.8283
0.9699;0.7989;0.8237
0.9701;0.8012;0.8259
0.9703;0.8061;0.8308
0.9708;0.8042;0.8284
0.9712;0.808;0.832
0.9715;0.8105;0.8343
0.9717;0.8055;0.829
0.9721;0.8078;0.831
0.9723;0.8051;0.828
0.9726;0.8093;0.8321
0.9728;0.8036;0.8261
0.9735;0.8093;0.8313
0.9739;0.8089;0.8306
0.9752;0.8119;0.8325
0.9755;0.8049;0.8251
0.9757;0.8117;0.8319
0.9759;0.8089;0.8289
0.9761;0.8081;0.8279
0.9763;0.8076;0.8272
0.9766;0.8156;0.8351
0.9768;0.8073;0.8265
0.977;0.8111;0.8302
0.9772;0.8084;0.8273
0.9775;0.8109;0.8296
0.9779;0.8121;0.8305
0.9781;0.8137;0.8319
0.9783;0.8118;0.8298
0.9786;0.8134;0.8312
0.9788;0.8106;0.8282
0.9792;0.8158;0.8331
0.9795;0.812;0.829
0.9797;0.8138;0.8307
0.9799;0.8138;0.8305
0.9801;0.8156;0.8322
0.9808;0.8146;0.8305
0.9817;0.8192;0.8345
0.983;0.8164;0.8305
0.9832;0.8185;0.8325
0.9835;0.8163;0.83
0.9848;0.8155;0.8281
0.9854;0.8185;0.8306
0.9863;0.8206;0.832
0.9866;0.8145;0.8256
0.9868;0.8233;0.8343
0.9877;0.813;0.8231
0.9879;0.8223;0.8324
0.989;0.8226;0.8317
0.9903;0.8239;0.832
0.9906;0.8226;0.8304
0.9912;0.8261;0.8334
0.9914;0.8229;0.83
0.9928;0.8217;0.8277
0.9932;0.827;0.8327
0.9934;0.8211;0.8266
0.9939;0.8296;0.8347
0.9941;0.8265;0.8314
0.9946;0.8301;0.8346
0.9948;0.8287;0.833
0.995;0.8246;0.8287
0.9952;0.8235;0.8275
0.9954;0.8272;0.831
0.9961;0.8235;0.8267
0.9963;0.8272;0.8303
0.9966;0.8302;0.833
0.9968;0.8319;0.8346
0.9972;0.8314;0.8337
0.9986;0.8339;0.8351
