#;Phi;R_n;SOC_init;T_U;pskw.I;t_sp;u_2;SOC;eta_Sp
1;0.214285714;175;0.725;307.5357143;7.36E-07;385776;13.39;0.543690931;1.087061169
2;10.92857143;689.2857143;0.697857143;302.7357143;3.54E-07;9072;5.11;0.514452251;1.028601057
3;64.92857143;417.8571429;0.620714286;304.2785714;9.52E-08;42768;13.59;0.489981396;0.97967378
4;37.78571429;20.71428571;0.442142857;312.7642857;7.52E-07;100656;4.13;0.548254859;1.096186334
5;79.64285714;579.2857143;0.473571429;304.7928571;1.06E-06;504144;3.81;0.573857162;1.147375837
6;21.92857143;819.2857143;0.686428571;258.6785714;2.58E-07;283824;0.69;0.508895297;1.017490426
7;11.92857143;117.8571429;0.793571429;263.8214286;6.31E-07;410832;7.49;0.536716682;1.073116785
8;64.07142857;543.5714286;0.713571429;273.85;4.43E-07;70416;9.35;0.520275423;1.040243964
9;66.21428571;77.85714286;0.816428571;287.3071429;5.77E-07;139536;11.19;0.530971663;1.061630137
10;6.357142857;939.2857143;0.363571429;286.6214286;5.54E-07;423792;5.63;0.531035114;1.061757
11;9.357142857;635;0.975;295.1928571;6.28E-07;44496;13.65;0.534561781;1.068808254
12;68.35714286;595;0.787857143;298.1071429;3.80E-07;162864;13.69;0.513789748;1.027276441
13;60.92857143;352.1428571;0.763571429;307.2785714;7.11E-07;554256;4.15;0.544882032;1.089442669
14;18.21428571;186.4285714;0.000714286;305.9928571;6.10E-07;251856;10.87;0.533842373;1.067369862
15;1.642857143;727.8571429;0.322142857;296.7357143;6.17E-07;129168;7.79;0.535435801;1.070555778
16;24.21428571;763.5714286;0.196428571;288.7642857;1.02E-06;547344;10.21;0.568692661;1.137049882
17;78.64285714;512.1428571;0.945;287.8214286;7.99E-07;177552;3.11;0.552733175;1.105140324
18;35.35714286;799.2857143;0.283571429;267.3357143;4.64E-07;519696;12.33;0.521153511;1.041999622
19;57.78571429;92.14285714;0.346428571;302.65;9.86E-08;323568;6.67;0.49243921;0.984587958
20;16.92857143;627.8571429;0.457857143;307.6214286;1.21E-07;500688;0.09;0.497920664;0.995547633
21;32.07142857;390.7142857;0.889285714;273.3357143;5.44E-07;506736;9.09;0.528841351;1.057370768
22;32.64285714;155;0.512142857;259.0214286;4.71E-07;73872;6.53;0.523638954;1.046969042
23;27.07142857;999.2857143;0.997857143;274.1071429;4.11E-07;2160;8.41;0.517960818;1.035616119
24;99.5;76.42857143;0.723571429;302.5642857;2.12E-07;389232;5.61;0.502386034;1.004475739
25;38.5;985;0.566428571;284.3071429;4.45E-08;358128;2.99;0.489634807;0.978980806
26;19.92857143;476.4285714;0.640714286;301.7071429;6.91E-07;305424;3.13;0.54365705;1.086993427
27;48.92857143;116.4285714;0.145;261.5071429;4.95E-07;309744;13.55;0.523474027;1.046639286
28;69.35714286;345;0.060714286;285.85;5.61E-07;524016;5.51;0.531672527;1.06303145
29;44.35714286;12.14285714;0.717857143;298.8785714;7.31E-07;512784;6.23;0.545547624;1.09077346
30;67.21428571;780.7142857;0.947857143;290.5642857;2.84E-07;544752;9.33;0.506976539;1.013654042
31;93.21428571;717.8571429;0.843571429;253.2785714;9.80E-07;526608;12.91;0.56428163;1.128230421
32;37.21428571;852.1428571;0.120714286;261.0785714;4.57E-07;537840;9.15;0.521510798;1.042713986
33;73.21428571;675;0.817857143;298.3642857;3.24E-07;394416;10.43;0.509994175;1.019687533
34;15.92857143;359.2857143;0.877857143;273.5928571;4.63E-08;388368;3.85;0.48932544;0.978362255
35;21.07142857;865;0.300714286;259.7928571;7.74E-07;380592;0.79;0.552105431;1.103885207
36;94.07142857;976.4285714;0.647857143;284.05;3.64E-07;511056;12.37;0.512808751;1.025315026
37;9.5;293.5714286;0.509285714;281.1357143;4.80E-08;26352;11.71;0.486522719;0.972758467
38;7.214285714;699.2857143;0.690714286;264.9357143;1.08E-06;238896;3.07;0.576587824;1.15283555
39;83.35714286;937.8571429;0.502142857;264.6785714;9.30E-07;146448;5.95;0.562333401;1.124335113
40;65.64285714;656.4285714;0.287857143;311.3071429;1.44E-07;375408;1.97;0.498559718;0.996825364
41;56.35714286;919.2857143;0.455;283.9642857;4.97E-07;510192;12.05;0.52400656;1.047704039
42;84.07142857;953.5714286;0.259285714;286.1071429;5.23E-07;560304;4.35;0.528992773;1.057673523
43;48.5;822.1428571;0.323571429;281.9071429;1.02E-06;130896;7.71;0.568801867;1.137268229
44;32.35714286;150.7142857;0.477857143;296.9071429;1.09E-06;250128;8.71;0.574587977;1.148837036
45;18.07142857;760.7142857;0.093571429;291.3357143;1.31E-08;486000;13.81;0.483055905;0.965826882
46;21.35714286;123.5714286;0.417857143;269.1357143;5.56E-07;63504;13.57;0.528586588;1.056861394
47;27.21428571;600.7142857;0.075;287.2214286;8.77E-07;486864;4.25;0.558722987;1.117116414
48;33.35714286;255;0.873571429;277.3642857;9.18E-07;4752;3.93;0.562245313;1.12415899
49;50.92857143;45;0.303571429;257.4785714;5.26E-07;397008;0.57;0.531495942;1.062678385
50;47.64285714;305;0.005;278.5642857;7.42E-08;132624;1.47;0.493023184;0.985755563
51;1.357142857;437.8571429;0.082142857;293.65;4.23E-07;581040;0.67;0.522799452;1.045290535
52;22.07142857;80.71428571;0.855;297.9357143;3.55E-07;378864;9.75;0.512836243;1.025369993
53;98.64285714;502.1428571;0.107857143;312.1642857;1.19E-06;502416;2.43;0.586014107;1.171682556
54;34.07142857;300.7142857;0.316428571;263.9071429;7.57E-07;147312;1.49;0.550179803;1.100035085
55;18.64285714;625;0.350714286;294.85;1.08E-06;437616;2.89;0.576394723;1.152449462
56;91.78571429;915;0.719285714;256.9642857;4.58E-07;256176;5.33;0.523125785;1.045943007
57;82.21428571;483.5714286;0.299285714;284.9928571;5.33E-07;286416;6.43;0.528943261;1.057574528
58;81.92857143;375;0.989285714;300.3357143;2.71E-08;202608;7.05;0.486294735;0.972302633
59;59.07142857;407.8571429;0.523571429;271.5357143;1.95E-07;365040;1.67;0.50298521;1.005673738
60;14.64285714;960.7142857;0.239285714;289.5357143;3.92E-07;403920;1.59;0.519557673;1.038808888
61;34.64285714;163.5714286;0.302142857;280.45;8.84E-07;55728;1.57;0.560802509;1.121274232
62;1.214285714;626.4285714;0.070714286;303.4214286;5.11E-07;498960;0.85;0.529986142;1.059659675
63;84.35714286;99.28571429;0.007857143;299.1357143;5.95E-07;558576;5.79;0.534328762;1.068342353
64;45.21428571;725;0.242142857;310.7928571;4.98E-08;50544;4.59;0.489253404;0.978218225
65;28.5;823.5714286;0.677857143;277.6214286;1.30E-07;257040;13.05;0.49304011;0.985789403
66;63.21428571;423.5714286;0.749285714;312.85;1.01E-06;22032;2.53;0.570750008;1.141163362
67;66.35714286;830.7142857;0.852142857;307.8785714;9.19E-07;223344;10.53;0.559822861;1.119315515
68;16.35714286;903.5714286;0.859285714;256.1071429;8.46E-07;81648;2.95;0.556768811;1.113209215
69;32.21428571;405;0.396428571;270.1642857;6.64E-07;308880;4.51;0.540758729;1.081198495
70;92.35714286;623.5714286;0.409285714;304.8785714;7.76E-07;84240;11.35;0.547594417;1.094865839
71;95.78571429;180.7142857;0.129285714;263.5642857;4.15E-07;433296;9.69;0.517826535;1.035347635
72;47.92857143;79.28571429;0.126428571;300.5071429;2.21E-07;300240;5.35;0.503231849;1.006166871
73;20.64285714;506.4285714;0.247857143;275.65;7.06E-07;532656;9.99;0.542149766;1.083979748
74;9.071428571;546.4285714;0.826428571;285.9357143;6.50E-07;255312;5.15;0.539290331;1.078262565
75;0.357142857;862.1428571;0.269285714;311.7357143;9.21E-07;369360;1.09;0.564184601;1.128036422
76;70.92857143;102.1428571;0.002142857;293.4785714;8.95E-07;98928;11.37;0.557531271;1.114733686
77;40.35714286;27.85714286;0.137857143;271.2785714;3.40E-08;543024;7.81;0.486593255;0.972899497
78;90.07142857;330.7142857;0.037857143;277.5357143;6.29E-07;357264;0.53;0.540150703;1.079982802
79;6.071428571;996.4285714;0.632142857;288.3357143;1.20E-07;431568;10.81;0.492774047;0.985257434
80;24.5;242.1428571;0.623571429;268.7928571;4.78E-07;450576;9.19;0.523252147;1.046195657
81;19.5;682.1428571;0.027857143;259.8785714;1.21E-06;306288;13.73;0.583670062;1.166995849
82;98.07142857;933.5714286;0.745;257.3928571;6.71E-07;438480;9.37;0.539422857;1.078527539
83;50.5;872.1428571;0.185;293.8214286;9.37E-07;163728;9.67;0.561550707;1.122770187
84;18.78571429;696.4285714;0.220714286;313.0214286;6.92E-07;200880;10.57;0.54080314;1.08128729
85;15.64285714;723.5714286;0.645;307.1928571;1.13E-06;101520;11.49;0.576943861;1.153547414
86;58.07142857;387.8571429;0.605;296.3071429;1.01E-06;7344;8.85;0.568253208;1.136171236
87;74.35714286;853.5714286;0.545;271.6214286;7.92E-07;457488;1.77;0.552927783;1.105529425
88;14.35714286;769.2857143;0.543571429;255.85;6.52E-07;371952;12.81;0.536819138;1.073321637
89;65.07142857;975;0.309285714;311.65;8.44E-07;432;5.13;0.555529109;1.110730543
90;87.35714286;592.1428571;0.739285714;257.8214286;4.01E-07;360720;13.51;0.515588335;1.030872555
91;72.92857143;842.1428571;0.017857143;304.7071429;2.47E-07;82512;10.17;0.503639984;1.0069829
92;4.357142857;327.8571429;0.720714286;307.0214286;4.27E-07;534384;2.63;0.521857392;1.04340697
93;25.07142857;179.2857143;0.260714286;283.45;1.11E-06;428976;8.67;0.576063798;1.151787809
94;66.92857143;246.4285714;0.522142857;300.4214286;9.33E-07;75600;11.59;0.560686181;1.121041644
95;86.78571429;662.1428571;0.123571429;254.7357143;4.20E-07;143856;5.45;0.519855727;1.03940482
96;39.78571429;67.85714286;0.742142857;294.6785714;3.27E-07;185328;7.27;0.511358757;1.022415893
97;18.5;272.1428571;0.776428571;305.1357143;9.26E-07;23760;7.31;0.561494715;1.122658236
98;19.07142857;832.1428571;0.347857143;261.1642857;1.14E-06;340848;5.57;0.580335272;1.160328236
99;62.5;97.85714286;0.573571429;275.8214286;2.73E-07;496368;12.35;0.505210961;1.010123927
100;62.35714286;69.28571429;0.127857143;303.5928571;1.12E-06;112752;1.69;0.580319579;1.160296858
101;57.07142857;169.2857143;0.692142857;295.3642857;4.50E-07;115344;4.33;0.522861556;1.045414706
102;49.5;287.8571429;0.985;255.4214286;1.20E-06;149040;6.63;0.58500832;1.169671575
103;2.357142857;319.2857143;0.683571429;272.1357143;7.03E-07;124848;4.49;0.543985032;1.087649198
104;89.92857143;416.4285714;0.023571429;303.6785714;1.06E-06;324432;8.79;0.572367521;1.144397435
105;54.5;132.1428571;0.490714286;302.8214286;5.98E-07;108432;0.33;0.537661547;1.075005958
106;87.64285714;142.1428571;0.755;260.05;1.62E-07;299376;2.61;0.4996444;0.998994088
107;86.21428571;119.2857143;0.272142857;311.05;1.48E-08;354672;12.13;0.483630145;0.966975025
108;30.78571429;856.4285714;0.076428571;268.5357143;1.22E-06;348624;13.27;0.584368151;1.168391615
109;21.78571429;646.4285714;0.660714286;274.6214286;7.05E-07;170640;11.97;0.541427635;1.082535912
110;42.35714286;216.4285714;0.842142857;284.9071429;4.02E-07;533520;10.93;0.516425457;1.032546305
111;30.07142857;555;0.273571429;278.65;1.18E-07;260496;11.51;0.492426921;0.984563387
112;14.07142857;323.5714286;0.373571429;259.45;5.84E-07;144720;9.73;0.531996523;1.063679251
113;76.64285714;245;0.159285714;277.2785714;2.05E-07;211248;1.93;0.503701568;1.007106032
114;81.5;86.42857143;0.823571429;261.5928571;6.55E-08;363312;12.55;0.487758931;0.97523016
115;65.5;530.7142857;0.149285714;296.9928571;8.98E-07;104976;13.71;0.557210263;1.114091858
116;23.35714286;313.5714286;0.786428571;296.5642857;1.13E-06;38448;13.09;0.577102685;1.15386497
117;89.64285714;275;0.600714286;257.2214286;8.21E-07;60912;12.23;0.551153881;1.101982667
118;91.5;466.4285714;0.189285714;266.4785714;8.83E-07;470448;0.93;0.561075252;1.121819556
119;63.5;460.7142857;0.547857143;312.25;2.03E-07;69552;8.77;0.500437333;1.000579487
120;82.78571429;889.2857143;0.155;255.0785714;1.28E-07;588816;7.37;0.49465246;0.989013153
121;99.64285714;749.2857143;0.869285714;266.65;5.53E-07;62640;7.93;0.529974899;1.059637196
122;38.64285714;605;0.026428571;309.9357143;3.47E-07;475632;7.91;0.512728982;1.025155535
123;40.07142857;266.4285714;0.799285714;276.85;9.59E-07;294192;7.59;0.564167467;1.128002164
124;60.78571429;685;0.597857143;304.45;1.16E-06;155088;13.07;0.579447159;1.158552534
125;57.64285714;95;0.702142857;275.3928571;3.31E-07;72144;3.91;0.51312773;1.025952796
126;76.21428571;232.1428571;0.320714286;301.5357143;7.95E-07;479952;2.97;0.552517562;1.104709225
127;9.928571429;897.8571429;0.109285714;298.7071429;1.17E-06;296784;2.19;0.584108349;1.167872165
128;15.35714286;25;0.099285714;284.5642857;5.75E-07;187056;8.21;0.531775281;1.063236898
129;61.35714286;932.1428571;0.585;305.9071429;3.50E-07;156816;2.11;0.515728277;1.031152354
130;81.78571429;73.57142857;0.810714286;286.3642857;1.20E-06;602640;7.97;0.584205633;1.168066676
131;42.64285714;376.4285714;0.225;280.2785714;2.66E-07;207792;13.29;0.504384413;1.008471319
132;94.21428571;173.5714286;0.913571429;264.4214286;6.03E-07;603504;7.53;0.534362295;1.0684094
133;2.214285714;882.1428571;0.172142857;277.0214286;8.12E-08;595728;10.27;0.489719104;0.97914935
134;76.35714286;315;0.286428571;282.5928571;9.79E-07;145584;10.49;0.564806127;1.129279105
135;77.21428571;866.4285714;0.633571429;292.3642857;4.76E-07;407376;2.15;0.526231676;1.052152958
136;97.5;386.4285714;0.133571429;257.1357143;2.54E-07;34128;9.77;0.504349546;1.008401605
137;51.5;973.5714286;0.593571429;303.7642857;3.40E-07;384912;4.93;0.513365167;1.02642753
138;44.92857143;773.5714286;0.319285714;278.1357143;3.62E-07;355536;10.83;0.513091806;1.025880969
139;18.92857143;945;0.170714286;283.1928571;6.90E-08;584496;8.15;0.489394773;0.97850088
140;46.78571429;765;0.693571429;301.8785714;9.34E-08;235440;2.05;0.494271047;0.988250552
141;70.07142857;50.71428571;0.906428571;254.8214286;3.83E-07;263088;11.07;0.514776494;1.02924935
142;96.5;283.5714286;0.293571429;281.9928571;7.78E-07;157680;3.65;0.550691557;1.101058292
143;84.78571429;687.8571429;0.456428571;303.0785714;5.33E-08;199152;11.11;0.487130666;0.973974001
144;83.64285714;573.5714286;0.610714286;293.5642857;9.09E-07;441936;11.91;0.558550947;1.116772436
145;29.5;962.1428571;0.215;301.45;1.15E-06;342576;0.21;0.58439076;1.16843682
146;3.642857143;549.2857143;0.560714286;300.9357143;8.48E-07;368496;5.71;0.555564223;1.110800751
147;37.35714286;735;0.046428571;255.6785714;2.01E-08;230256;9.57;0.484820685;0.969355402
148;30.64285714;693.5714286;0.132142857;259.5357143;6.78E-07;16848;8.89;0.540166714;1.080014815
149;56.07142857;972.1428571;0.595;262.3642857;7.50E-07;447120;11.55;0.545344936;1.090368203
150;88.92857143;786.4285714;0.312142857;277.8785714;2.63E-07;350352;8.65;0.505449582;1.010601027
151;24.92857143;753.5714286;0.806428571;274.7928571;9.52E-07;20304;1.63;0.566466946;1.132599765
152;92.5;303.5714286;0.029285714;287.65;6.84E-07;567216;10.51;0.540090042;1.079861516
153;4.928571429;393.5714286;0.639285714;277.7928571;7.86E-09;142128;4.09;0.485987894;0.971689131
154;88.64285714;399.2857143;0.899285714;288.4214286;2.14E-07;14256;2.91;0.503861753;1.007426307
155;33.78571429;535;0.499285714;267.1642857;9.91E-07;462672;0.97;0.570113487;1.139890695
156;73.07142857;713.5714286;0.687857143;304.1928571;1.10E-06;527472;0.81;0.579726075;1.159110201
157;31.5;177.8571429;0.067857143;284.4785714;1.37E-07;396144;11.61;0.494007334;0.987723282
158;46.5;700.7142857;0.306428571;280.7071429;1.20E-06;219888;11.31;0.582843228;1.165342668
159;40.64285714;875;0.487857143;274.7071429;3.29E-07;167184;3.31;0.51329378;1.026284796
160;19.78571429;906.4285714;0.963571429;261.3357143;1.18E-06;345168;12.49;0.581205005;1.162067189
161;85.21428571;829.2857143;0.619285714;265.8785714;1.19E-06;553392;7.45;0.583520027;1.166695867
162;45.07142857;380.7142857;0.362142857;290.1357143;1.49E-07;203472;12.65;0.494751086;0.989210348
163;65.35714286;709.2857143;0.183571429;282.3357143;8.51E-07;326160;12.79;0.553492619;1.106658763
164;59.92857143;526.4285714;0.262142857;297.4214286;6.14E-07;473040;7.95;0.535085124;1.069854631
165;28.35714286;370.7142857;0.890714286;261.7642857;8.06E-07;228528;13.91;0.549412668;1.098501269
166;48.64285714;563.5714286;0.732142857;259.3642857;5.74E-07;517104;10.63;0.530842734;1.061372354
167;41.5;229.2857143;0.860714286;265.7071429;6.80E-07;79056;8.19;0.540555186;1.080791528
168;88.21428571;105;0.905;291.5071429;3.03E-07;568944;1.81;0.511963259;1.023624539
169;40.5;913.5714286;0.449285714;308.9928571;6.45E-07;137808;7.39;0.537924026;1.075530761
170;24.78571429;492.1428571;0.709285714;285.0785714;9.84E-07;316656;3.25;0.568155996;1.135976869
171;38.07142857;633.5714286;0.290714286;286.45;1.20E-06;224208;13.23;0.582477376;1.16461118
172;82.64285714;130.7142857;0.652142857;258.85;6.33E-07;194832;0.23;0.540658319;1.080997735
173;0.5;587.8571429;0.096428571;290.4785714;1.13E-07;549936;4.19;0.49471109;0.989130378
174;7.928571429;6.428571429;0.646428571;263.05;1.10E-06;236304;3.09;0.577892816;1.155444764
175;25.21428571;816.4285714;0.413571429;270.4214286;1.09E-06;483408;0.99;0.578434199;1.156527211
176;45.92857143;789.2857143;0.437857143;276.6785714;1.12E-06;313200;5.69;0.578382202;1.156423248
177;72.5;182.1428571;0.805;310.1928571;8.99E-08;408240;11.73;0.490026307;0.979763576
178;80.78571429;485;0.330714286;299.4785714;7.64E-07;52272;2.45;0.550180163;1.100035806
179;39.35714286;715;0.995;273.9357143;8.64E-08;32400;6.69;0.491407721;0.982525588
180;12.07142857;46.42857143;0.599285714;297.85;1.66E-08;366768;9.07;0.484691606;0.96909732
181;52.35714286;849.2857143;0.946428571;296.8214286;7.43E-07;599184;8.91;0.545569873;1.090817946
182;2.5;670.7142857;0.666428571;307.1071429;1.12E-06;234576;12.53;0.576223249;1.152106615
183;68.21428571;793.5714286;0.572142857;294.0785714;1.02E-06;231120;0.91;0.572785882;1.145233909
184;70.35714286;42.14285714;0.089285714;281.5642857;1.07E-06;481680;10.45;0.57242127;1.144504901
185;22.35714286;432.1428571;0.942142857;295.5357143;6.49E-07;523152;8.57;0.537790258;1.075263305
186;27.64285714;659.2857143;0.769285714;257.5642857;9.31E-07;331344;10.19;0.56094948;1.121568087
187;22.5;720.7142857;0.223571429;268.1071429;3.08E-07;395280;6.35;0.510114485;1.019928082
188;29.21428571;317.8571429;0.440714286;294.7642857;6.87E-07;262224;3.97;0.542924956;1.08552967
189;86.07142857;136.4285714;0.712142857;306.5071429;1.04E-06;43632;5.77;0.571621804;1.14290644
190;69.5;426.4285714;0.760714286;264.7642857;3.06E-08;336528;12.19;0.484929961;0.96957389
191;66.5;703.5714286;0.095;256.0214286;6.85E-07;535248;0.61;0.544773312;1.089225293
192;16.78571429;332.1428571;0.389285714;273.6785714;5.93E-07;125712;6.93;0.533714621;1.067114434
193;82.5;443.5714286;0.949285714;301.2785714;8.97E-07;58320;3.55;0.560686157;1.121041596
194;64.64285714;270.7142857;0.549285714;266.3928571;1.23E-07;349488;4.05;0.495657921;0.991023483
195;95.35714286;297.8571429;0.210714286;258.0785714;4.72E-07;370224;6.75;0.523696938;1.047084977
196;54.07142857;13.57142857;0.602142857;273.5071429;6.00E-07;436752;11.41;0.532809899;1.065305525
197;19.21428571;947.8571429;0.649285714;269.05;2.92E-07;67824;11.47;0.507059465;1.013819844
198;90.5;422.1428571;0.993571429;253.5357143;8.62E-07;168048;12.85;0.554354475;1.108381968
199;9.785714286;403.5714286;0.345;262.5357143;8.04E-07;456624;5.89;0.551831552;1.10333761
200;7.785714286;363.5714286;0.019285714;296.05;1.79E-07;333936;4.75;0.49999747;0.99970002
201;42.92857143;89.28571429;0.813571429;304.6214286;1.63E-07;208656;13.33;0.49574787;0.991203326
202;31.35714286;893.5714286;0.796428571;297.5928571;4.53E-07;427248;8.61;0.521400575;1.042493605
203;20.21428571;425;0.586428571;275.9928571;1.09E-06;442800;13.95;0.572797248;1.145256634
204;52.92857143;335;0.370714286;289.1928571;1.15E-06;362448;6.41;0.580857213;1.161371811
205;97.64285714;497.8571429;0.313571429;290.9928571;8.58E-07;172368;8.39;0.555398438;1.110469278
206;25.35714286;895;0.886428571;262.7928571;9.60E-09;142992;5.73;0.485373186;0.970460078
207;72.64285714;47.85714286;0.996428571;253.9642857;1.01E-06;45360;9.87;0.567774644;1.135214388
208;0.928571429;640.7142857;0.587857143;292.2785714;6.07E-07;539568;12.41;0.533121827;1.065929195
209;71.78571429;369.2857143;0.503571429;279.7642857;1.70E-07;529200;13.19;0.496367711;0.992442644
210;54.78571429;456.4285714;0.520714286;283.2785714;5.28E-07;569808;3.01;0.53012486;1.05993703
211;96.64285714;736.4285714;0.106428571;263.3928571;2.88E-08;39312;13.45;0.484459715;0.968633675
212;71.92857143;955;0.729285714;310.2785714;2.26E-07;188784;11.17;0.501588527;1.002881195
213;25.92857143;367.8571429;0.940714286;310.1071429;2.72E-07;333072;10.01;0.505736428;1.011174551
214;34.78571429;800.7142857;0.433571429;293.9071429;5.09E-07;555120;7.65;0.526422131;1.052533756
215;29.64285714;739.2857143;0.252142857;263.2214286;2.80E-07;587088;5.39;0.50818528;1.01607081
216;81.07142857;565;0.733571429;294.5071429;7.18E-07;507600;1.61;0.546886943;1.093451308
217;72.35714286;385;0.789285714;283.5357143;5.89E-07;473904;6.05;0.533779525;1.067244203
218;0.785714286;353.5714286;0.430714286;296.1357143;6.01E-07;28944;10.67;0.533170259;1.066026031
219;70.21428571;356.4285714;0.926428571;281.3071429;4.09E-07;8208;1.35;0.521173378;1.042039346
220;96.92857143;665;0.367857143;269.65;8.08E-07;22896;5.31;0.552377411;1.104429005
221;78.21428571;365;0.917857143;253.3642857;9.96E-07;386640;12.21;0.565780577;1.131227432
222;47.35714286;420.7142857;0.110714286;254.1357143;1.07E-06;322704;8.97;0.572745433;1.145153035
223;14.92857143;596.4285714;0.907857143;294.25;1.08E-06;88560;2.17;0.576663379;1.152986616
224;40.21428571;157.8571429;0.090714286;266.9071429;2.85E-07;254448;5.29;0.508668579;1.017037124
225;52.07142857;743.5714286;0.879285714;253.1928571;1.02E-06;178416;7.09;0.5691822;1.138028671
226;3.5;452.1428571;0.375;284.7357143;8.25E-07;478224;2.93;0.555025327;1.109723275
227;92.78571429;406.4285714;0.707857143;291.0785714;4.18E-07;225072;0.59;0.522416675;1.044525206
228;41.64285714;925;0.169285714;263.9928571;8.13E-07;371088;5.21;0.552861016;1.105395931
229;2.785714286;615;0.820714286;300.0785714;8.55E-07;487728;5.75;0.556131792;1.111935552
230;91.92857143;70.71428571;0.163571429;292.1928571;9.87E-07;358992;6.55;0.566910046;1.133485703
231;19.35714286;282.1428571;0.675;281.4785714;4.81E-07;447984;5.23;0.525071446;1.049833183
232;54.21428571;599.2857143;0.049285714;260.8214286;2.75E-07;158544;11.79;0.50550837;1.01071857
233;13.35714286;750.7142857;0.563571429;305.3071429;6.21E-07;289872;0.11;0.539722878;1.079127403
234;43.92857143;833.5714286;0.716428571;267.0785714;7.71E-07;301968;6.27;0.548893976;1.09746419
235;23.21428571;129.2857143;0.630714286;294.9357143;4.79E-07;226800;10.69;0.522929393;1.04555034
236;10.07142857;922.1428571;0.246428571;305.7357143;4.36E-07;200016;2.35;0.522750381;1.045192421
237;95.07142857;710.7142857;0.979285714;297.1642857;2.00E-07;580176;0.95;0.503892309;1.007487402
238;27.92857143;970.7142857;0.550714286;284.65;9.66E-07;325296;7.17;0.564911154;1.129489098
239;11.07142857;395;0.016428571;268.3642857;5.47E-07;301104;5.43;0.530538156;1.060763377
240;45.35714286;109.2857143;0.850714286;253.45;1.15E-06;96336;13.83;0.578382187;1.156423218
241;28.78571429;795;0.263571429;299.9928571;1.67E-07;282960;5.01;0.498853179;0.997412114
242;61.5;977.8571429;0.822142857;277.7071429;8.82E-08;15120;12.87;0.489576852;0.978864931
243;30.21428571;26.42857143;0.922142857;306.1642857;4.25E-07;290736;11.33;0.518211198;1.036116733
244;62.07142857;419.2857143;0.187857143;293.2214286;6.96E-07;549072;6.57;0.542484321;1.084648661
245;94.5;950.7142857;0.592142857;277.45;2.40E-07;284688;13.13;0.502231328;1.004166419
246;33.64285714;250.7142857;0.980714286;308.9071429;2.33E-07;273456;2.55;0.505673537;1.011048805
247;38.78571429;383.5714286;0.069285714;260.3071429;6.47E-07;160272;6.11;0.538579381;1.076841084
248;44.21428571;430.7142857;0.629285714;278.9928571;1.03E-06;278640;13.31;0.568128462;1.135921816
249;8.214285714;115;0.460714286;279.0785714;5.02E-07;19440;0.41;0.52956237;1.058812381
250;11.35714286;149.2857143;0.229285714;256.8785714;5.96E-07;35856;0.51;0.537386781;1.074456588
251;6.785714286;817.8571429;0.650714286;262.9642857;4.65E-07;414288;0.43;0.526477607;1.052644674
252;39.07142857;469.2857143;0.557857143;274.3642857;3.88E-07;439344;4.55;0.517637861;1.034970397
253;79.21428571;346.4285714;0.160714286;268.8785714;2.70E-07;205200;10.05;0.505577798;1.010857384
254;80.5;926.4285714;0.527857143;282.1642857;4.91E-07;164592;2.57;0.527301615;1.054292205
255;60.35714286;519.2857143;0.953571429;284.8214286;6.38E-07;122256;7.89;0.537153872;1.073990907
256;77.64285714;329.2857143;0.606428571;269.9071429;8.27E-07;128304;10.75;0.552008111;1.103690624
257;54.92857143;493.5714286;0.483571429;299.3928571;1.13E-06;120528;2.21;0.58058733;1.160832203
258;49.64285714;23.57142857;0.923571429;269.2214286;9.65E-07;90288;7.43;0.564666001;1.128998938
259;16.21428571;65;0.423571429;302.1357143;4.55E-07;197424;0.65;0.525445214;1.050580497
260;36.5;312.1428571;0.335;299.65;4.13E-07;225936;13.15;0.516701404;1.033098035
261;26.35714286;590.7142857;0.157857143;273.0785714;5.65E-07;327024;6.85;0.531406654;1.062499862
262;22.92857143;873.5714286;0.727857143;312.5928571;4.83E-07;556848;11.23;0.523064703;1.045820881
263;47.5;515;0.866428571;302.2214286;1.11E-06;314064;7.11;0.577216214;1.15409196
264;94.92857143;673.5714286;0.480714286;265.0214286;1.89E-07;335664;3.59;0.501448855;1.002601934
265;17.21428571;183.5714286;0.613571429;261.6785714;1.03E-06;29808;10.31;0.569246973;1.138158179
266;79.5;796.4285714;0.032142857;264.25;9.44E-07;458352;5.53;0.563684475;1.127036464
267;79.78571429;597.8571429;0.245;257.9071429;3.45E-07;440208;9.17;0.512146538;1.023990989
268;17.5;995;0.392142857;285.3357143;4.39E-07;11664;1.33;0.523671975;1.047035065
269;99.35714286;652.1428571;0.567857143;272.65;1.15E-06;520560;8.11;0.57991513;1.159488199
270;3.785714286;400.7142857;0.179285714;289.1071429;6.56E-07;266544;6.91;0.538986147;1.077654376
271;67.35714286;409.2857143;0.043571429;287.7357143;8.49E-07;379728;13.63;0.553135767;1.105945269
272;58.35714286;382.1428571;0.807857143;275.2214286;4.10E-08;421200;7.73;0.487207455;0.974127535
273;68.92857143;803.5714286;0.349285714;266.9928571;2.44E-07;66960;3.87;0.505837357;1.011376349
274;31.64285714;946.4285714;0.885;299.3071429;5.82E-07;498096;8.01;0.532431624;1.064549197
275;71.64285714;805;0.297857143;270.0785714;1.18E-06;31536;4.53;0.583735919;1.167127525
276;67.92857143;33.57142857;0.486428571;271.8785714;2.59E-07;307152;11.63;0.504236693;1.008175966
277;51.92857143;617.8571429;0.659285714;266.3071429;1.14E-06;521424;10.09;0.578379696;1.156418238
278;49.92857143;402.1428571;0.936428571;277.9642857;5.81E-07;269136;4.45;0.533769357;1.067223874
279;54.35714286;145;0.973571429;293.3928571;6.73E-07;328752;1.91;0.542898968;1.08547771
280;56.64285714;389.2857143;0.152142857;285.1642857;8.73E-10;339120;0.83;0.487305536;0.974323639
281;60.21428571;137.8571429;0.035;311.4785714;3.82E-07;359856;7.69;0.515733773;1.031163344
282;80.35714286;552.1428571;0.699285714;258.5071429;7.08E-07;448848;4.89;0.544234718;1.088148424
283;75.64285714;547.8571429;0.339285714;309.1642857;2.19E-07;543888;2.07;0.504786336;1.009274927
284;26.07142857;56.42857143;0.036428571;276.1642857;1.84E-07;148176;1.23;0.502390081;1.004483832
285;85.78571429;336.4285714;0.332142857;265.6214286;5.39E-07;206928;5.41;0.529815961;1.059319413
286;71.21428571;202.1428571;0.015;280.0214286;4.90E-07;490320;6.25;0.525361891;1.0504139
287;56.5;702.1428571;0.507857143;306.5928571;3.05E-07;98064;9.85;0.508564502;1.01682903
288;86.5;806.4285714;0.150714286;272.3071429;2.89E-07;268272;7.23;0.508157348;1.016014964
289;61.64285714;850.7142857;0.079285714;307.9642857;1.14E-07;240624;4.71;0.494606411;0.988921081
290;49.07142857;997.8571429;0.525;280.5357143;7.97E-07;54000;5.83;0.551272348;1.102219531
291;98.5;836.4285714;0.800714286;289.8785714;4.46E-07;541296;5.49;0.522031258;1.0437546
292;79.92857143;550.7142857;0.453571429;270.5071429;1.81E-07;409968;5.85;0.499650479;0.999006243
293;84.5;653.5714286;0.216428571;279.1642857;2.28E-07;243216;6.99;0.503132591;1.005968414
294;55.5;936.4285714;0.219285714;270.7642857;2.96E-07;239760;4.17;0.510073358;1.019845852
295;83.5;536.4285714;0.265;297.0785714;1.05E-06;590544;3.99;0.57361973;1.146901114
296;12.21428571;207.8571429;0.833571429;278.9071429;1.82E-07;327888;8.43;0.498799901;0.997305588
297;8.5;7.857142857;0.710714286;275.7357143;3.57E-07;426384;4.61;0.514977405;1.029651055
298;64.35714286;777.8571429;0.266428571;256.7928571;5.88E-07;161136;3.63;0.534764672;1.069213917
299;49.35714286;657.8571429;0.165;292.8785714;5.40E-07;95472;1.87;0.531811284;1.063308882
300;14.21428571;959.2857143;0.669285714;292.7071429;6.94E-07;314928;9.31;0.541343203;1.082367099
301;59.21428571;372.1428571;0.285;268.45;1.05E-06;593136;5.19;0.572755095;1.145172354
302;88.07142857;632.1428571;0.146428571;286.0214286;2.16E-07;559440;11.43;0.500637339;1.00097938
303;36.78571429;885;0.415;284.2214286;1.15E-06;484272;5.17;0.580805899;1.161269212
304;52.64285714;256.4285714;0.950714286;267.25;2.30E-07;218160;4.79;0.50421889;1.008140371
305;37.07142857;576.4285714;0.496428571;289.2785714;4.37E-07;501552;12.17;0.519002996;1.037699861
306;12.78571429;655;0.315;276.5071429;2.51E-07;102384;4.87;0.505936119;1.011573816
307;46.35714286;453.5714286;0.436428571;267.5928571;9.40E-07;412560;12.51;0.561022282;1.121713649
308;61.78571429;185;0.047857143;300.7642857;1.02E-06;477360;6.51;0.569704286;1.139072536
309;55.21428571;296.4285714;0.795;263.1357143;6.98E-07;271728;5.27;0.543183903;1.086047412
310;92.07142857;807.8571429;0.426428571;307.3642857;1.04E-06;303696;6.87;0.57131505;1.142293113
311;57.5;660.7142857;0.282142857;288.6785714;1.53E-07;572400;7.75;0.496557744;0.992822597
312;69.78571429;557.8571429;0.383571429;275.3071429;3.34E-07;548208;11.13;0.510665232;1.021029252
313;31.21428571;40.71428571;0.003571429;263.3071429;9.68E-07;217296;1.79;0.567682944;1.135031044
314;57.35714286;695;0.829285714;305.4785714;1.46E-07;432432;8.33;0.495764445;0.991236466
315;87.07142857;585;0.445;260.3928571;1.21E-06;514512;13.01;0.583263921;1.166183806
316;35.64285714;747.8571429;0.863571429;295.8785714;1.19E-06;573264;5.09;0.584790041;1.169235147
317;28.92857143;802.1428571;0.812142857;289.7928571;5.79E-07;190512;3.95;0.533869806;1.067424712
318;44.64285714;39.28571429;0.757857143;291.25;4.85E-07;422064;8.53;0.524060034;1.047810954
319;41.21428571;320.7142857;0.425;257.3071429;8.28E-07;242352;3.41;0.555057556;1.109787714
320;10.35714286;607.8571429;0.952142857;307.7928571;2.53E-08;78192;2.27;0.488437352;0.976586603
321;1.928571429;90.71428571;0.305;287.4785714;1.18E-06;54864;4.81;0.583457211;1.166570272
322;24.64285714;410.7142857;0.887857143;302.05;1.86E-07;582768;1.45;0.502393638;1.004490942
323;46.21428571;770.7142857;0.073571429;304.3642857;4.60E-07;281232;13.61;0.520535066;1.040763098
324;79.35714286;379.2857143;0.066428571;289.3642857;6.77E-07;186192;11.87;0.539115487;1.07791298
325;16.64285714;683.5714286;0.166428571;275.4785714;5.21E-07;515376;13.85;0.525594305;1.050878591
326;84.21428571;755;0.695;310.5357143;4.34E-07;106704;7.03;0.520370182;1.040433426
327;14.78571429;609.2857143;0.030714286;302.3928571;6.12E-07;488592;7.99;0.53492446;1.069533399
328;16.5;263.5714286;0.515;280.8785714;9.75E-07;391824;10.97;0.564371811;1.128410731
329;0.071428571;620.7142857;0.167857143;304.1071429;8.74E-07;179280;10.39;0.556063476;1.111798961
330;11.21428571;899.2857143;0.405;299.9071429;8.35E-07;198288;1.65;0.556658062;1.112987783
331;86.92857143;593.5714286;0.685;276.5928571;7.22E-07;466128;3.69;0.545992025;1.091662
332;17.07142857;197.8571429;0.010714286;301.3642857;2.77E-07;249264;10.61;0.505992431;1.011686407
333;55.07142857;992.1428571;0.059285714;293.05;2.87E-07;133488;12.43;0.506359518;1.012420363
334;3.928571429;355;0.086428571;296.65;1.35E-07;566352;1.99;0.497816494;0.995339355
335;52.78571429;863.5714286;0.759285714;274.2785714;2.68E-07;451440;10.73;0.505225749;1.010153493
336;31.07142857;809.2857143;0.033571429;285.6785714;3.61E-07;83376;9.59;0.513325843;1.026348904
337;25.78571429;215;0.190714286;283.1071429;3.71E-07;265680;2.29;0.517375762;1.034446354
338;58.5;366.4285714;0.317857143;288.0785714;6.68E-07;123984;0.89;0.543118114;1.085915873
339;71.35714286;22.14285714;0.577857143;300.1642857;3.76E-07;246672;3.39;0.517198899;1.034092732
340;3.357142857;103.5714286;0.753571429;282.7642857;1.03E-06;546480;3.21;0.571686681;1.143036156
341;69.64285714;930.7142857;0.359285714;262.1071429;8.67E-07;495504;11.99;0.555020054;1.109712733
342;90.21428571;113.5714286;0.009285714;284.3928571;1.68E-07;93744;3.37;0.499810154;0.999325499
343;13.92857143;479.2857143;0.680714286;271.0214286;1.77E-07;378000;9.51;0.497999158;0.995704576
344;45.5;189.2857143;0.529285714;258.7642857;7.25E-08;114480;6.65;0.49025402;0.980218868
345;43.64285714;539.2857143;0.173571429;298.0214286;9.93E-07;196560;8.83;0.566505413;1.132676676
346;23.78571429;629.2857143;0.900714286;277.1928571;1.06E-06;24624;2.25;0.574861275;1.149383471
347;13.07142857;457.8571429;0.667857143;297.3357143;4.69E-07;312336;7.61;0.52307406;1.045839589
348;89.78571429;980.7142857;0.505;267.6785714;8.60E-07;259632;12.39;0.554328059;1.108329151
349;26.92857143;740.7142857;0.916428571;274.1928571;7.83E-07;508464;1.55;0.552334807;1.104343823
350;2.071428571;712.1428571;0.535;297.6785714;1.98E-07;135216;2.73;0.502646678;1.004996873
351;63.35714286;892.1428571;0.105;260.9071429;8.76E-07;550800;9.49;0.556490924;1.112653606
352;58.92857143;690.7142857;0.992142857;279.6785714;4.48E-07;575856;0.29;0.525116106;1.049922475
353;37.64285714;732.1428571;0.679285714;265.5357143;8.88E-07;489456;9.25;0.557592554;1.114856216
354;42.07142857;247.8571429;0.853571429;282.6785714;7.59E-07;195696;1.07;0.550600067;1.100875366
355;78.92857143;289.2857143;0.326428571;253.8785714;1.13E-08;308016;11.03;0.483644648;0.967004022
356;4.071428571;32.14285714;0.935;313.1071429;2.62E-09;509328;1.03;0.487316437;0.974345433
357;83.21428571;322.1428571;0.830714286;279.5071429;1.18E-06;373680;2.65;0.584864002;1.169383026
358;44.5;269.2857143;0.280714286;272.4785714;1.48E-07;174960;11.75;0.494845824;0.989399766
359;80.07142857;737.8571429;0.420714286;263.65;7.48E-07;33264;0.71;0.549967387;1.099610379
360;7.071428571;886.4285714;0.459285714;253.6214286;7.85E-07;116208;11.93;0.548164338;1.096005344
361;91.07142857;52.14285714;0.999285714;288.25;2.24E-07;460080;8.37;0.502329998;1.0043637
362;22.21428571;847.8571429;0.329285714;271.7928571;1.00E-06;403056;10.23;0.566639546;1.132944864
363;94.64285714;176.4285714;0.055;259.1928571;1.88E-07;104112;7.83;0.499452704;0.998610809
364;60.5;719.2857143;0.530714286;302.3071429;7.53E-07;136080;12.31;0.545430241;1.090538764
365;57.21428571;143.5714286;0.706428571;290.7357143;5.63E-07;311472;2.83;0.533149017;1.06598356
366;42.5;280.7142857;0.562142857;257.05;7.77E-08;253584;9.21;0.489762728;0.979236573
367;29.78571429;5;0.466428571;312.6785714;1.20E-06;536976;11.27;0.583293247;1.166242441
368;70.5;203.5714286;0.957857143;309.6785714;3.23E-08;74736;8.35;0.486253565;0.972220317
369;95.21428571;887.8571429;0.722142857;267.4214286;2.98E-07;30672;2.03;0.511390077;1.022478514
370;93.5;199.2857143;0.380714286;264.0785714;3.69E-07;127440;3.27;0.516678123;1.033051486
371;49.21428571;949.2857143;0.250714286;276.7642857;9.12E-07;334800;7.25;0.560347877;1.120365235
372;69.21428571;859.2857143;0.289285714;284.1357143;1.00E-06;365904;12.93;0.566323511;1.132312979
373;75.92857143;63.57142857;0.140714286;274.45;7.29E-07;261360;1.71;0.547701457;1.095079855
374;51.07142857;983.5714286;0.937857143;288.5928571;6.15E-07;40176;10.47;0.534399742;1.068484273
375;69.92857143;570.7142857;0.775;259.1071429;1.21E-06;182736;0.75;0.588686344;1.177025454
376;75.78571429;93.57142857;0.197857143;271.3642857;8.29E-08;441072;11.45;0.489519507;0.978750275
377;92.21428571;813.5714286;0.987857143;283.6214286;9.45E-07;435888;4.11;0.564494495;1.128656026
378;37.5;843.5714286;0.205;306.3357143;9.04E-07;10800;12.11;0.558058096;1.115787025
379;87.78571429;306.4285714;0.582142857;307.45;5.15E-08;193104;2.01;0.490786129;0.981282771
380;78.07142857;645;0.467857143;292.9642857;1.03E-06;329616;4.63;0.571698709;1.143060204
381;91.35714286;827.8571429;0.875;281.05;3.36E-07;597456;3.75;0.513647967;1.026992963
382;24.07142857;883.5714286;0.636428571;256.5357143;1.07E-07;422928;5.97;0.493458439;0.986625816
383;75.35714286;112.1428571;0.463571429;292.7928571;1.14E-06;343440;6.21;0.58020853;1.160074827
384;85.92857143;429.2857143;0.927857143;281.2214286;1.12E-06;36720;12.73;0.576317413;1.152294889
385;45.64285714;206.4285714;0.087857143;268.6214286;5.37E-07;280368;13.53;0.526988056;1.053665272
386;56.92857143;746.4285714;0.569285714;296.3928571;1.14E-06;241488;5.99;0.579715873;1.159089803
387;61.07142857;239.2857143;0.962142857;291.9357143;9.23E-07;277776;6.61;0.561475966;1.122620749
388;47.21428571;742.1428571;0.797857143;279.4214286;4.06E-07;474768;1.15;0.521011845;1.041716375
389;75.07142857;285;0.625;253.7071429;7.80E-07;173232;6.95;0.549351627;1.098379223
390;95.64285714;900.7142857;0.653571429;289.9642857;1.01E-06;3024;3.35;0.570149438;1.139962577
391;17.78571429;60.71428571;0.400714286;260.5642857;9.73E-07;65232;4.07;0.566853838;1.133373321
392;52.21428571;582.1428571;0.876428571;276.9357143;1.06E-06;384048;8.55;0.572595979;1.144854216
393;61.21428571;212.1428571;0.959285714;298.2785714;5.16E-07;459216;9.81;0.526268905;1.052227395
394;17.35714286;729.2857143;0.397857143;283.7071429;3.90E-07;264816;11.29;0.515298295;1.030292645
395;98.92857143;782.1428571;0.579285714;280.1928571;7.60E-07;455760;4.31;0.548897299;1.097470834
396;69.07142857;273.5714286;0.310714286;259.7071429;4.98E-07;229392;8.31;0.525306556;1.050303264
397;49.78571429;339.2857143;0.209285714;272.9928571;2.38E-07;445392;2.79;0.505975775;1.011653104
398;38.92857143;153.5714286;0.856428571;267.5071429;8.39E-07;545616;0.47;0.557738802;1.115148624
399;63.07142857;722.1428571;0.142142857;303.9357143;3.26E-07;183600;12.29;0.509613292;1.018925992
400;48.07142857;639.2857143;0.020714286;299.05;2.37E-07;140400;9.05;0.503121124;1.005945485
401;20.92857143;459.2857143;0.122142857;300.5928571;3.59E-07;244080;4.57;0.51514268;1.029981506
402;33.92857143;706.4285714;0.462142857;279.25;7.39E-07;390960;6.37;0.546220975;1.092119766
403;34.5;259.2857143;0.895;302.9071429;8.53E-07;398736;8.73;0.554842321;1.109357371
404;10.21428571;152.1428571;0.382142857;270.5928571;3.87E-07;574992;11.77;0.514871522;1.029439351
405;95.92857143;896.4285714;0.342142857;292.45;8.09E-07;216432;7.07;0.551790535;1.1032556
406;39.5;505;0.153571429;259.6214286;7.87E-07;530064;0.87;0.553074231;1.105822234
407;76.5;465;0.903571429;271.1928571;1.16E-07;493776;6.97;0.493782745;0.987274235
408;35.78571429;516.4285714;0.730714286;304.5357143;4.37E-09;321840;2.85;0.486349597;0.972412324
409;53.92857143;227.8571429;0.256428571;308.7357143;4.67E-07;310608;13.67;0.521105281;1.041903192
410;81.35714286;879.2857143;0.115;274.5357143;1.06E-06;415152;8.23;0.572269325;1.1442011
411;92.92857143;826.4285714;0.395;295.45;4.29E-07;252720;9.01;0.519217926;1.038129595
412;19.64285714;482.1428571;0.845;288.85;6.54E-07;429840;6.29;0.539089418;1.077860857
413;39.21428571;162.1428571;0.637857143;254.9071429;5.32E-07;118800;4.85;0.529485765;1.058659217
414;20.5;815;0.910714286;286.7071429;4.28E-08;64368;1.27;0.490520637;0.980751943
415;55.78571429;126.4285714;0.296428571;310.0214286;8.23E-07;92880;10.71;0.551727507;1.103129581
416;29.35714286;347.8571429;0.635;258.25;8.11E-07;393552;3.23;0.553691627;1.107056663
417;11.64285714;869.2857143;0.555;254.65;6.61E-07;351216;5.03;0.540222361;1.080126076
418;43.21428571;286.4285714;0.387857143;266.5642857;8.72E-07;291600;9.23;0.556283203;1.112238286
419;51.78571429;133.5714286;0.537857143;268.9642857;1.41E-07;536112;6.79;0.495900548;0.991508593
420;5.785714286;237.8571429;0.770714286;267.9357143;9.42E-07;332208;7.29;0.562818249;1.125304524
421;35.21428571;220.7142857;0.513571429;278.3928571;9.56E-07;417744;0.63;0.567422421;1.134510151
422;89.07142857;349.2857143;0.626428571;269.3071429;1.06E-07;237168;9.27;0.492082423;0.983874595
423;20.07142857;277.8571429;0.012142857;309.7642857;1.60E-07;138672;2.71;0.4994413;0.998588007
424;65.78571429;643.5714286;0.295;266.7357143;3.48E-07;320976;12.69;0.511409006;1.022516361
425;77.35714286;236.4285714;0.765;297.5071429;9.07E-07;85104;4.47;0.561101632;1.121872301
426;77.5;500.7142857;0.540714286;254.5642857;6.57E-07;206064;2.31;0.54134297;1.082366633
427;24.35714286;940.7142857;0.327857143;257.65;1.19E-06;571536;3.51;0.585124792;1.169904451
428;67.07142857;733.5714286;0.112142857;305.3928571;1.75E-07;361584;2.13;0.501094962;1.001894357
429;65.92857143;445;0.257857143;293.9928571;1.06E-06;258768;4.69;0.573863498;1.147388507
430;83.07142857;187.8571429;0.130714286;308.8214286;6.02E-08;171504;12.03;0.487458665;0.974629806
431;34.35714286;692.1428571;0.929285714;276.3357143;5.67E-08;119664;13.75;0.486725743;0.973164394
432;6.642857143;316.4285714;0.517857143;285.7642857;1.55E-07;374544;3.19;0.498737014;0.997179852
433;56.78571429;252.1428571;0.022142857;255.5928571;8.63E-07;576720;3.73;0.557814694;1.115300365
434;70.78571429;299.2857143;0.377857143;296.2214286;6.43E-07;27216;10.29;0.536793671;1.073270717
435;7.5;969.2857143;0.663571429;278.05;1.05E-06;287280;13.35;0.5701655;1.13999469
436;50.78571429;249.2857143;0.696428571;298.1928571;6.19E-07;460944;7.55;0.535670746;1.071025531
437;95.5;170.7142857;0.353571429;270.9357143;3.52E-07;111888;13.17;0.511578909;1.022856067
438;68.64285714;106.4285714;0.516428571;254.3928571;4.22E-07;117936;1.41;0.522158125;1.044008258
439;64.21428571;759.2857143;0.307857143;290.3928571;1.91E-07;381456;7.57;0.499841034;0.99938724
440;87.5;910.7142857;0.065;269.3928571;1.04E-06;46224;5.37;0.572235654;1.144133778
441;36.21428571;612.1428571;0.915;299.7357143;6.20E-08;304560;12.09;0.48758867;0.974889738
442;58.21428571;265;0.117857143;288.9357143;9.25E-07;405648;9.43;0.560604322;1.120877975
443;18.35714286;360.7142857;0.747857143;257.7357143;8.18E-07;330480;0.39;0.556041313;1.111754649
444;76.78571429;676.4285714;0.232142857;309.4214286;1.58E-07;214704;9.79;0.4963015;0.992310261
445;6.5;350.7142857;0.097857143;300.85;7.10E-07;434160;4.95;0.544353151;1.088385219
446;62.92857143;890.7142857;0.493571429;287.5642857;6.36E-07;176688;0.77;0.540568315;1.08081778
447;46.07142857;240.7142857;0.237857143;263.4785714;2.31E-07;134352;1.19;0.506364124;1.012429572
448;52.5;96.42857143;0.590714286;279.3357143;7.41E-07;109296;9.03;0.545383442;1.090445192
449;25.64285714;135;0.240714286;292.0214286;1.04E-06;594864;3.53;0.572539928;1.144742146
450;99.21428571;260.7142857;0.857857143;307.7071429;6.63E-07;522288;8.09;0.539128714;1.077939426
451;53.07142857;533.5714286;0.039285714;255.7642857;5.25E-07;492048;12.63;0.526192136;1.052073901
452;99.78571429;100.7142857;0.870714286;272.8214286;4.62E-07;276048;12.71;0.520907691;1.041508128
453;55.64285714;963.5714286;0.703571429;285.25;1.11E-07;123120;12.67;0.491529201;0.982768476
454;46.92857143;373.5714286;0.589285714;273.7642857;4.86E-07;413424;11.05;0.523408856;1.046508983
455;82.92857143;87.85714286;0.182142857;269.9928571;6.40E-07;518832;3.05;0.539460548;1.078602899
456;5.5;616.4285714;0.715;274.9642857;7.94E-08;516240;13.03;0.488804999;0.977321679
457;93.78571429;3.571428571;0.815;301.6214286;1.08E-06;401328;6.81;0.574263;1.148187274
458;36.64285714;776.4285714;0.970714286;282.4214286;1.04E-06;542160;9.11;0.570066907;1.139797563
459;25.5;196.4285714;0.360714286;287.9071429;8.20E-07;578448;6.33;0.552963218;1.105600273
460;31.78571429;567.8571429;0.612142857;276.4214286;1.42E-07;594000;2.59;0.498047496;0.995801223
461;38.35714286;905;0.435;255.9357143;1.01E-06;41040;10.77;0.567062204;1.133789929
462;72.21428571;107.8571429;0.277857143;311.8214286;8.41E-07;117072;9.39;0.553599056;1.106871575
463;41.92857143;146.4285714;0.057857143;299.5642857;7.20E-07;126576;1.29;0.547238344;1.094153903
464;57.92857143;987.8571429;0.925;306.4214286;7.94E-07;1296;6.39;0.550745401;1.101165948
465;4.785714286;575;0.883571429;253.7928571;1.25E-07;37584;7.15;0.494444013;0.988596381
466;30.35714286;262.1428571;0.255;255.25;3.19E-07;79920;10.41;0.509561576;1.018822591
467;98.78571429;542.1428571;0.372142857;283.8785714;3.94E-07;591408;13.89;0.514911115;1.029518513
468;78.35714286;929.2857143;0.967857143;303.3357143;1.16E-06;479088;10.37;0.57975613;1.159170293
469;78.5;979.2857143;0.882142857;261.25;6.26E-07;430704;0.17;0.540117348;1.079916111
470;28.64285714;362.1428571;0.439285714;273.25;4.30E-07;402192;6.71;0.520203745;1.040100652
471;26.21428571;779.2857143;0.206428571;303.85;1.17E-06;189648;3.83;0.583643263;1.166942267
472;81.21428571;752.1428571;0.779285714;311.1357143;7.66E-07;184464;8.47;0.547621213;1.094919415
473;93.92857143;475;0.972142857;280.6214286;7.55E-07;557712;9.65;0.546350882;1.092379503
474;67.78571429;219.2857143;0.782142857;260.65;9.35E-07;111024;2.39;0.564544019;1.128755044
475;41.78571429;845;0.482142857;264.3357143;9.14E-07;279504;11.21;0.559185132;1.118040432
476;56.21428571;190.7142857;0.072142857;261.85;3.75E-08;499824;2.23;0.489484521;0.978680323
477;72.78571429;233.5714286;0.267857143;283.3642857;1.04E-07;57456;0.45;0.496197211;0.992101743
478;22.64285714;499.2857143;0.983571429;270.25;2.91E-07;80784;1.83;0.510927413;1.021553458
479;93.07142857;566.4285714;0.176428571;278.3071429;3.17E-07;169776;7.47;0.510405789;1.020510519
480;89.5;120.7142857;0.616428571;310.45;1.22E-06;94608;2.33;0.588265758;1.17618453
481;73.5;909.2857143;0.243571429;268.2785714;7.62E-07;110160;8.49;0.547321833;1.094320831
482;96.35714286;986.4285714;0.862142857;305.5642857;2.52E-07;480816;4.83;0.506100965;1.01190341
483;53.35714286;257.8571429;0.419285714;302.9928571;9.00E-07;372816;11.89;0.557825339;1.115321648
484;68.78571429;396.4285714;0.839285714;287.9928571;9.02E-07;210384;13.11;0.557651233;1.114973539
485;5.071428571;920.7142857;0.575;306.25;7.73E-07;411696;13.87;0.54664422;1.092966006
486;74.78571429;757.8571429;0.539285714;271.9642857;8.69E-07;338256;2.69;0.558815252;1.117300891
487;4.214285714;217.8571429;0.783571429;265.7928571;3.33E-07;497232;11.15;0.510513272;1.020725422
488;83.78571429;125;0.670714286;302.4785714;6.08E-07;540432;3.71;0.536477834;1.07263923
489;89.35714286;156.4285714;0.767857143;254.4785714;9.05E-07;201744;6.09;0.560227353;1.12012426
490;85.35714286;952.1428571;0.956428571;279.9357143;2.94E-07;53136;13.21;0.506743831;1.013188763
491;8.071428571;226.4285714;0.966428571;255.1642857;1.93E-07;21168;12.15;0.498538511;0.996782964
492;32.92857143;343.5714286;0.390714286;272.9071429;1.07E-06;219024;8.29;0.573564043;1.146789771
493;82.35714286;472.1428571;0.893571429;311.5642857;5.35E-07;409104;9.71;0.527908898;1.055506412
494;23.5;520.7142857;0.867857143;262.45;1.27E-07;295920;1.11;0.497644229;0.994994926
495;97.78571429;545;0.726428571;294.5928571;5.67E-07;596592;2.49;0.533634872;1.066954983
496;44.07142857;82.14285714;0.399285714;297.25;5.68E-07;238032;0.05;0.535380935;1.070446079
497;51.64285714;835;0.212142857;258.4214286;1.10E-06;352944;2.41;0.578568855;1.156796445
498;10.78571429;222.1428571;0.427857143;309.85;3.99E-07;337392;0.03;0.521213124;1.042118814
499;6.928571429;167.8571429;0.809285714;286.7928571;8.86E-07;600048;7.21;0.558169977;1.116010722
500;54.64285714;253.5714286;0.077857143;274.8785714;1.00E-06;598320;3.43;0.569668317;1.139000619
501;39.92857143;797.8571429;0.976428571;299.8214286;2.17E-07;227664;6.31;0.502527847;1.004759282
502;63.78571429;55;0.337857143;278.4785714;1.18E-06;382320;1.43;0.585894341;1.171443095
503;73.35714286;450.7142857;0.689285714;299.2214286;6.75E-07;531792;1.85;0.543082019;1.085843705
504;72.07142857;127.8571429;0.162142857;262.1928571;8.93E-07;233712;8.25;0.558371959;1.116414565
505;58.64285714;310.7142857;0.045;303.1642857;6.99E-07;295056;10.95;0.541275899;1.082232531
506;5.214285714;503.5714286;0.203571429;298.7928571;9.63E-07;270864;10.33;0.563538563;1.126744725
507;42.78571429;876.4285714;0.479285714;271.1071429;1.11E-06;420336;6.73;0.577072809;1.153805235
508;20.35714286;756.4285714;0.872142857;294.3357143;1.09E-06;505008;12.61;0.573278078;1.146218011
509;71.5;917.8571429;0.570714286;303.5071429;9.17E-08;298512;3.29;0.493419493;0.986547945
510;53.5;772.1428571;0.116428571;262.8785714;2.36E-08;428112;11.09;0.484650806;0.969015744
511;98.21428571;730.7142857;0.615;301.9642857;7.17E-07;364176;4.03;0.545380452;1.090439216
512;35.5;110.7142857;0.447857143;310.3642857;1.05E-06;221616;12.57;0.570071815;1.139807376
513;79.07142857;17.85714286;0.743571429;292.6214286;3.75E-07;89424;10.13;0.514325863;1.028348354
514;75.5;53.57142857;0.102142857;283.7928571;7.69E-07;191376;7.67;0.548200527;1.096077701
515;51.21428571;672.1428571;0.186428571;254.3071429;6.22E-07;231984;5.25;0.53690572;1.07349475
516;44.78571429;337.8571429;0.276428571;274.0214286;2.82E-07;222480;1.73;0.510258362;1.020215753
517;3.071428571;9.285714286;0.192142857;282.0785714;1.17E-06;339984;10.35;0.580785691;1.161228808
518;15.78571429;15;0.136428571;295.1071429;5.19E-07;517968;10.65;0.526304172;1.052297907
519;67.64285714;825;0.042142857;289.6214286;1.21E-06;159408;10.89;0.583987756;1.167631049
520;23.07142857;680.7142857;0.446428571;256.3642857;2.45E-07;346896;4.41;0.505715736;1.011133178
521;50.64285714;435;0.052142857;309.3357143;5.30E-07;272592;6.19;0.528749696;1.057187513
522;13.5;213.5714286;0.519285714;260.4785714;1.10E-06;151632;6.77;0.5758872;1.151434716
523;59.5;846.4285714;0.673571429;278.7357143;8.42E-07;153360;2.81;0.556554369;1.112780458
524;64.78571429;279.2857143;0.542142857;269.8214286;1.07E-06;49680;8.75;0.572673554;1.14500932
525;73.92857143;553.5714286;0.847857143;290.9071429;3.95E-07;293328;10.25;0.516043589;1.031782794
526;21.5;487.8571429;0.432142857;276.0785714;9.98E-07;315792;12.59;0.565826401;1.131319052
527;9.214285714;290.7142857;0.773571429;293.3071429;8.91E-07;454032;3.47;0.560289527;1.12024857
528;1.5;436.4285714;0.230714286;306.6785714;6.89E-07;47088;5.59;0.542311006;1.084302133
529;28.21428571;159.2857143;0.955;268.0214286;7.46E-07;562896;10.59;0.545329781;1.090337904
530;47.07142857;860.7142857;0.576428571;262.6214286;7.38E-07;468720;10.55;0.54461067;1.088900105
531;90.64285714;880.7142857;0.429285714;254.9928571;9.70E-07;346032;13.49;0.563258829;1.126185423
532;5.642857143;62.14285714;0.627857143;257.9928571;8.81E-07;404784;2.77;0.559793541;1.119256891
533;31.92857143;589.2857143;0.253571429;295.7928571;3.41E-07;141264;4.27;0.513825665;1.027348254
534;32.78571429;993.5714286;0.063571429;266.2214286;3.15E-07;5616;2.47;0.512591731;1.024881114
535;41.07142857;35;0.596428571;273.1642857;2.42E-07;48816;12.75;0.502474479;1.004652576
536;12.5;467.8571429;0.040714286;309.5071429;9.72E-07;41904;13.47;0.563409972;1.126487619
537;63.64285714;517.8571429;0.050714286;303.25;1.02E-07;56592;0.15;0.496268052;0.992243384
538;53.78571429;57.85714286;0.292142857;312.5071429;9.49E-07;192240;0.49;0.566936064;1.133537723
539;26.78571429;66.42857143;0.497857143;264.5071429;9.94E-07;66096;8.59;0.566733627;1.13313297
540;21.21428571;943.5714286;0.207857143;290.65;1.03E-06;181008;2.75;0.572232962;1.144128395
541;99.92857143;726.4285714;0.969285714;265.9642857;5.91E-07;574128;4.91;0.534429143;1.068543057
542;88.5;140.7142857;0.736428571;287.1357143;7.32E-07;154224;5.65;0.545940172;1.091558325
543;67.5;707.8571429;0.402142857;267.7642857;3.78E-07;175824;5.55;0.516302549;1.03230056
544;3.214285714;122.1428571;0.465;294.1642857;5.86E-07;165456;13.37;0.531121539;1.061929801
545;22.78571429;377.8571429;0.139285714;281.65;4.51E-07;317520;2.37;0.524054588;1.047800067
546;43.78571429;783.5714286;0.556428571;306.9357143;1.21E-06;68688;0.55;0.588971927;1.177596451
547;30.92857143;29.28571429;0.080714286;269.7357143;9.54E-07;482544;9.93;0.562930798;1.125529555
548;26.64285714;902.1428571;0.622142857;276.25;1.16E-06;463536;4.23;0.582419415;1.164495292
549;77.78571429;193.5714286;0.147857143;291.7642857;1.51E-07;464400;7.41;0.496538117;0.992783355
550;66.64285714;559.2857143;0.819285714;306.85;5.60E-07;579312;9.63;0.529981364;1.059650122
551;5.357142857;480.7142857;0.222142857;275.1357143;6.24E-07;215568;3.45;0.537929419;1.075541544
552;34.92857143;10.71428571;0.939285714;270.3357143;9.28E-07;392688;13.43;0.559764511;1.119198847
553;73.78571429;790.7142857;0.897857143;308.5642857;5.42E-07;491184;11.25;0.528030248;1.055749041
554;43.07142857;647.8571429;0.832142857;283.0214286;1.07E-06;61776;4.97;0.574756336;1.149173654
555;15.5;613.5714286;0.642142857;292.5357143;6.59E-07;400464;9.95;0.538214474;1.076111485
556;8.785714286;966.4285714;0.546428571;269.5642857;6.82E-07;452304;12.07;0.539499773;1.078681326
557;13.64285714;767.8571429;0.746428571;308.2214286;7.24E-07;577584;13.99;0.542521492;1.084722982
558;48.35714286;510.7142857;0.275;262.0214286;2.65E-07;589680;9.89;0.505189039;1.010080096
559;23.92857143;209.2857143;0.896428571;255.5071429;1.00E-07;538704;5.81;0.492941816;0.985592873
560;4.642857143;577.8571429;0.333571429;288.1642857;2.78E-07;469584;10.79;0.506085329;1.011872148
561;39.64285714;413.5714286;0.580714286;309.25;9.38E-07;180144;8.27;0.562166443;1.124001295
562;51.35714286;912.1428571;0.657857143;260.2214286;2.61E-07;232848;9.53;0.505010952;1.009724028
563;15.07142857;276.4285714;0.103571429;258.1642857;1.14E-06;449712;8.03;0.578774103;1.157206819
564;33.21428571;537.8571429;0.422142857;305.65;9.77E-07;113616;13.79;0.563770486;1.127208435
565;34.21428571;562.1428571;0.676428571;292.1071429;5.49E-07;383184;8.93;0.529333459;1.058354694
566;4.5;307.8571429;0.492142857;306.7642857;1.09E-06;297648;6.13;0.575855455;1.151371245
567;87.92857143;523.5714286;0.085;288.5071429;3.06E-07;276912;0.07;0.513434086;1.026565326
568;85.07142857;495;0.365;289.7071429;9.89E-07;568080;0.37;0.570384584;1.14043273
569;98.35714286;205;0.175;308.1357143;6.05E-07;530928;11.39;0.533254186;1.066193836
570;1.071428571;602.1428571;0.510714286;256.6214286;5.51E-07;446256;6.17;0.530512581;1.060712243
571;6.214285714;867.8571429;0.565;271.7071429;7.60E-08;376272;8.45;0.489873925;0.979458902
572;96.07142857;857.8571429;0.062142857;293.1357143;2.18E-08;220752;10.91;0.484556817;0.968827821
573;78.78571429;0.714285714;0.406428571;279.5928571;1.34E-07;601776;7.19;0.495159703;0.990027339
574;59.35714286;513.5714286;0.403571429;266.05;4.32E-07;28080;12.27;0.518537626;1.036769396
575;91.64285714;572.1428571;0.655;305.8214286;1.19E-06;492912;10.03;0.58234605;1.164348605
576;43.5;192.1428571;0.752142857;282.25;5.50E-08;99792;12.97;0.486773261;0.973259403
577;76.92857143;30.71428571;0.840714286;290.3071429;3.43E-07;461808;10.11;0.511700192;1.023098562
578;37.92857143;569.2857143;0.960714286;270.85;9.69E-08;209520;12.45;0.490417011;0.980544754
579;8.642857143;85;0.802142857;298.6214286;1.74E-07;121392;9.91;0.497579687;0.994865879
580;97.35714286;619.2857143;0.485;265.2785714;3.22E-07;34992;6.49;0.511227036;1.022152529
581;38.21428571;705;0.932142857;301.1928571;7.81E-07;76464;4.99;0.550329463;1.100334318
582;7.357142857;527.8571429;0.672142857;296.4785714;5.58E-07;60048;6.47;0.530973958;1.061634724
583;97.92857143;243.5714286;0.643571429;275.5642857;9.58E-07;166320;10.85;0.562944708;1.125557367
584;50.07142857;427.8571429;0.836428571;260.9928571;3.93E-08;15984;7.33;0.487210751;0.974134125
585;30.5;622.1428571;0.336428571;282.9357143;7.27E-07;130032;11.01;0.543597883;1.086875129
586;17.64285714;642.1428571;0.227857143;286.8785714;1.11E-06;586224;3.77;0.578848898;1.157356366
587;61.92857143;463.5714286;0.986428571;259.9642857;5.46E-07;103248;11.65;0.528210115;1.056108668
588;42.21428571;267.8571429;0.495;272.2214286;4.44E-07;3888;3.33;0.522933167;1.045557885
589;77.07142857;649.2857143;0.827857143;300.25;1.03E-06;471312;13.25;0.56858208;1.136828785
590;74.64285714;442.1428571;0.470714286;258.5928571;8.65E-07;12528;7.77;0.556205441;1.112082807
591;23.64285714;630.7142857;0.200714286;298.45;1.17E-06;47952;7.35;0.581949432;1.163555604
592;10.5;59.28571429;0.366428571;265.1071429;1.04E-06;465264;9.61;0.570488888;1.140641276
593;84.92857143;43.57142857;0.762142857;266.8214286;9.61E-07;397872;0.19;0.568175677;1.136016219
594;28.07142857;509.2857143;0.356428571;286.9642857;6.42E-07;377136;7.13;0.537730851;1.075144525
595;33.5;325;0.662142857;261.4214286;9.11E-07;472176;4.01;0.561620172;1.122909075
596;58.78571429;223.5714286;0.476428571;309.0785714;1.22E-06;87696;12.99;0.584292498;1.168240353
597;10.64285714;326.4285714;0.213571429;278.2214286;7.88E-07;85968;8.87;0.549384908;1.098445765
598;81.64285714;486.4285714;0.837857143;294.4214286;1.17E-06;399600;1.95;0.584106747;1.167868961
599;94.35714286;2.142857143;0.343571429;295.9642857;1.10E-06;181872;4.43;0.577350634;1.15436072
600;40.78571429;606.4285714;0.119285714;268.1928571;2.02E-07;347760;12.89;0.499075586;0.997856796
601;82.07142857;333.5714286;0.665;308.3928571;1.20E-06;149904;11.57;0.582623803;1.164903948
602;45.78571429;295;0.920714286;295.0214286;8.79E-07;86832;6.07;0.558042547;1.115755935
603;12.92857143;745;0.777857143;278.8214286;7.07E-08;513648;5.87;0.4904305;0.980571723
604;13.21428571;412.1428571;0.880714286;311.9928571;1.17E-06;551664;1.05;0.585412242;1.170479181
605;62.21428571;165;0.199285714;265.45;9.86E-07;244944;3.89;0.567967892;1.135600771
606;93.35714286;583.5714286;0.412142857;308.4785714;8.30E-07;552528;8.95;0.552867097;1.105408089
607;36.07142857;309.2857143;0.489285714;305.05;8.90E-07;600912;12.01;0.556915405;1.113502316
608;70.64285714;160.7142857;0.340714286;310.7071429;1.13E-06;168912;0.25;0.582168396;1.163993403
609;62.78571429;446.4285714;0.386428571;291.5928571;3.20E-07;59184;7.85;0.510557605;1.020814061
610;47.78571429;967.8571429;0.682142857;254.05;4.04E-07;245808;1.13;0.520878868;1.0414505
611;90.35714286;810.7142857;0.083571429;301.1071429;8.47E-08;587952;6.45;0.491358305;0.982426785
612;68.5;663.5714286;0.143571429;308.3071429;9.82E-07;282096;9.97;0.565257726;1.130182039
613;53.21428571;200.7142857;0.156428571;270.6785714;5.12E-07;467856;10.07;0.525895247;1.051480297
614;73.64285714;540.7142857;0.053571429;291.1642857;7.25E-07;13392;11.95;0.543187633;1.08605487
615;8.928571429;292.1428571;0.737857143;295.7071429;1.15E-06;263952;4.73;0.581155318;1.161967844
616;94.78571429;636.4285714;0.559285714;310.6214286;1.13E-06;341712;12.83;0.576876495;1.153412721
617;59.78571429;870.7142857;0.656428571;304.9642857;7.01E-07;51408;4.67;0.54375297;1.087185211
618;90.92857143;762.1428571;0.006428571;290.8214286;1.12E-06;267408;0.31;0.581101397;1.161860035
619;80.92857143;507.8571429;0.180714286;256.45;8.56E-07;585360;13.97;0.553638492;1.106950423
620;63.92857143;935;0.583571429;295.2785714;2.09E-07;204336;6.59;0.501682748;1.003069583
621;13.78571429;489.2857143;0.766428571;298.9642857;3.01E-07;528336;4.65;0.510279587;1.02025819
622;26.5;36.42857143;0.603571429;260.1357143;7.90E-07;97200;6.89;0.550252435;1.100180306
623;91.21428571;230.7142857;0.532142857;254.2214286;3.97E-07;193968;7.51;0.517116603;1.033928188
624;71.07142857;139.2857143;0.740714286;287.05;4.16E-07;565488;9.45;0.518049743;1.035793919
625;17.92857143;449.2857143;0.469285714;280.3642857;3.68E-07;503280;12.95;0.512950517;1.025598475
626;64.5;477.8571429;0.982142857;289.45;3.10E-07;292464;1.39;0.512813365;1.025324251
627;76.07142857;525;0.553571429;261.9357143;9.16E-07;570672;8.07;0.56033683;1.120343149
628;9.642857143;415;0.772142857;293.7357143;2.23E-07;524880;3.57;0.504237343;1.008177265
629;90.78571429;397.8571429;0.352142857;311.2214286;3.13E-07;353808;6.01;0.510694682;1.021088134
630;12.64285714;982.1428571;0.279285714;271.45;1.13E-06;505872;6.83;0.57893393;1.157526379
631;11.5;37.85714286;0.113571429;262.7071429;6.37E-08;425520;2.87;0.491309681;0.982329566
632;32.5;560.7142857;0.135;298.5357143;1.11E-06;18576;11.83;0.575533606;1.150727737
633;74.92857143;580.7142857;0.977857143;301.7928571;5.70E-07;288144;8.05;0.531393745;1.062474051
634;66.07142857;785;0.785;255.3357143;1.10E-06;320112;4.29;0.577126288;1.15391216
635;16.07142857;603.5714286;0.919285714;281.3928571;6.72E-08;387504;11.67;0.48814214;0.975996353
636;84.64285714;923.5714286;0.236428571;312.0785714;1.56E-07;152496;0.73;0.500387236;1.000479323
637;96.21428571;439.2857143;0.865;272.7357143;7.67E-07;406512;0.35;0.551829843;1.103334193
638;88.78571429;637.8571429;0.609285714;290.2214286;6.70E-07;352080;8.69;0.539503574;1.078688925
639;48.21428571;812.1428571;0.376428571;285.5071429;1.32E-07;390096;3.17;0.496847073;0.993401085
640;14.5;447.8571429;0.193571429;258.9357143;7.15E-07;91152;2.51;0.546051456;1.091780827
641;74.21428571;677.8571429;0.226428571;258.3357143;5.72E-07;418608;0.13;0.535614146;1.070912365
642;99.07142857;877.8571429;0.325;272.3928571;6.11E-09;466992;3.49;0.486148845;0.972010939
643;89.21428571;83.57142857;0.233571429;280.7928571;8.02E-07;453168;9.41;0.550375864;1.100427092
644;2.642857143;927.8571429;0.249285714;286.5357143;4.74E-07;561168;8.63;0.523148256;1.045987936
645;20.78571429;697.8571429;0.407857143;256.2785714;4.93E-07;289008;1.21;0.52828296;1.056254316
646;33.07142857;716.4285714;0.933571429;309.5928571;5.18E-07;562032;4.39;0.528534699;1.056757645
647;62.64285714;839.2857143;0.092142857;289.0214286;1.02E-06;250992;7.87;0.569035685;1.137735728
648;35.92857143;522.1428571;0.930714286;277.1071429;3.85E-07;419472;11.85;0.514703333;1.029103071
649;11.78571429;610.7142857;0.472142857;312.9357143;1.96E-07;150768;6.15;0.500839629;1.001383841
650;5.928571429;792.1428571;0.450714286;267.85;8.15E-07;155952;2.09;0.55463305;1.108938952
651;88.35714286;650.7142857;0.526428571;260.7357143;5.07E-07;6480;5.05;0.527346419;1.054381787
652;85.64285714;837.8571429;0.416428571;308.05;5.00E-07;187920;0.01;0.529708417;1.059104389
653;27.5;667.8571429;0.100714286;280.9642857;2.35E-07;92016;5.67;0.504260681;1.008223928
654;77.92857143;490.7142857;0.025;279.85;4.41E-07;105840;9.29;0.520148808;1.03999081
655;97.21428571;147.8571429;0.965;285.4214286;4.88E-07;555984;2.67;0.526952082;1.053593345
656;29.07142857;586.4285714;0.792142857;256.1928571;8.37E-07;270000;8.51;0.553602072;1.106877605
657;7.642857143;840.7142857;0.369285714;295.6214286;7.34E-07;356400;9.13;0.544765343;1.08920936
658;55.35714286;235;0.202142857;264.85;1.83E-08;511920;1.51;0.488318821;0.976349611
659;12.35714286;342.1428571;0.506428571;280.1071429;2.99E-07;302832;9.55;0.508221213;1.016142656
660;35.07142857;462.1428571;0.500714286;263.7357143;8.70E-07;485136;13.77;0.554856299;1.109385319
661;55.92857143;957.8571429;0.943571429;264.1642857;1.16E-06;25488;3.15;0.582831406;1.165319031
662;66.78571429;775;0.533571429;308.65;3.66E-07;563760;1.53;0.517402516;1.034499845
663;75.21428571;679.2857143;0.803571429;266.1357143;1.65E-07;77328;4.77;0.498818375;0.997342526
664;46.64285714;166.4285714;0.443571429;305.2214286;1.18E-06;416880;5.91;0.583697586;1.167050882
665;96.78571429;965;0.385;281.7357143;8.16E-07;275184;1.25;0.55530621;1.110284875
666;59.64285714;357.8571429;0.475;281.8214286;1.08E-06;424656;1.37;0.577452618;1.154564628
667;80.64285714;49.28571429;0.892142857;269.4785714;1.05E-06;257904;4.21;0.572925379;1.14551282
668;65.21428571;195;0.125;282.85;5.85E-08;444528;8.81;0.488288055;0.976288097
669;97.07142857;942.1428571;0.825;275.05;1.39E-07;107568;3.79;0.497105364;0.993917515
670;74.07142857;440.7142857;0.013571429;312.3357143;5.04E-07;71280;13.41;0.524239597;1.048169975
671;93.64285714;666.4285714;0.217857143;310.8785714;7.45E-07;367632;7.63;0.546168351;1.092014548
672;53.64285714;686.4285714;0.195;275.9071429;9.47E-07;248400;8.99;0.562649999;1.124968123
673;29.92857143;766.4285714;0.909285714;291.85;3.58E-08;274320;5.07;0.487859698;0.975431636
674;8.357142857;556.4285714;0.849285714;311.9071429;1.22E-06;344304;9.47;0.585009046;1.169673028
675;74.5;907.8571429;0.357857143;286.1928571;1.72E-07;494640;8.13;0.498028481;0.995763204
676;48.78571429;916.4285714;0.056428571;265.3642857;1.00E-06;174096;3.03;0.569737713;1.13913937
677;80.21428571;990.7142857;0.617857143;301.0214286;4.08E-07;73008;5.93;0.518624087;1.036942267
678;36.35714286;787.8571429;0.700714286;259.2785714;8.34E-07;247536;11.69;0.552324237;1.104322688
679;2.928571429;473.5714286;0.750714286;273.4214286;2.56E-07;17712;1.75;0.508052709;1.015805747
680;86.64285714;16.42857143;0.177857143;304.0214286;1.09E-06;592272;13.93;0.573533105;1.146727914
681;36.92857143;340.7142857;0.705;272.05;2.49E-07;162000;10.99;0.503541238;1.006785465
682;60.07142857;470.7142857;0.235;291.4214286;8.32E-07;454896;3.61;0.55524495;1.110162392
683;27.78571429;225;0.756428571;285.5928571;3.73E-07;212112;3.67;0.516759694;1.03321458
684;86.35714286;956.4285714;0.607857143;297.7642857;5.05E-07;525744;6.03;0.526769706;1.0532287
685;50.21428571;669.2857143;0.452142857;268.7071429;6.66E-07;443664;1.31;0.542692704;1.085065304
686;43.35714286;455;0.780714286;282.5071429;1.14E-06;435024;1.17;0.582554505;1.164765393
687;1.785714286;433.5714286;0.536428571;264.5928571;1.07E-06;318384;4.37;0.574894077;1.149449056
