datetime;(('bus_gen', 'storage'), 'flow');P_in;P_in_stor;P_out;P_out_stor;(('storage', 'None'), 'Y_p_in');(('storage', 'None'), 'Y_p_out');soc;(('storage', 'bus_dem'), 'flow');eta_in;eta_out
2021-01-18 00:00:00;0.0;0.0;0.0;0.0;0.0;0.0;0.0;0.0;0.0;;
2021-01-18 01:00:00;0.0;0.0;0.0;0.0;0.0;0.0;0.0;0.0;0.0;;
2021-01-18 02:00:00;0.0;0.0;0.0;0.0;0.0;0.0;0.0;0.0;0.0;;
2021-01-18 03:00:00;0.0;0.0;0.0;0.0;0.0;0.0;0.0;0.0;0.0;;
2021-01-18 04:00:00;0.0;0.0;0.0;0.0;0.0;0.0;0.0;0.0;0.0;;
2021-01-18 05:00:00;0.0;0.0;0.0;0.0;0.0;0.0;0.0;0.0;0.0;;
2021-01-18 06:00:00;0.0;0.0;0.0;0.0;0.0;0.0;0.0;0.0;0.0;;
2021-01-18 07:00:00;0.0;0.0;0.0;0.0;0.0;0.0;0.0;0.0;0.0;;
2021-01-18 08:00:00;0.0;0.0;0.0;0.0;0.0;0.0;0.0;0.0;0.0;;
2021-01-18 09:00:00;0.0;0.0;0.0;0.0;0.0;0.0;0.0;0.0;0.0;;
2021-01-18 10:00:00;0.0;0.0;0.0;0.0;0.0;0.0;0.0;0.0;0.0;;
2021-01-18 11:00:00;0.0;0.0;0.0;0.0;0.0;0.0;0.0;0.0;0.0;;
2021-01-18 12:00:00;0.0;0.0;0.0;0.0;0.0;0.0;0.0;0.0;0.0;;
2021-01-18 13:00:00;0.0;0.0;0.0;0.0;0.0;0.0;0.0;0.0;0.0;;
2021-01-18 14:00:00;0.0;0.0;0.0;0.0;0.0;0.0;0.0;0.0;0.0;;
2021-01-18 15:00:00;0.0;0.0;0.0;0.0;0.0;0.0;0.0;0.0;0.0;;
2021-01-18 16:00:00;0.0;0.0;0.0;0.0;0.0;0.0;0.0;0.0;0.0;;
2021-01-18 17:00:00;0.0;0.0;0.0;0.0;0.0;0.0;0.0;0.0;0.0;;
2021-01-18 18:00:00;0.0;0.0;0.0;0.0;0.0;0.0;0.0;0.0;0.0;;
2021-01-18 19:00:00;0.0;0.0;0.0;0.0;0.0;0.0;0.0;0.0;0.0;;
2021-01-18 20:00:00;0.0;0.0;0.0;0.0;0.0;0.0;0.0;0.0;0.0;;
2021-01-18 21:00:00;0.0;0.0;0.0;0.0;0.0;0.0;0.0;0.0;0.0;;
2021-01-18 22:00:00;0.0;0.0;0.0;0.0;0.0;0.0;0.0;0.0;0.0;;
2021-01-18 23:00:00;0.0;0.0;0.0;0.0;0.0;0.0;0.0;0.0;0.0;;
2021-01-19 00:00:00;0.0;0.0;0.0;0.0;0.0;0.0;0.0;0.0;0.0;;
2021-01-19 01:00:00;0.0;0.0;0.0;0.0;0.0;0.0;0.0;0.0;0.0;;
2021-01-19 02:00:00;106.0212;106.0212;90.1212;0.0;0.0;1.0;0.0;90.1212;0.0;0.8500299940011998;
2021-01-19 03:00:00;0.0;0.0;0.0;0.0;0.0;0.0;0.0;90.1212;0.0;;
2021-01-19 04:00:00;0.0;0.0;0.0;0.0;0.0;0.0;0.0;90.1212;0.0;;
2021-01-19 05:00:00;0.0;0.0;0.0;0.0;0.0;0.0;0.0;90.1212;0.0;;
2021-01-19 06:00:00;0.0;0.0;0.0;28.0;39.2;0.0;1.0;50.9212;28.0;;0.7142857142857142
2021-01-19 07:00:00;0.0;0.0;0.0;0.0;0.0;0.0;0.0;50.9212;0.0;;
2021-01-19 08:00:00;0.0;0.0;0.0;0.0;0.0;0.0;0.0;50.9212;0.0;;
2021-01-19 09:00:00;0.0;0.0;0.0;0.0;0.0;0.0;0.0;50.9212;0.0;;
2021-01-19 10:00:00;0.0;0.0;0.0;0.0;0.0;0.0;0.0;50.9212;0.0;;
2021-01-19 11:00:00;0.0;0.0;0.0;0.0;0.0;0.0;0.0;50.9212;0.0;;
2021-01-19 12:00:00;0.0;0.0;0.0;0.0;0.0;0.0;0.0;50.9212;0.0;;
2021-01-19 13:00:00;0.0;0.0;0.0;0.0;0.0;0.0;0.0;50.9212;0.0;;
2021-01-19 14:00:00;0.0;0.0;0.0;0.0;0.0;0.0;0.0;50.9212;0.0;;
2021-01-19 15:00:00;0.0;0.0;0.0;0.0;0.0;0.0;0.0;50.9212;0.0;;
2021-01-19 16:00:00;0.0;0.0;0.0;0.0;0.0;0.0;0.0;50.9212;0.0;;
2021-01-19 17:00:00;0.0;0.0;0.0;0.0;0.0;0.0;0.0;50.9212;0.0;;
2021-01-19 18:00:00;0.0;0.0;0.0;0.0;0.0;0.0;0.0;50.9212;0.0;;
2021-01-19 19:00:00;0.0;0.0;0.0;0.0;0.0;0.0;0.0;50.9212;0.0;;
2021-01-19 20:00:00;0.0;0.0;0.0;0.0;0.0;0.0;0.0;50.9212;0.0;;
2021-01-19 21:00:00;0.0;0.0;0.0;0.0;0.0;0.0;0.0;50.9212;0.0;;
2021-01-19 22:00:00;0.0;0.0;0.0;0.0;0.0;0.0;0.0;50.9212;0.0;;
2021-01-19 23:00:00;159.0;159.0;132.5901;0.0;0.0;1.0;0.0;183.5113;0.0;0.8339000000000001;
2021-01-20 00:00:00;0.0;0.0;0.0;0.0;0.0;0.0;0.0;183.5113;0.0;;
2021-01-20 01:00:00;0.0;0.0;0.0;0.0;0.0;0.0;0.0;183.5113;0.0;;
2021-01-20 02:00:00;0.0;0.0;0.0;0.0;0.0;0.0;0.0;183.5113;0.0;;
2021-01-20 03:00:00;0.0;0.0;0.0;0.0;0.0;0.0;0.0;183.5113;0.0;;
2021-01-20 04:00:00;0.0;0.0;0.0;0.0;0.0;0.0;0.0;183.5113;0.0;;
2021-01-20 05:00:00;0.0;0.0;0.0;0.0;0.0;0.0;0.0;183.5113;0.0;;
2021-01-20 06:00:00;0.0;0.0;0.0;0.0;0.0;0.0;0.0;183.5113;0.0;;
2021-01-20 07:00:00;0.0;0.0;0.0;0.0;0.0;0.0;0.0;183.5113;0.0;;
2021-01-20 08:00:00;0.0;0.0;0.0;0.0;0.0;0.0;0.0;183.5113;0.0;;
2021-01-20 09:00:00;0.0;0.0;0.0;0.0;0.0;0.0;0.0;183.5113;0.0;;
2021-01-20 10:00:00;0.0;0.0;0.0;0.0;0.0;0.0;0.0;183.5113;0.0;;
2021-01-20 11:00:00;0.0;0.0;0.0;0.0;0.0;0.0;0.0;183.5113;0.0;;
2021-01-20 12:00:00;0.0;0.0;0.0;0.0;0.0;0.0;0.0;183.5113;0.0;;
2021-01-20 13:00:00;0.0;0.0;0.0;0.0;0.0;0.0;0.0;183.5113;0.0;;
2021-01-20 14:00:00;0.0;0.0;0.0;0.0;0.0;0.0;0.0;183.5113;0.0;;
2021-01-20 15:00:00;0.0;0.0;0.0;0.0;0.0;0.0;0.0;183.5113;0.0;;
2021-01-20 16:00:00;159.0;159.0;132.5901;0.0;0.0;1.0;0.0;316.1014;0.0;0.8339000000000001;
2021-01-20 17:00:00;0.0;0.0;0.0;0.0;0.0;0.0;0.0;316.1014;0.0;;
2021-01-20 18:00:00;0.0;0.0;0.0;0.0;0.0;0.0;0.0;316.1014;0.0;;
2021-01-20 19:00:00;0.0;0.0;0.0;0.0;0.0;0.0;0.0;316.1014;0.0;;
2021-01-20 20:00:00;0.0;0.0;0.0;0.0;0.0;0.0;0.0;316.1014;0.0;;
2021-01-20 21:00:00;0.0;0.0;0.0;0.0;0.0;0.0;0.0;316.1014;0.0;;
2021-01-20 22:00:00;0.0;0.0;0.0;0.0;0.0;0.0;0.0;316.1014;0.0;;
2021-01-20 23:00:00;0.0;0.0;0.0;0.0;0.0;0.0;0.0;316.1014;0.0;;
2021-01-21 00:00:00;0.0;0.0;0.0;0.0;0.0;0.0;0.0;316.1014;0.0;;
2021-01-21 01:00:00;0.0;0.0;0.0;0.0;0.0;0.0;0.0;316.1014;0.0;;
2021-01-21 02:00:00;0.0;0.0;0.0;0.0;0.0;0.0;0.0;316.1014;0.0;;
2021-01-21 03:00:00;0.0;0.0;0.0;0.0;0.0;0.0;0.0;316.1014;0.0;;
2021-01-21 04:00:00;0.0;0.0;0.0;0.0;0.0;0.0;0.0;316.1014;0.0;;
2021-01-21 05:00:00;0.0;0.0;0.0;0.0;0.0;0.0;0.0;316.1014;0.0;;
2021-01-21 06:00:00;0.0;0.0;0.0;0.0;0.0;0.0;0.0;316.1014;0.0;;
2021-01-21 07:00:00;0.0;0.0;0.0;0.0;0.0;0.0;0.0;316.1014;0.0;;
2021-01-21 08:00:00;0.0;0.0;0.0;0.0;0.0;0.0;0.0;316.1014;0.0;;
2021-01-21 09:00:00;0.0;0.0;0.0;0.0;0.0;0.0;0.0;316.1014;0.0;;
2021-01-21 10:00:00;0.0;0.0;0.0;0.0;0.0;0.0;0.0;316.1014;0.0;;
2021-01-21 11:00:00;0.0;0.0;0.0;0.0;0.0;0.0;0.0;316.1014;0.0;;
2021-01-21 12:00:00;0.0;0.0;0.0;0.0;0.0;0.0;0.0;316.1014;0.0;;
2021-01-21 13:00:00;0.0;0.0;0.0;0.0;0.0;0.0;0.0;316.1014;0.0;;
2021-01-21 14:00:00;0.0;0.0;0.0;0.0;0.0;0.0;0.0;316.1014;0.0;;
2021-01-21 15:00:00;0.0;0.0;0.0;0.0;0.0;0.0;0.0;316.1014;0.0;;
2021-01-21 16:00:00;0.0;0.0;0.0;0.0;0.0;0.0;0.0;316.1014;0.0;;
2021-01-21 17:00:00;0.0;0.0;0.0;0.0;0.0;0.0;0.0;316.1014;0.0;;
2021-01-21 18:00:00;159.0;159.0;132.5901;0.0;0.0;1.0;0.0;448.6915;0.0;0.8339000000000001;
2021-01-21 19:00:00;0.0;0.0;0.0;0.0;0.0;0.0;0.0;448.6915;0.0;;
2021-01-21 20:00:00;0.0;0.0;0.0;0.0;0.0;0.0;0.0;448.6915;0.0;;
2021-01-21 21:00:00;159.0;159.0;132.5901;0.0;0.0;1.0;0.0;581.2816;0.0;0.8339000000000001;
2021-01-21 22:00:00;159.0;159.0;132.5901;0.0;0.0;1.0;0.0;713.8717;0.0;0.8339000000000001;
2021-01-21 23:00:00;159.0;159.0;132.5901;0.0;0.0;1.0;0.0;846.4618;0.0;0.8339000000000001;
2021-01-22 00:00:00;159.0;159.0;132.5901;0.0;0.0;1.0;0.0;979.0519;0.0;0.8339000000000001;
2021-01-22 01:00:00;159.0;159.0;132.5901;0.0;0.0;1.0;0.0;1111.642;0.0;0.8339000000000001;
2021-01-22 02:00:00;159.0;159.0;132.5901;0.0;0.0;1.0;0.0;1244.2321000000002;0.0;0.8339000000000001;
2021-01-22 03:00:00;159.0;159.0;132.5901;0.0;0.0;1.0;0.0;1376.8222;0.0;0.8339000000000001;
2021-01-22 04:00:00;159.0;159.0;132.5901;0.0;0.0;1.0;0.0;1509.4123;0.0;0.8339000000000001;
2021-01-22 05:00:00;0.0;0.0;0.0;0.0;0.0;0.0;0.0;1509.4123;0.0;;
2021-01-22 06:00:00;0.0;0.0;0.0;0.0;0.0;0.0;0.0;1509.4123;0.0;;
2021-01-22 07:00:00;159.0;159.0;132.5901;0.0;0.0;1.0;0.0;1642.0023999999999;0.0;0.8339000000000001;
2021-01-22 08:00:00;150.89407537499994;150.89407537499994;124.9514036932227;0.0;0.0;1.0;0.0;1766.9538036932227;0.0;0.8280736230544185;
2021-01-22 09:00:00;106.0212;106.0212;90.1212;0.0;0.0;1.0;0.0;1857.0750036932227;0.0;0.8500299940011998;
2021-01-22 10:00:00;0.0;0.0;0.0;0.0;0.0;0.0;0.0;1857.0750036932227;0.0;;
2021-01-22 11:00:00;106.0212;106.0212;90.1212;0.0;0.0;1.0;0.0;1947.1962036932227;0.0;0.8500299940011998;
2021-01-22 12:00:00;106.0212;106.0212;90.1212;0.0;0.0;1.0;0.0;2037.3174036932228;0.0;0.8500299940011998;
2021-01-22 13:00:00;106.0212;106.0212;90.1212;0.0;0.0;1.0;0.0;2127.438603693223;0.0;0.8500299940011998;
2021-01-22 14:00:00;52.9788;52.9788;45.5694;0.0;0.0;1.0;0.0;2173.0080036932227;0.0;0.8601440576230492;
2021-01-22 15:00:00;0.0;0.0;0.0;0.0;0.0;0.0;0.0;2173.0080036932227;0.0;;
2021-01-22 16:00:00;0.0;0.0;0.0;58.90862337500005;70.39921726997868;0.0;1.0;2102.608786423244;58.90862337500005;;0.8367795219808684
2021-01-22 17:00:00;0.0;0.0;0.0;74.79976750000003;86.43976531410259;0.0;1.0;2016.1690211091416;74.79976750000003;;0.8653397799981821
2021-01-22 18:00:00;0.0;0.0;0.0;54.35700437500009;65.80480527083341;0.0;1.0;1950.3642158383082;54.35700437500009;;0.8260339674478556
2021-01-22 19:00:00;0.0;0.0;0.0;28.0;39.2;0.0;1.0;1911.164215838308;28.0;;0.7142857142857142
2021-01-22 20:00:00;0.0;0.0;0.0;0.0;0.0;0.0;0.0;1911.164215838308;0.0;;
2021-01-22 21:00:00;0.0;0.0;0.0;0.0;0.0;0.0;0.0;1911.164215838308;0.0;;
2021-01-22 22:00:00;0.0;0.0;0.0;0.0;0.0;0.0;0.0;1911.164215838308;0.0;;
2021-01-22 23:00:00;0.0;0.0;0.0;0.0;0.0;0.0;0.0;1911.164215838308;0.0;;
2021-01-23 00:00:00;0.0;0.0;0.0;28.0;39.2;0.0;1.0;1871.964215838308;28.0;;0.7142857142857142
2021-01-23 01:00:00;0.0;0.0;0.0;0.0;0.0;0.0;0.0;1871.964215838308;0.0;;
2021-01-23 02:00:00;0.0;0.0;0.0;68.23589562500001;79.81418182318377;0.0;1.0;1792.1500340151242;68.23589562500001;;0.854934474880245
2021-01-23 03:00:00;0.0;0.0;0.0;79.174051375;90.8551749349359;0.0;1.0;1701.2948590801884;79.174051375;;0.8714313899202649
2021-01-23 04:00:00;0.0;0.0;0.0;87.85122575;99.6139295818376;0.0;1.0;1601.680929498351;87.85122575;;0.8819170784526277
2021-01-23 05:00:00;0.0;0.0;0.0;86.021876625;97.76738144797008;0.0;1.0;1503.9135480503808;86.021876625;;0.879862745130176
2021-01-23 06:00:00;0.0;0.0;0.0;82.82047775000004;94.5358839510684;0.0;1.0;1409.3776640993124;82.82047775000004;;0.8760745051357193
2021-01-23 07:00:00;0.0;0.0;0.0;85.42477600000004;97.1646670564103;0.0;1.0;1312.212997042902;85.42477600000004;;0.8791753071145244
2021-01-23 08:00:00;0.0;0.0;0.0;74.32670775;85.9622579938034;0.0;1.0;1226.2507390490987;74.32670775;;0.8646435015161869
2021-01-23 09:00:00;0.0;0.0;0.0;56.69451287500004;68.1642903464744;0.0;1.0;1158.0864487026242;56.69451287500004;;0.8317333399471444
2021-01-23 10:00:00;0.0;0.0;0.0;28.0;39.2;0.0;1.0;1118.8864487026242;28.0;;0.7142857142857142
2021-01-23 11:00:00;0.0;0.0;0.0;0.0;0.0;0.0;0.0;1118.8864487026242;0.0;;
2021-01-23 12:00:00;0.0;0.0;0.0;0.0;0.0;0.0;0.0;1118.8864487026242;0.0;;
2021-01-23 13:00:00;0.0;0.0;0.0;0.0;0.0;0.0;0.0;1118.8864487026242;0.0;;
2021-01-23 14:00:00;0.0;0.0;0.0;85.64457275000001;97.3865302715812;0.0;1.0;1021.4999184310429;85.64457275000001;;0.8794293472738328
2021-01-23 15:00:00;0.0;0.0;0.0;93.52000000000001;105.336;0.0;1.0;916.1639184310429;93.52000000000001;;0.8878256246677301
2021-01-23 16:00:00;0.0;0.0;0.0;93.52000000000001;105.336;0.0;1.0;810.8279184310429;93.52000000000001;;0.8878256246677301
2021-01-23 17:00:00;0.0;0.0;0.0;93.52000000000001;105.336;0.0;1.0;705.4919184310429;93.52000000000001;;0.8878256246677301
2021-01-23 18:00:00;0.0;0.0;0.0;0.0;0.0;0.0;0.0;705.4919184310429;0.0;;
2021-01-23 19:00:00;0.0;0.0;0.0;93.52000000000001;105.336;0.0;1.0;600.1559184310429;93.52000000000001;;0.8878256246677301
2021-01-23 20:00:00;0.0;0.0;0.0;0.0;0.0;0.0;0.0;600.1559184310429;0.0;;
2021-01-23 21:00:00;0.0;0.0;0.0;93.52000000000001;105.336;0.0;1.0;494.8199184310429;93.52000000000001;;0.8878256246677301
2021-01-23 22:00:00;0.0;0.0;0.0;93.52000000000001;105.336;0.0;1.0;389.48391843104287;93.52000000000001;;0.8878256246677301
2021-01-23 23:00:00;0.0;0.0;0.0;93.52000000000001;105.336;0.0;1.0;284.14791843104285;93.52000000000001;;0.8878256246677301
2021-01-24 00:00:00;0.0;0.0;0.0;0.0;0.0;0.0;0.0;284.14791843104285;0.0;;
2021-01-24 01:00:00;0.0;0.0;0.0;0.0;0.0;0.0;0.0;284.14791843104285;0.0;;
2021-01-24 02:00:00;0.0;0.0;0.0;0.0;0.0;0.0;0.0;284.14791843104285;0.0;;
2021-01-24 03:00:00;0.0;0.0;0.0;61.37202243834315;72.88577649545579;0.0;1.0;211.26214193558707;61.37202243834315;;0.8420301654077804
2021-01-24 04:00:00;0.0;0.0;0.0;0.0;0.0;0.0;0.0;211.26214193558707;0.0;;
2021-01-24 05:00:00;0.0;0.0;0.0;0.0;0.0;0.0;0.0;211.26214193558707;0.0;;
2021-01-24 06:00:00;0.0;0.0;0.0;0.0;0.0;0.0;0.0;211.26214193558707;0.0;;
2021-01-24 07:00:00;0.0;0.0;0.0;0.0;0.0;0.0;0.0;211.26214193558707;0.0;;
2021-01-24 08:00:00;0.0;0.0;0.0;0.0;0.0;0.0;0.0;211.26214193558707;0.0;;
2021-01-24 09:00:00;0.0;0.0;0.0;0.0;0.0;0.0;0.0;211.26214193558707;0.0;;
2021-01-24 10:00:00;0.0;0.0;0.0;0.0;0.0;0.0;0.0;211.26214193558707;0.0;;
2021-01-24 11:00:00;0.0;0.0;0.0;0.0;0.0;0.0;0.0;211.26214193558707;0.0;;
2021-01-24 12:00:00;0.0;0.0;0.0;0.0;0.0;0.0;0.0;211.26214193558707;0.0;;
2021-01-24 13:00:00;0.0;0.0;0.0;0.0;0.0;0.0;0.0;211.26214193558707;0.0;;
2021-01-24 14:00:00;0.0;0.0;0.0;0.0;0.0;0.0;0.0;211.26214193558707;0.0;;
2021-01-24 15:00:00;0.0;0.0;0.0;0.0;0.0;0.0;0.0;211.26214193558707;0.0;;
2021-01-24 16:00:00;0.0;0.0;0.0;0.0;0.0;0.0;0.0;211.26214193558707;0.0;;
2021-01-24 17:00:00;0.0;0.0;0.0;93.52000000000001;105.336;0.0;1.0;105.92614193558708;93.52000000000001;;0.8878256246677301
2021-01-24 18:00:00;0.0;0.0;0.0;0.0;0.0;0.0;0.0;105.92614193558708;0.0;;
2021-01-24 19:00:00;0.0;0.0;0.0;0.0;0.0;0.0;0.0;105.92614193558708;0.0;;
2021-01-24 20:00:00;0.0;0.0;0.0;0.0;0.0;0.0;0.0;105.92614193558708;0.0;;
2021-01-24 21:00:00;0.0;0.0;0.0;0.0;0.0;0.0;0.0;105.92614193558708;0.0;;
2021-01-24 22:00:00;0.0;0.0;0.0;0.0;0.0;0.0;0.0;105.92614193558708;0.0;;
2021-01-24 23:00:00;0.0;0.0;0.0;0.0;0.0;0.0;0.0;105.92614193558708;0.0;;
2021-01-25 00:00:00;0.0;0.0;0.0;0.0;0.0;0.0;0.0;105.92614193558708;0.0;;
2021-01-25 01:00:00;0.0;0.0;0.0;0.0;0.0;0.0;0.0;105.92614193558708;0.0;;
2021-01-25 02:00:00;0.0;0.0;0.0;0.0;0.0;0.0;0.0;105.92614193558708;0.0;;
2021-01-25 03:00:00;0.0;0.0;0.0;0.0;0.0;0.0;0.0;105.92614193558708;0.0;;
2021-01-25 04:00:00;0.0;0.0;0.0;0.0;0.0;0.0;0.0;105.92614193558708;0.0;;
2021-01-25 05:00:00;0.0;0.0;0.0;0.0;0.0;0.0;0.0;105.92614193558708;0.0;;
2021-01-25 06:00:00;0.0;0.0;0.0;0.0;0.0;0.0;0.0;105.92614193558708;0.0;;
2021-01-25 07:00:00;0.0;0.0;0.0;0.0;0.0;0.0;0.0;105.92614193558708;0.0;;
2021-01-25 08:00:00;0.0;0.0;0.0;0.0;0.0;0.0;0.0;105.92614193558708;0.0;;
2021-01-25 09:00:00;0.0;0.0;0.0;0.0;0.0;0.0;0.0;105.92614193558708;0.0;;
2021-01-25 10:00:00;0.0;0.0;0.0;0.0;0.0;0.0;0.0;105.92614193558708;0.0;;
2021-01-25 11:00:00;0.0;0.0;0.0;0.0;0.0;0.0;0.0;105.92614193558708;0.0;;
2021-01-25 12:00:00;0.0;0.0;0.0;0.0;0.0;0.0;0.0;105.92614193558708;0.0;;
2021-01-25 13:00:00;0.0;0.0;0.0;0.0;0.0;0.0;0.0;105.92614193558708;0.0;;
2021-01-25 14:00:00;0.0;0.0;0.0;0.0;0.0;0.0;0.0;105.92614193558708;0.0;;
2021-01-25 15:00:00;0.0;0.0;0.0;0.0;0.0;0.0;0.0;105.92614193558708;0.0;;
2021-01-25 16:00:00;0.0;0.0;0.0;0.0;0.0;0.0;0.0;105.92614193558708;0.0;;
2021-01-25 17:00:00;0.0;0.0;0.0;0.0;0.0;0.0;0.0;105.92614193558708;0.0;;
2021-01-25 18:00:00;0.0;0.0;0.0;0.0;0.0;0.0;0.0;105.92614193558708;0.0;;
2021-01-25 19:00:00;0.0;0.0;0.0;0.0;0.0;0.0;0.0;105.92614193558708;0.0;;
2021-01-25 20:00:00;0.0;0.0;0.0;0.0;0.0;0.0;0.0;105.92614193558708;0.0;;
2021-01-25 21:00:00;0.0;0.0;0.0;0.0;0.0;0.0;0.0;105.92614193558708;0.0;;
2021-01-25 22:00:00;0.0;0.0;0.0;0.0;0.0;0.0;0.0;105.92614193558708;0.0;;
2021-01-25 23:00:00;0.0;0.0;0.0;0.0;0.0;0.0;0.0;105.92614193558708;0.0;;
2021-01-26 00:00:00;0.0;0.0;0.0;0.0;0.0;0.0;0.0;105.92614193558708;0.0;;
2021-01-26 01:00:00;0.0;0.0;0.0;0.0;0.0;0.0;0.0;105.92614193558708;0.0;;
2021-01-26 02:00:00;0.0;0.0;0.0;0.0;0.0;0.0;0.0;105.92614193558708;0.0;;
2021-01-26 03:00:00;0.0;0.0;0.0;0.0;0.0;0.0;0.0;105.92614193558708;0.0;;
2021-01-26 04:00:00;0.0;0.0;0.0;0.0;0.0;0.0;0.0;105.92614193558708;0.0;;
2021-01-26 05:00:00;0.0;0.0;0.0;0.0;0.0;0.0;0.0;105.92614193558708;0.0;;
2021-01-26 06:00:00;0.0;0.0;0.0;0.0;0.0;0.0;0.0;105.92614193558708;0.0;;
2021-01-26 07:00:00;0.0;0.0;0.0;0.0;0.0;0.0;0.0;105.92614193558708;0.0;;
2021-01-26 08:00:00;0.0;0.0;0.0;0.0;0.0;0.0;0.0;105.92614193558708;0.0;;
2021-01-26 09:00:00;0.0;0.0;0.0;0.0;0.0;0.0;0.0;105.92614193558708;0.0;;
2021-01-26 10:00:00;0.0;0.0;0.0;0.0;0.0;0.0;0.0;105.92614193558708;0.0;;
2021-01-26 11:00:00;0.0;0.0;0.0;0.0;0.0;0.0;0.0;105.92614193558708;0.0;;
2021-01-26 12:00:00;0.0;0.0;0.0;0.0;0.0;0.0;0.0;105.92614193558708;0.0;;
2021-01-26 13:00:00;0.0;0.0;0.0;0.0;0.0;0.0;0.0;105.92614193558708;0.0;;
2021-01-26 14:00:00;0.0;0.0;0.0;0.0;0.0;0.0;0.0;105.92614193558708;0.0;;
2021-01-26 15:00:00;0.0;0.0;0.0;0.0;0.0;0.0;0.0;105.92614193558708;0.0;;
2021-01-26 16:00:00;0.0;0.0;0.0;0.0;0.0;0.0;0.0;105.92614193558708;0.0;;
2021-01-26 17:00:00;0.0;0.0;0.0;0.0;0.0;0.0;0.0;105.92614193558708;0.0;;
2021-01-26 18:00:00;0.0;0.0;0.0;0.0;0.0;0.0;0.0;105.92614193558708;0.0;;
2021-01-26 19:00:00;0.0;0.0;0.0;0.0;0.0;0.0;0.0;105.92614193558708;0.0;;
2021-01-26 20:00:00;0.0;0.0;0.0;0.0;0.0;0.0;0.0;105.92614193558708;0.0;;
2021-01-26 21:00:00;0.0;0.0;0.0;0.0;0.0;0.0;0.0;105.92614193558708;0.0;;
2021-01-26 22:00:00;0.0;0.0;0.0;0.0;0.0;0.0;0.0;105.92614193558708;0.0;;
2021-01-26 23:00:00;0.0;0.0;0.0;0.0;0.0;0.0;0.0;105.92614193558708;0.0;;
2021-01-27 00:00:00;0.0;0.0;0.0;0.0;0.0;0.0;0.0;105.92614193558708;0.0;;
2021-01-27 01:00:00;0.0;0.0;0.0;0.0;0.0;0.0;0.0;105.92614193558708;0.0;;
2021-01-27 02:00:00;0.0;0.0;0.0;0.0;0.0;0.0;0.0;105.92614193558708;0.0;;
2021-01-27 03:00:00;0.0;0.0;0.0;0.0;0.0;0.0;0.0;105.92614193558708;0.0;;
2021-01-27 04:00:00;0.0;0.0;0.0;0.0;0.0;0.0;0.0;105.92614193558708;0.0;;
2021-01-27 05:00:00;0.0;0.0;0.0;0.0;0.0;0.0;0.0;105.92614193558708;0.0;;
2021-01-27 06:00:00;0.0;0.0;0.0;0.0;0.0;0.0;0.0;105.92614193558708;0.0;;
2021-01-27 07:00:00;0.0;0.0;0.0;0.0;0.0;0.0;0.0;105.92614193558708;0.0;;
2021-01-27 08:00:00;0.0;0.0;0.0;0.0;0.0;0.0;0.0;105.92614193558708;0.0;;
2021-01-27 09:00:00;0.0;0.0;0.0;0.0;0.0;0.0;0.0;105.92614193558708;0.0;;
2021-01-27 10:00:00;0.0;0.0;0.0;0.0;0.0;0.0;0.0;105.92614193558708;0.0;;
2021-01-27 11:00:00;0.0;0.0;0.0;0.0;0.0;0.0;0.0;105.92614193558708;0.0;;
2021-01-27 12:00:00;0.0;0.0;0.0;0.0;0.0;0.0;0.0;105.92614193558708;0.0;;
2021-01-27 13:00:00;0.0;0.0;0.0;0.0;0.0;0.0;0.0;105.92614193558708;0.0;;
2021-01-27 14:00:00;0.0;0.0;0.0;0.0;0.0;0.0;0.0;105.92614193558708;0.0;;
2021-01-27 15:00:00;0.0;0.0;0.0;0.0;0.0;0.0;0.0;105.92614193558708;0.0;;
2021-01-27 16:00:00;0.0;0.0;0.0;0.0;0.0;0.0;0.0;105.92614193558708;0.0;;
2021-01-27 17:00:00;0.0;0.0;0.0;0.0;0.0;0.0;0.0;105.92614193558708;0.0;;
2021-01-27 18:00:00;0.0;0.0;0.0;0.0;0.0;0.0;0.0;105.92614193558708;0.0;;
2021-01-27 19:00:00;0.0;0.0;0.0;0.0;0.0;0.0;0.0;105.92614193558708;0.0;;
2021-01-27 20:00:00;0.0;0.0;0.0;0.0;0.0;0.0;0.0;105.92614193558708;0.0;;
2021-01-27 21:00:00;0.0;0.0;0.0;0.0;0.0;0.0;0.0;105.92614193558708;0.0;;
2021-01-27 22:00:00;0.0;0.0;0.0;0.0;0.0;0.0;0.0;105.92614193558708;0.0;;
2021-01-27 23:00:00;0.0;0.0;0.0;0.0;0.0;0.0;0.0;105.92614193558708;0.0;;
2021-01-28 00:00:00;0.0;0.0;0.0;0.0;0.0;0.0;0.0;105.92614193558708;0.0;;
2021-01-28 01:00:00;0.0;0.0;0.0;0.0;0.0;0.0;0.0;105.92614193558708;0.0;;
2021-01-28 02:00:00;0.0;0.0;0.0;0.0;0.0;0.0;0.0;105.92614193558708;0.0;;
2021-01-28 03:00:00;0.0;0.0;0.0;0.0;0.0;0.0;0.0;105.92614193558708;0.0;;
2021-01-28 04:00:00;0.0;0.0;0.0;0.0;0.0;0.0;0.0;105.92614193558708;0.0;;
2021-01-28 05:00:00;0.0;0.0;0.0;0.0;0.0;0.0;0.0;105.92614193558708;0.0;;
2021-01-28 06:00:00;0.0;0.0;0.0;0.0;0.0;0.0;0.0;105.92614193558708;0.0;;
2021-01-28 07:00:00;0.0;0.0;0.0;0.0;0.0;0.0;0.0;105.92614193558708;0.0;;
2021-01-28 08:00:00;0.0;0.0;0.0;0.0;0.0;0.0;0.0;105.92614193558708;0.0;;
2021-01-28 09:00:00;0.0;0.0;0.0;0.0;0.0;0.0;0.0;105.92614193558708;0.0;;
2021-01-28 10:00:00;0.0;0.0;0.0;0.0;0.0;0.0;0.0;105.92614193558708;0.0;;
2021-01-28 11:00:00;0.0;0.0;0.0;0.0;0.0;0.0;0.0;105.92614193558708;0.0;;
2021-01-28 12:00:00;0.0;0.0;0.0;0.0;0.0;0.0;0.0;105.92614193558708;0.0;;
2021-01-28 13:00:00;0.0;0.0;0.0;0.0;0.0;0.0;0.0;105.92614193558708;0.0;;
2021-01-28 14:00:00;0.0;0.0;0.0;0.0;0.0;0.0;0.0;105.92614193558708;0.0;;
2021-01-28 15:00:00;0.0;0.0;0.0;0.0;0.0;0.0;0.0;105.92614193558708;0.0;;
2021-01-28 16:00:00;0.0;0.0;0.0;0.0;0.0;0.0;0.0;105.92614193558708;0.0;;
2021-01-28 17:00:00;0.0;0.0;0.0;0.0;0.0;0.0;0.0;105.92614193558708;0.0;;
2021-01-28 18:00:00;0.0;0.0;0.0;0.0;0.0;0.0;0.0;105.92614193558708;0.0;;
2021-01-28 19:00:00;0.0;0.0;0.0;0.0;0.0;0.0;0.0;105.92614193558708;0.0;;
2021-01-28 20:00:00;0.0;0.0;0.0;0.0;0.0;0.0;0.0;105.92614193558708;0.0;;
2021-01-28 21:00:00;0.0;0.0;0.0;0.0;0.0;0.0;0.0;105.92614193558708;0.0;;
2021-01-28 22:00:00;0.0;0.0;0.0;0.0;0.0;0.0;0.0;105.92614193558708;0.0;;
2021-01-28 23:00:00;0.0;0.0;0.0;0.0;0.0;0.0;0.0;105.92614193558708;0.0;;
2021-01-29 00:00:00;0.0;0.0;0.0;0.0;0.0;0.0;0.0;105.92614193558708;0.0;;
2021-01-29 01:00:00;0.0;0.0;0.0;0.0;0.0;0.0;0.0;105.92614193558708;0.0;;
2021-01-29 02:00:00;0.0;0.0;0.0;0.0;0.0;0.0;0.0;105.92614193558708;0.0;;
2021-01-29 03:00:00;0.0;0.0;0.0;0.0;0.0;0.0;0.0;105.92614193558708;0.0;;
2021-01-29 04:00:00;0.0;0.0;0.0;0.0;0.0;0.0;0.0;105.92614193558708;0.0;;
2021-01-29 05:00:00;15.9;15.9;10.764299999999999;0.0;0.0;1.0;0.0;116.69044193558709;0.0;0.6769999999999999;
2021-01-29 06:00:00;22.344535874999963;22.344535874999963;16.164791018793675;0.0;0.0;1.0;0.0;132.85523295438077;0.0;0.7234337338319721;
2021-01-29 07:00:00;34.125841124999965;34.125841124999965;26.767602478799155;0.0;0.0;1.0;0.0;159.62283543317992;0.0;0.7843792737811729;
2021-01-29 08:00:00;52.9788;52.9788;45.5694;0.0;0.0;1.0;0.0;205.19223543317992;0.0;0.8601440576230492;
2021-01-29 09:00:00;86.3113166249999;86.3113166249999;70.87823036708728;0.0;0.0;1.0;0.0;276.0704658002672;0.0;0.8211927837346596;
2021-01-29 10:00:00;114.77488424999996;114.77488424999996;90.91413532295104;0.0;0.0;1.0;0.0;366.9846011232182;0.0;0.7921082727900993;
2021-01-29 11:00:00;147.06242475;147.06242475;121.34061074459622;0.0;0.0;1.0;0.0;488.32521186781446;0.0;0.8250959478661543;
2021-01-29 12:00:00;159.0;159.0;132.5901;0.0;0.0;1.0;0.0;620.9153118678145;0.0;0.8339000000000001;
2021-01-29 13:00:00;159.0;159.0;132.5901;0.0;0.0;1.0;0.0;753.5054118678145;0.0;0.8339000000000001;
2021-01-29 14:00:00;155.33430762499995;155.33430762499995;129.13569941004948;0.0;0.0;1.0;0.0;882.641111277864;0.0;0.8313404899695578;
2021-01-29 15:00:00;116.73405737499996;116.73405737499996;92.76038102675619;0.0;0.0;1.0;0.0;975.4014923046201;0.0;0.7946299744278569;
2021-01-29 16:00:00;64.89100024999999;64.89100024999999;49.9772219673913;0.0;0.0;1.0;0.0;1025.3787142720114;0.0;0.7701718539527569;
2021-01-29 17:00:00;36.44673087499996;36.44673087499996;29.08219402052235;0.0;0.0;1.0;0.0;1054.4609082925338;0.0;0.7979369705410482;
2021-01-29 18:00:00;43.054618249999976;43.054618249999976;35.67214954375846;0.0;0.0;1.0;0.0;1090.1330578362922;0.0;0.8285324779011013;
2021-01-29 19:00:00;52.9788;52.9788;45.5694;0.0;0.0;1.0;0.0;1135.7024578362923;0.0;0.8601440576230492;
2021-01-29 20:00:00;81.26010037499998;81.26010037499998;65.94667399718445;0.0;0.0;1.0;0.0;1201.6491318334768;0.0;0.8115504865592466;
2021-01-29 21:00:00;98.98340912499998;98.98340912499998;83.25012960786407;0.0;0.0;1.0;0.0;1284.8992614413407;0.0;0.8410513473296587;
2021-01-29 22:00:00;93.234056125;93.234056125;77.6369748731068;0.0;0.0;1.0;0.0;1362.5362363144475;0.0;0.8327104719011472;
2021-01-29 23:00:00;90.86175087499998;90.86175087499998;75.32086792223299;0.0;0.0;1.0;0.0;1437.8571042366805;0.0;0.828961220721502;
2021-01-30 00:00:00;78.86535374999994;78.86535374999994;63.608657292232955;0.0;0.0;1.0;0.0;1501.4657615289134;0.0;0.8065475429663308;
2021-01-30 01:00:00;52.9788;52.9788;45.5694;0.0;0.0;1.0;0.0;1547.0351615289135;0.0;0.8601440576230492;
2021-01-30 02:00:00;46.22433749999996;46.22433749999996;38.83326711329712;0.0;0.0;1.0;0.0;1585.8684286422106;0.0;0.8401043522429532;
2021-01-30 03:00:00;20.93920474999996;20.93920474999996;14.987130087703928;0.0;0.0;1.0;0.0;1600.8555587299145;0.0;0.7157449514745281;
2021-01-30 04:00:00;0.0;0.0;0.0;0.0;0.0;0.0;0.0;1600.8555587299145;0.0;;
2021-01-30 05:00:00;0.0;0.0;0.0;28.0;39.2;0.0;1.0;1561.6555587299144;28.0;;0.7142857142857142
2021-01-30 06:00:00;0.0;0.0;0.0;75.30679400000005;86.95155872991458;0.0;1.0;1474.704;75.30679400000005;;0.8660775620356039
2021-01-30 07:00:00;0.0;0.0;0.0;93.52000000000001;105.336;0.0;1.0;1369.368;93.52000000000001;;0.8878256246677301
2021-01-30 08:00:00;0.0;0.0;0.0;93.52000000000001;105.336;0.0;1.0;1264.032;93.52000000000001;;0.8878256246677301
2021-01-30 09:00:00;0.0;0.0;0.0;93.52000000000001;105.336;0.0;1.0;1158.696;93.52000000000001;;0.8878256246677301
2021-01-30 10:00:00;0.0;0.0;0.0;93.52000000000001;105.336;0.0;1.0;1053.36;93.52000000000001;;0.8878256246677301
2021-01-30 11:00:00;0.0;0.0;0.0;93.52000000000001;105.336;0.0;1.0;948.024;93.52000000000001;;0.8878256246677301
2021-01-30 12:00:00;0.0;0.0;0.0;93.52000000000001;105.336;0.0;1.0;842.688;93.52000000000001;;0.8878256246677301
2021-01-30 13:00:00;0.0;0.0;0.0;93.52000000000001;105.336;0.0;1.0;737.352;93.52000000000001;;0.8878256246677301
2021-01-30 14:00:00;0.0;0.0;0.0;93.52000000000001;105.336;0.0;1.0;632.016;93.52000000000001;;0.8878256246677301
2021-01-30 15:00:00;0.0;0.0;0.0;93.52000000000001;105.336;0.0;1.0;526.68;93.52000000000001;;0.8878256246677301
2021-01-30 16:00:00;0.0;0.0;0.0;93.52000000000001;105.336;0.0;1.0;421.344;93.52000000000001;;0.8878256246677301
2021-01-30 17:00:00;0.0;0.0;0.0;0.0;0.0;0.0;0.0;421.344;0.0;;
2021-01-30 18:00:00;0.0;0.0;0.0;93.52000000000001;105.336;0.0;1.0;316.008;93.52000000000001;;0.8878256246677301
2021-01-30 19:00:00;0.0;0.0;0.0;0.0;0.0;0.0;0.0;316.008;0.0;;
2021-01-30 20:00:00;0.0;0.0;0.0;93.52000000000001;105.336;0.0;1.0;210.672;93.52000000000001;;0.8878256246677301
2021-01-30 21:00:00;0.0;0.0;0.0;93.52000000000001;105.336;0.0;1.0;105.336;93.52000000000001;;0.8878256246677301
2021-01-30 22:00:00;0.0;0.0;0.0;93.52000000000001;105.336;0.0;1.0;0.0;93.52000000000001;;0.8878256246677301
2021-01-30 23:00:00;0.0;0.0;0.0;0.0;0.0;0.0;0.0;0.0;0.0;;
2021-01-31 00:00:00;0.0;0.0;0.0;0.0;0.0;0.0;0.0;0.0;0.0;;
2021-01-31 01:00:00;0.0;0.0;0.0;0.0;0.0;0.0;0.0;0.0;0.0;;
2021-01-31 02:00:00;0.0;0.0;0.0;0.0;0.0;0.0;0.0;0.0;0.0;;
2021-01-31 03:00:00;0.0;0.0;0.0;0.0;0.0;0.0;0.0;0.0;0.0;;
2021-01-31 04:00:00;0.0;0.0;0.0;0.0;0.0;0.0;0.0;0.0;0.0;;
2021-01-31 05:00:00;0.0;0.0;0.0;0.0;0.0;0.0;0.0;0.0;0.0;;
2021-01-31 06:00:00;0.0;0.0;0.0;0.0;0.0;0.0;0.0;0.0;0.0;;
2021-01-31 07:00:00;0.0;0.0;0.0;0.0;0.0;0.0;0.0;0.0;0.0;;
2021-01-31 08:00:00;0.0;0.0;0.0;0.0;0.0;0.0;0.0;0.0;0.0;;
2021-01-31 09:00:00;0.0;0.0;0.0;0.0;0.0;0.0;0.0;0.0;0.0;;
2021-01-31 10:00:00;0.0;0.0;0.0;0.0;0.0;0.0;0.0;0.0;0.0;;
2021-01-31 11:00:00;0.0;0.0;0.0;0.0;0.0;0.0;0.0;0.0;0.0;;
2021-01-31 12:00:00;0.0;0.0;0.0;0.0;0.0;0.0;0.0;0.0;0.0;;
2021-01-31 13:00:00;0.0;0.0;0.0;0.0;0.0;0.0;0.0;0.0;0.0;;
2021-01-31 14:00:00;0.0;0.0;0.0;0.0;0.0;0.0;0.0;0.0;0.0;;
2021-01-31 15:00:00;0.0;0.0;0.0;0.0;0.0;0.0;0.0;0.0;0.0;;
2021-01-31 16:00:00;0.0;0.0;0.0;0.0;0.0;0.0;0.0;0.0;0.0;;
2021-01-31 17:00:00;0.0;0.0;0.0;0.0;0.0;0.0;0.0;0.0;0.0;;
2021-01-31 18:00:00;0.0;0.0;0.0;0.0;0.0;0.0;0.0;0.0;0.0;;
2021-01-31 19:00:00;0.0;0.0;0.0;0.0;0.0;0.0;0.0;0.0;0.0;;
2021-01-31 20:00:00;0.0;0.0;0.0;0.0;0.0;0.0;0.0;0.0;0.0;;
2021-01-31 21:00:00;0.0;0.0;0.0;0.0;0.0;0.0;0.0;0.0;0.0;;
2021-01-31 22:00:00;0.0;0.0;0.0;0.0;0.0;0.0;0.0;0.0;0.0;;
2021-01-31 23:00:00;0.0;0.0;0.0;0.0;0.0;0.0;0.0;0.0;0.0;;
